Copyright 1986-2022 Xilinx, Inc. All Rights Reserved. Copyright 2022-2025 Advanced Micro Devices, Inc. All Rights Reserved.
------------------------------------------------------------------------------------------------------------------------------------------------------------------------------------------------------------------------------------------------------
| Tool Version : Vivado v.2025.2 (win64) Build 6299465 Fri Nov 14 19:35:11 GMT 2025
| Date         : Mon Jun 29 19:35:50 2026
| Host         : DESKTOP-GJH7SAM running 64-bit major release  (build 9200)
| Command      : report_timing_summary -max_paths 10 -routable_nets -report_unconstrained -file system_wrapper_timing_summary_routed.rpt -pb system_wrapper_timing_summary_routed.pb -rpx system_wrapper_timing_summary_routed.rpx -warn_on_violation
| Design       : system_wrapper
| Device       : 7z020-clg400
| Speed File   : -1  PRODUCTION 1.12 2019-11-22
| Design State : Routed
------------------------------------------------------------------------------------------------------------------------------------------------------------------------------------------------------------------------------------------------------

Timing Summary Report

------------------------------------------------------------------------------------------------
| Timer Settings
| --------------
------------------------------------------------------------------------------------------------

  Enable Multi Corner Analysis               :  Yes
  Enable Pessimism Removal                   :  Yes
  Pessimism Removal Resolution               :  Nearest Common Node
  Enable Input Delay Default Clock           :  No
  Enable Preset / Clear Arcs                 :  No
  Disable Flight Delays                      :  No
  Ignore I/O Paths                           :  No
  Timing Early Launch at Borrowing Latches   :  No
  Borrow Time for Max Delay Exceptions       :  Yes
  Merge Timing Exceptions                    :  Yes
  Inter-SLR Compensation                     :  Conservative

  Corner  Analyze    Analyze    
  Name    Max Paths  Min Paths  
  ------  ---------  ---------  
  Slow    Yes        Yes        
  Fast    Yes        Yes        


------------------------------------------------------------------------------------------------
| Report Methodology
| ------------------
------------------------------------------------------------------------------------------------

Rule       Severity          Description                                         Violations  
---------  ----------------  --------------------------------------------------  ----------  
TIMING-4   Critical Warning  Invalid primary clock redefinition on a clock tree  1           
TIMING-27  Critical Warning  Invalid primary clock on hierarchical pin           1           
TIMING-18  Warning           Missing input or output delay                       4           
XDCB-5     Warning           Runtime inefficient way to find pin objects         1           

Note: This report is based on the most recent report_methodology run and may not be up-to-date. Run report_methodology on the current design for the latest report.



check_timing report

Table of Contents
-----------------
1. checking no_clock (0)
2. checking constant_clock (0)
3. checking pulse_width_clock (0)
4. checking unconstrained_internal_endpoints (0)
5. checking no_input_delay (4)
6. checking no_output_delay (4)
7. checking multiple_clock (0)
8. checking generated_clocks (0)
9. checking loops (0)
10. checking partial_input_delay (0)
11. checking partial_output_delay (0)
12. checking latch_loops (0)

1. checking no_clock (0)
------------------------
 There are 0 register/latch pins with no clock.


2. checking constant_clock (0)
------------------------------
 There are 0 register/latch pins with constant_clock.


3. checking pulse_width_clock (0)
---------------------------------
 There are 0 register/latch pins which need pulse_width check


4. checking unconstrained_internal_endpoints (0)
------------------------------------------------
 There are 0 pins that are not constrained for maximum delay.

 There are 0 pins that are not constrained for maximum delay due to constant clock.


5. checking no_input_delay (4)
------------------------------
 There are 4 input ports with no input delay specified. (HIGH)

 There are 0 input ports with no input delay but user has a false path constraint.


6. checking no_output_delay (4)
-------------------------------
 There are 4 ports with no output delay specified. (HIGH)

 There are 0 ports with no output delay but user has a false path constraint

 There are 0 ports with no output delay but with a timing clock defined on it or propagating through it


7. checking multiple_clock (0)
------------------------------
 There are 0 register/latch pins with multiple clocks.


8. checking generated_clocks (0)
--------------------------------
 There are 0 generated clocks that are not connected to a clock source.


9. checking loops (0)
---------------------
 There are 0 combinational loops in the design.


10. checking partial_input_delay (0)
------------------------------------
 There are 0 input ports with partial input delay specified.


11. checking partial_output_delay (0)
-------------------------------------
 There are 0 ports with partial output delay specified.


12. checking latch_loops (0)
----------------------------
 There are 0 combinational latch loops in the design through latch input



------------------------------------------------------------------------------------------------
| Design Timing Summary
| ---------------------
------------------------------------------------------------------------------------------------

    WNS(ns)      TNS(ns)  TNS Failing Endpoints  TNS Total Endpoints      WHS(ns)      THS(ns)  THS Failing Endpoints  THS Total Endpoints     WPWS(ns)     TPWS(ns)  TPWS Failing Endpoints  TPWS Total Endpoints  
    -------      -------  ---------------------  -------------------      -------      -------  ---------------------  -------------------     --------     --------  ----------------------  --------------------  
      2.818        0.000                      0                 8532        0.029        0.000                      0                 8482        3.000        0.000                       0                  3623  


All user specified timing constraints are met.


------------------------------------------------------------------------------------------------
| Clock Summary
| -------------
------------------------------------------------------------------------------------------------

Clock                            Waveform(ns)         Period(ns)      Frequency(MHz)
-----                            ------------         ----------      --------------
clk_fpga_0                       {0.000 5.000}        10.000          100.000         
system_i/clk_wiz_0/inst/clk_in1  {0.000 5.000}        10.000          100.000         
  clk_out1_system_clk_wiz_0_0    {0.000 19.858}       39.716          25.179          
  clk_out2_system_clk_wiz_0_0    {0.000 3.972}        7.943           125.893         
  clkfbout_system_clk_wiz_0_0    {0.000 10.000}       20.000          50.000          


------------------------------------------------------------------------------------------------
| Intra Clock Table
| -----------------
------------------------------------------------------------------------------------------------

Clock                                WNS(ns)      TNS(ns)  TNS Failing Endpoints  TNS Total Endpoints      WHS(ns)      THS(ns)  THS Failing Endpoints  THS Total Endpoints     WPWS(ns)     TPWS(ns)  TPWS Failing Endpoints  TPWS Total Endpoints  
-----                                -------      -------  ---------------------  -------------------      -------      -------  ---------------------  -------------------     --------     --------  ----------------------  --------------------  
clk_fpga_0                             2.818        0.000                      0                 7428        0.029        0.000                      0                 7428        3.750        0.000                       0                  2982  
system_i/clk_wiz_0/inst/clk_in1                                                                                                                                                    3.000        0.000                       0                     1  
  clk_out1_system_clk_wiz_0_0         32.649        0.000                      0                 1054        0.083        0.000                      0                 1054       18.878        0.000                       0                   627  
  clk_out2_system_clk_wiz_0_0                                                                                                                                                      5.788        0.000                       0                    10  
  clkfbout_system_clk_wiz_0_0                                                                                                                                                     17.845        0.000                       0                     3  


------------------------------------------------------------------------------------------------
| Inter Clock Table
| -----------------
------------------------------------------------------------------------------------------------

From Clock                   To Clock                         WNS(ns)      TNS(ns)  TNS Failing Endpoints  TNS Total Endpoints      WHS(ns)      THS(ns)  THS Failing Endpoints  THS Total Endpoints  
----------                   --------                         -------      -------  ---------------------  -------------------      -------      -------  ---------------------  -------------------  
clk_out1_system_clk_wiz_0_0  clk_fpga_0                        38.219        0.000                      0                   25                                                                        
clk_fpga_0                   clk_out1_system_clk_wiz_0_0        8.445        0.000                      0                   25                                                                        


------------------------------------------------------------------------------------------------
| Other Path Groups Table
| -----------------------
------------------------------------------------------------------------------------------------

Path Group    From Clock    To Clock          WNS(ns)      TNS(ns)  TNS Failing Endpoints  TNS Total Endpoints      WHS(ns)      THS(ns)  THS Failing Endpoints  THS Total Endpoints  
----------    ----------    --------          -------      -------  ---------------------  -------------------      -------      -------  ---------------------  -------------------  


------------------------------------------------------------------------------------------------
| User Ignored Path Table
| -----------------------
------------------------------------------------------------------------------------------------

Path Group                   From Clock                   To Clock                   
----------                   ----------                   --------                   
(none)                                                    clk_fpga_0                   
(none)                       clk_fpga_0                   clk_fpga_0                   
(none)                       clk_out1_system_clk_wiz_0_0  clk_fpga_0                   
(none)                                                    clk_out1_system_clk_wiz_0_0  
(none)                       clk_fpga_0                   clk_out1_system_clk_wiz_0_0  


------------------------------------------------------------------------------------------------
| Unconstrained Path Table
| ------------------------
------------------------------------------------------------------------------------------------

Path Group                   From Clock                   To Clock                   
----------                   ----------                   --------                   
(none)                       clk_out2_system_clk_wiz_0_0                               
(none)                                                    clk_fpga_0                   
(none)                                                    clk_out1_system_clk_wiz_0_0  


------------------------------------------------------------------------------------------------
| Timing Details
| --------------
------------------------------------------------------------------------------------------------


---------------------------------------------------------------------------------------------------
From Clock:  clk_fpga_0
  To Clock:  clk_fpga_0

Setup :            0  Failing Endpoints,  Worst Slack        2.818ns,  Total Violation        0.000ns
Hold  :            0  Failing Endpoints,  Worst Slack        0.029ns,  Total Violation        0.000ns
PW    :            0  Failing Endpoints,  Worst Slack        3.750ns,  Total Violation        0.000ns
---------------------------------------------------------------------------------------------------


Max Delay Paths
--------------------------------------------------------------------------------------
Slack (MET) :             2.818ns  (required time - arrival time)
  Source:                 system_i/ps7_0_axi_periph/inst/s00_entry_pipeline/s00_mmu/inst/aw_reg_stall/m_vector_i_reg[1027]/C
                            (rising edge-triggered cell FDRE clocked by clk_fpga_0  {rise@0.000ns fall@5.000ns period=10.000ns})
  Destination:            system_i/ps7_0_axi_periph/inst/s00_entry_pipeline/s00_si_converter/inst/gen_axilite_conv.axilite_conv_inst/aw_addr_reg[4]/D
                            (rising edge-triggered cell FDRE clocked by clk_fpga_0  {rise@0.000ns fall@5.000ns period=10.000ns})
  Path Group:             clk_fpga_0
  Path Type:              Setup (Max at Slow Process Corner)
  Requirement:            10.000ns  (clk_fpga_0 rise@10.000ns - clk_fpga_0 rise@0.000ns)
  Data Path Delay:        7.030ns  (logic 2.541ns (36.143%)  route 4.489ns (63.857%))
  Logic Levels:           9  (CARRY4=2 LUT2=2 LUT4=3 LUT5=1 LUT6=1)
  Clock Path Skew:        -0.028ns (DCD - SCD + CPR)
    Destination Clock Delay (DCD):    2.702ns = ( 12.702 - 10.000 ) 
    Source Clock Delay      (SCD):    2.994ns
    Clock Pessimism Removal (CPR):    0.264ns
  Clock Uncertainty:      0.154ns  ((TSJ^2 + TIJ^2)^1/2 + DJ) / 2 + PE
    Total System Jitter     (TSJ):    0.071ns
    Total Input Jitter      (TIJ):    0.300ns
    Discrete Jitter          (DJ):    0.000ns
    Phase Error              (PE):    0.000ns

    Location             Delay type                Incr(ns)  Path(ns)    Netlist Resource(s)
  -------------------------------------------------------------------    -------------------
                         (clock clk_fpga_0 rise edge)
                                                      0.000     0.000 r  
    PS7_X0Y0             PS7                          0.000     0.000 r  system_i/processing_system7_0/inst/PS7_i/FCLKCLK[0]
                         net (fo=1, routed)           1.193     1.193    system_i/processing_system7_0/inst/FCLK_CLK_unbuffered[0]
    BUFGCTRL_X0Y16       BUFG (Prop_bufg_I_O)         0.101     1.294 r  system_i/processing_system7_0/inst/buffer_fclk_clk_0.FCLK_CLK_0_BUFG/O
                         net (fo=2984, routed)        1.700     2.994    system_i/ps7_0_axi_periph/inst/s00_entry_pipeline/s00_mmu/inst/aw_reg_stall/aclk
    SLICE_X28Y99         FDRE                                         r  system_i/ps7_0_axi_periph/inst/s00_entry_pipeline/s00_mmu/inst/aw_reg_stall/m_vector_i_reg[1027]/C
  -------------------------------------------------------------------    -------------------
    SLICE_X28Y99         FDRE (Prop_fdre_C_Q)         0.456     3.450 f  system_i/ps7_0_axi_periph/inst/s00_entry_pipeline/s00_mmu/inst/aw_reg_stall/m_vector_i_reg[1027]/Q
                         net (fo=20, routed)          1.146     4.596    system_i/ps7_0_axi_periph/inst/s00_entry_pipeline/s00_si_converter/inst/gen_axilite_conv.axilite_conv_inst/s_axi_awsize[1]
    SLICE_X30Y89         LUT2 (Prop_lut2_I1_O)        0.150     4.746 f  system_i/ps7_0_axi_periph/inst/s00_entry_pipeline/s00_si_converter/inst/gen_axilite_conv.axilite_conv_inst/aw_addr[5]_i_3/O
                         net (fo=2, routed)           0.595     5.341    system_i/ps7_0_axi_periph/inst/s00_entry_pipeline/s00_si_converter/inst/gen_axilite_conv.axilite_conv_inst/aw_addr[5]_i_3_n_0
    SLICE_X31Y91         LUT4 (Prop_lut4_I0_O)        0.348     5.689 r  system_i/ps7_0_axi_periph/inst/s00_entry_pipeline/s00_si_converter/inst/gen_axilite_conv.axilite_conv_inst/aw_addr[5]_i_2/O
                         net (fo=3, routed)           0.611     6.300    system_i/ps7_0_axi_periph/inst/s00_entry_pipeline/s00_si_converter/inst/gen_axilite_conv.axilite_conv_inst/wrap_awaddr[5]
    SLICE_X29Y91         LUT2 (Prop_lut2_I0_O)        0.124     6.424 r  system_i/ps7_0_axi_periph/inst/s00_entry_pipeline/s00_si_converter/inst/gen_axilite_conv.axilite_conv_inst/aw_addr[8]_i_28/O
                         net (fo=1, routed)           0.000     6.424    system_i/ps7_0_axi_periph/inst/s00_entry_pipeline/s00_si_converter/inst/gen_axilite_conv.axilite_conv_inst/aw_addr[8]_i_28_n_0
    SLICE_X29Y91         CARRY4 (Prop_carry4_S[1]_CO[3])
                                                      0.550     6.974 r  system_i/ps7_0_axi_periph/inst/s00_entry_pipeline/s00_si_converter/inst/gen_axilite_conv.axilite_conv_inst/aw_addr_reg[8]_i_18/CO[3]
                         net (fo=1, routed)           0.000     6.974    system_i/ps7_0_axi_periph/inst/s00_entry_pipeline/s00_si_converter/inst/gen_axilite_conv.axilite_conv_inst/aw_addr_reg[8]_i_18_n_0
    SLICE_X29Y92         CARRY4 (Prop_carry4_CI_O[2])
                                                      0.239     7.213 r  system_i/ps7_0_axi_periph/inst/s00_entry_pipeline/s00_si_converter/inst/gen_axilite_conv.axilite_conv_inst/aw_addr_reg[8]_i_17/O[2]
                         net (fo=1, routed)           0.354     7.566    system_i/ps7_0_axi_periph/inst/s00_entry_pipeline/s00_si_converter/inst/gen_axilite_conv.axilite_conv_inst/wrap_awaddr_limit[10]
    SLICE_X28Y92         LUT4 (Prop_lut4_I0_O)        0.302     7.868 f  system_i/ps7_0_axi_periph/inst/s00_entry_pipeline/s00_si_converter/inst/gen_axilite_conv.axilite_conv_inst/aw_addr[8]_i_22/O
                         net (fo=1, routed)           0.488     8.357    system_i/ps7_0_axi_periph/inst/s00_entry_pipeline/s00_si_converter/inst/gen_axilite_conv.axilite_conv_inst/aw_addr[8]_i_22_n_0
    SLICE_X28Y92         LUT5 (Prop_lut5_I4_O)        0.124     8.481 f  system_i/ps7_0_axi_periph/inst/s00_entry_pipeline/s00_si_converter/inst/gen_axilite_conv.axilite_conv_inst/aw_addr[8]_i_14/O
                         net (fo=1, routed)           0.600     9.080    system_i/ps7_0_axi_periph/inst/s00_entry_pipeline/s00_si_converter/inst/gen_axilite_conv.axilite_conv_inst/aw_addr[8]_i_14_n_0
    SLICE_X31Y90         LUT4 (Prop_lut4_I3_O)        0.124     9.204 r  system_i/ps7_0_axi_periph/inst/s00_entry_pipeline/s00_si_converter/inst/gen_axilite_conv.axilite_conv_inst/aw_addr[8]_i_7/O
                         net (fo=12, routed)          0.696     9.900    system_i/ps7_0_axi_periph/inst/s00_entry_pipeline/s00_si_converter/inst/gen_axilite_conv.axilite_conv_inst/aw_addr[8]_i_7_n_0
    SLICE_X28Y90         LUT6 (Prop_lut6_I1_O)        0.124    10.024 r  system_i/ps7_0_axi_periph/inst/s00_entry_pipeline/s00_si_converter/inst/gen_axilite_conv.axilite_conv_inst/aw_addr[4]_i_1/O
                         net (fo=1, routed)           0.000    10.024    system_i/ps7_0_axi_periph/inst/s00_entry_pipeline/s00_si_converter/inst/gen_axilite_conv.axilite_conv_inst/aw_addr[4]
    SLICE_X28Y90         FDRE                                         r  system_i/ps7_0_axi_periph/inst/s00_entry_pipeline/s00_si_converter/inst/gen_axilite_conv.axilite_conv_inst/aw_addr_reg[4]/D
  -------------------------------------------------------------------    -------------------

                         (clock clk_fpga_0 rise edge)
                                                     10.000    10.000 r  
    PS7_X0Y0             PS7                          0.000    10.000 r  system_i/processing_system7_0/inst/PS7_i/FCLKCLK[0]
                         net (fo=1, routed)           1.088    11.088    system_i/processing_system7_0/inst/FCLK_CLK_unbuffered[0]
    BUFGCTRL_X0Y16       BUFG (Prop_bufg_I_O)         0.091    11.179 r  system_i/processing_system7_0/inst/buffer_fclk_clk_0.FCLK_CLK_0_BUFG/O
                         net (fo=2984, routed)        1.523    12.702    system_i/ps7_0_axi_periph/inst/s00_entry_pipeline/s00_si_converter/inst/gen_axilite_conv.axilite_conv_inst/aclk
    SLICE_X28Y90         FDRE                                         r  system_i/ps7_0_axi_periph/inst/s00_entry_pipeline/s00_si_converter/inst/gen_axilite_conv.axilite_conv_inst/aw_addr_reg[4]/C
                         clock pessimism              0.264    12.966    
                         clock uncertainty           -0.154    12.812    
    SLICE_X28Y90         FDRE (Setup_fdre_C_D)        0.031    12.843    system_i/ps7_0_axi_periph/inst/s00_entry_pipeline/s00_si_converter/inst/gen_axilite_conv.axilite_conv_inst/aw_addr_reg[4]
  -------------------------------------------------------------------
                         required time                         12.843    
                         arrival time                         -10.024    
  -------------------------------------------------------------------
                         slack                                  2.818    

Slack (MET) :             2.890ns  (required time - arrival time)
  Source:                 system_i/ps7_0_axi_periph/inst/s00_entry_pipeline/s00_mmu/inst/aw_reg_stall/m_vector_i_reg[1027]/C
                            (rising edge-triggered cell FDRE clocked by clk_fpga_0  {rise@0.000ns fall@5.000ns period=10.000ns})
  Destination:            system_i/ps7_0_axi_periph/inst/s00_entry_pipeline/s00_si_converter/inst/gen_axilite_conv.axilite_conv_inst/aw_addr_reg[9]/D
                            (rising edge-triggered cell FDRE clocked by clk_fpga_0  {rise@0.000ns fall@5.000ns period=10.000ns})
  Path Group:             clk_fpga_0
  Path Type:              Setup (Max at Slow Process Corner)
  Requirement:            10.000ns  (clk_fpga_0 rise@10.000ns - clk_fpga_0 rise@0.000ns)
  Data Path Delay:        6.961ns  (logic 2.541ns (36.503%)  route 4.420ns (63.497%))
  Logic Levels:           9  (CARRY4=2 LUT2=2 LUT4=3 LUT5=2)
  Clock Path Skew:        -0.026ns (DCD - SCD + CPR)
    Destination Clock Delay (DCD):    2.704ns = ( 12.704 - 10.000 ) 
    Source Clock Delay      (SCD):    2.994ns
    Clock Pessimism Removal (CPR):    0.264ns
  Clock Uncertainty:      0.154ns  ((TSJ^2 + TIJ^2)^1/2 + DJ) / 2 + PE
    Total System Jitter     (TSJ):    0.071ns
    Total Input Jitter      (TIJ):    0.300ns
    Discrete Jitter          (DJ):    0.000ns
    Phase Error              (PE):    0.000ns

    Location             Delay type                Incr(ns)  Path(ns)    Netlist Resource(s)
  -------------------------------------------------------------------    -------------------
                         (clock clk_fpga_0 rise edge)
                                                      0.000     0.000 r  
    PS7_X0Y0             PS7                          0.000     0.000 r  system_i/processing_system7_0/inst/PS7_i/FCLKCLK[0]
                         net (fo=1, routed)           1.193     1.193    system_i/processing_system7_0/inst/FCLK_CLK_unbuffered[0]
    BUFGCTRL_X0Y16       BUFG (Prop_bufg_I_O)         0.101     1.294 r  system_i/processing_system7_0/inst/buffer_fclk_clk_0.FCLK_CLK_0_BUFG/O
                         net (fo=2984, routed)        1.700     2.994    system_i/ps7_0_axi_periph/inst/s00_entry_pipeline/s00_mmu/inst/aw_reg_stall/aclk
    SLICE_X28Y99         FDRE                                         r  system_i/ps7_0_axi_periph/inst/s00_entry_pipeline/s00_mmu/inst/aw_reg_stall/m_vector_i_reg[1027]/C
  -------------------------------------------------------------------    -------------------
    SLICE_X28Y99         FDRE (Prop_fdre_C_Q)         0.456     3.450 f  system_i/ps7_0_axi_periph/inst/s00_entry_pipeline/s00_mmu/inst/aw_reg_stall/m_vector_i_reg[1027]/Q
                         net (fo=20, routed)          1.146     4.596    system_i/ps7_0_axi_periph/inst/s00_entry_pipeline/s00_si_converter/inst/gen_axilite_conv.axilite_conv_inst/s_axi_awsize[1]
    SLICE_X30Y89         LUT2 (Prop_lut2_I1_O)        0.150     4.746 f  system_i/ps7_0_axi_periph/inst/s00_entry_pipeline/s00_si_converter/inst/gen_axilite_conv.axilite_conv_inst/aw_addr[5]_i_3/O
                         net (fo=2, routed)           0.595     5.341    system_i/ps7_0_axi_periph/inst/s00_entry_pipeline/s00_si_converter/inst/gen_axilite_conv.axilite_conv_inst/aw_addr[5]_i_3_n_0
    SLICE_X31Y91         LUT4 (Prop_lut4_I0_O)        0.348     5.689 r  system_i/ps7_0_axi_periph/inst/s00_entry_pipeline/s00_si_converter/inst/gen_axilite_conv.axilite_conv_inst/aw_addr[5]_i_2/O
                         net (fo=3, routed)           0.611     6.300    system_i/ps7_0_axi_periph/inst/s00_entry_pipeline/s00_si_converter/inst/gen_axilite_conv.axilite_conv_inst/wrap_awaddr[5]
    SLICE_X29Y91         LUT2 (Prop_lut2_I0_O)        0.124     6.424 r  system_i/ps7_0_axi_periph/inst/s00_entry_pipeline/s00_si_converter/inst/gen_axilite_conv.axilite_conv_inst/aw_addr[8]_i_28/O
                         net (fo=1, routed)           0.000     6.424    system_i/ps7_0_axi_periph/inst/s00_entry_pipeline/s00_si_converter/inst/gen_axilite_conv.axilite_conv_inst/aw_addr[8]_i_28_n_0
    SLICE_X29Y91         CARRY4 (Prop_carry4_S[1]_CO[3])
                                                      0.550     6.974 r  system_i/ps7_0_axi_periph/inst/s00_entry_pipeline/s00_si_converter/inst/gen_axilite_conv.axilite_conv_inst/aw_addr_reg[8]_i_18/CO[3]
                         net (fo=1, routed)           0.000     6.974    system_i/ps7_0_axi_periph/inst/s00_entry_pipeline/s00_si_converter/inst/gen_axilite_conv.axilite_conv_inst/aw_addr_reg[8]_i_18_n_0
    SLICE_X29Y92         CARRY4 (Prop_carry4_CI_O[2])
                                                      0.239     7.213 r  system_i/ps7_0_axi_periph/inst/s00_entry_pipeline/s00_si_converter/inst/gen_axilite_conv.axilite_conv_inst/aw_addr_reg[8]_i_17/O[2]
                         net (fo=1, routed)           0.354     7.566    system_i/ps7_0_axi_periph/inst/s00_entry_pipeline/s00_si_converter/inst/gen_axilite_conv.axilite_conv_inst/wrap_awaddr_limit[10]
    SLICE_X28Y92         LUT4 (Prop_lut4_I0_O)        0.302     7.868 f  system_i/ps7_0_axi_periph/inst/s00_entry_pipeline/s00_si_converter/inst/gen_axilite_conv.axilite_conv_inst/aw_addr[8]_i_22/O
                         net (fo=1, routed)           0.488     8.357    system_i/ps7_0_axi_periph/inst/s00_entry_pipeline/s00_si_converter/inst/gen_axilite_conv.axilite_conv_inst/aw_addr[8]_i_22_n_0
    SLICE_X28Y92         LUT5 (Prop_lut5_I4_O)        0.124     8.481 f  system_i/ps7_0_axi_periph/inst/s00_entry_pipeline/s00_si_converter/inst/gen_axilite_conv.axilite_conv_inst/aw_addr[8]_i_14/O
                         net (fo=1, routed)           0.600     9.080    system_i/ps7_0_axi_periph/inst/s00_entry_pipeline/s00_si_converter/inst/gen_axilite_conv.axilite_conv_inst/aw_addr[8]_i_14_n_0
    SLICE_X31Y90         LUT4 (Prop_lut4_I3_O)        0.124     9.204 r  system_i/ps7_0_axi_periph/inst/s00_entry_pipeline/s00_si_converter/inst/gen_axilite_conv.axilite_conv_inst/aw_addr[8]_i_7/O
                         net (fo=12, routed)          0.627     9.831    system_i/ps7_0_axi_periph/inst/s00_entry_pipeline/s00_si_converter/inst/gen_axilite_conv.axilite_conv_inst/aw_addr[8]_i_7_n_0
    SLICE_X31Y93         LUT5 (Prop_lut5_I1_O)        0.124     9.955 r  system_i/ps7_0_axi_periph/inst/s00_entry_pipeline/s00_si_converter/inst/gen_axilite_conv.axilite_conv_inst/aw_addr[9]_i_1/O
                         net (fo=1, routed)           0.000     9.955    system_i/ps7_0_axi_periph/inst/s00_entry_pipeline/s00_si_converter/inst/gen_axilite_conv.axilite_conv_inst/aw_addr[9]
    SLICE_X31Y93         FDRE                                         r  system_i/ps7_0_axi_periph/inst/s00_entry_pipeline/s00_si_converter/inst/gen_axilite_conv.axilite_conv_inst/aw_addr_reg[9]/D
  -------------------------------------------------------------------    -------------------

                         (clock clk_fpga_0 rise edge)
                                                     10.000    10.000 r  
    PS7_X0Y0             PS7                          0.000    10.000 r  system_i/processing_system7_0/inst/PS7_i/FCLKCLK[0]
                         net (fo=1, routed)           1.088    11.088    system_i/processing_system7_0/inst/FCLK_CLK_unbuffered[0]
    BUFGCTRL_X0Y16       BUFG (Prop_bufg_I_O)         0.091    11.179 r  system_i/processing_system7_0/inst/buffer_fclk_clk_0.FCLK_CLK_0_BUFG/O
                         net (fo=2984, routed)        1.525    12.704    system_i/ps7_0_axi_periph/inst/s00_entry_pipeline/s00_si_converter/inst/gen_axilite_conv.axilite_conv_inst/aclk
    SLICE_X31Y93         FDRE                                         r  system_i/ps7_0_axi_periph/inst/s00_entry_pipeline/s00_si_converter/inst/gen_axilite_conv.axilite_conv_inst/aw_addr_reg[9]/C
                         clock pessimism              0.264    12.968    
                         clock uncertainty           -0.154    12.814    
    SLICE_X31Y93         FDRE (Setup_fdre_C_D)        0.031    12.845    system_i/ps7_0_axi_periph/inst/s00_entry_pipeline/s00_si_converter/inst/gen_axilite_conv.axilite_conv_inst/aw_addr_reg[9]
  -------------------------------------------------------------------
                         required time                         12.845    
                         arrival time                          -9.955    
  -------------------------------------------------------------------
                         slack                                  2.890    

Slack (MET) :             2.987ns  (required time - arrival time)
  Source:                 system_i/ps7_0_axi_periph/inst/s00_entry_pipeline/s00_mmu/inst/aw_reg_stall/m_vector_i_reg[1027]/C
                            (rising edge-triggered cell FDRE clocked by clk_fpga_0  {rise@0.000ns fall@5.000ns period=10.000ns})
  Destination:            system_i/ps7_0_axi_periph/inst/s00_entry_pipeline/s00_si_converter/inst/gen_axilite_conv.axilite_conv_inst/aw_addr_reg[11]/D
                            (rising edge-triggered cell FDRE clocked by clk_fpga_0  {rise@0.000ns fall@5.000ns period=10.000ns})
  Path Group:             clk_fpga_0
  Path Type:              Setup (Max at Slow Process Corner)
  Requirement:            10.000ns  (clk_fpga_0 rise@10.000ns - clk_fpga_0 rise@0.000ns)
  Data Path Delay:        6.862ns  (logic 2.541ns (37.029%)  route 4.321ns (62.971%))
  Logic Levels:           9  (CARRY4=2 LUT2=2 LUT4=3 LUT5=2)
  Clock Path Skew:        -0.026ns (DCD - SCD + CPR)
    Destination Clock Delay (DCD):    2.704ns = ( 12.704 - 10.000 ) 
    Source Clock Delay      (SCD):    2.994ns
    Clock Pessimism Removal (CPR):    0.264ns
  Clock Uncertainty:      0.154ns  ((TSJ^2 + TIJ^2)^1/2 + DJ) / 2 + PE
    Total System Jitter     (TSJ):    0.071ns
    Total Input Jitter      (TIJ):    0.300ns
    Discrete Jitter          (DJ):    0.000ns
    Phase Error              (PE):    0.000ns

    Location             Delay type                Incr(ns)  Path(ns)    Netlist Resource(s)
  -------------------------------------------------------------------    -------------------
                         (clock clk_fpga_0 rise edge)
                                                      0.000     0.000 r  
    PS7_X0Y0             PS7                          0.000     0.000 r  system_i/processing_system7_0/inst/PS7_i/FCLKCLK[0]
                         net (fo=1, routed)           1.193     1.193    system_i/processing_system7_0/inst/FCLK_CLK_unbuffered[0]
    BUFGCTRL_X0Y16       BUFG (Prop_bufg_I_O)         0.101     1.294 r  system_i/processing_system7_0/inst/buffer_fclk_clk_0.FCLK_CLK_0_BUFG/O
                         net (fo=2984, routed)        1.700     2.994    system_i/ps7_0_axi_periph/inst/s00_entry_pipeline/s00_mmu/inst/aw_reg_stall/aclk
    SLICE_X28Y99         FDRE                                         r  system_i/ps7_0_axi_periph/inst/s00_entry_pipeline/s00_mmu/inst/aw_reg_stall/m_vector_i_reg[1027]/C
  -------------------------------------------------------------------    -------------------
    SLICE_X28Y99         FDRE (Prop_fdre_C_Q)         0.456     3.450 f  system_i/ps7_0_axi_periph/inst/s00_entry_pipeline/s00_mmu/inst/aw_reg_stall/m_vector_i_reg[1027]/Q
                         net (fo=20, routed)          1.146     4.596    system_i/ps7_0_axi_periph/inst/s00_entry_pipeline/s00_si_converter/inst/gen_axilite_conv.axilite_conv_inst/s_axi_awsize[1]
    SLICE_X30Y89         LUT2 (Prop_lut2_I1_O)        0.150     4.746 f  system_i/ps7_0_axi_periph/inst/s00_entry_pipeline/s00_si_converter/inst/gen_axilite_conv.axilite_conv_inst/aw_addr[5]_i_3/O
                         net (fo=2, routed)           0.595     5.341    system_i/ps7_0_axi_periph/inst/s00_entry_pipeline/s00_si_converter/inst/gen_axilite_conv.axilite_conv_inst/aw_addr[5]_i_3_n_0
    SLICE_X31Y91         LUT4 (Prop_lut4_I0_O)        0.348     5.689 r  system_i/ps7_0_axi_periph/inst/s00_entry_pipeline/s00_si_converter/inst/gen_axilite_conv.axilite_conv_inst/aw_addr[5]_i_2/O
                         net (fo=3, routed)           0.611     6.300    system_i/ps7_0_axi_periph/inst/s00_entry_pipeline/s00_si_converter/inst/gen_axilite_conv.axilite_conv_inst/wrap_awaddr[5]
    SLICE_X29Y91         LUT2 (Prop_lut2_I0_O)        0.124     6.424 r  system_i/ps7_0_axi_periph/inst/s00_entry_pipeline/s00_si_converter/inst/gen_axilite_conv.axilite_conv_inst/aw_addr[8]_i_28/O
                         net (fo=1, routed)           0.000     6.424    system_i/ps7_0_axi_periph/inst/s00_entry_pipeline/s00_si_converter/inst/gen_axilite_conv.axilite_conv_inst/aw_addr[8]_i_28_n_0
    SLICE_X29Y91         CARRY4 (Prop_carry4_S[1]_CO[3])
                                                      0.550     6.974 r  system_i/ps7_0_axi_periph/inst/s00_entry_pipeline/s00_si_converter/inst/gen_axilite_conv.axilite_conv_inst/aw_addr_reg[8]_i_18/CO[3]
                         net (fo=1, routed)           0.000     6.974    system_i/ps7_0_axi_periph/inst/s00_entry_pipeline/s00_si_converter/inst/gen_axilite_conv.axilite_conv_inst/aw_addr_reg[8]_i_18_n_0
    SLICE_X29Y92         CARRY4 (Prop_carry4_CI_O[2])
                                                      0.239     7.213 r  system_i/ps7_0_axi_periph/inst/s00_entry_pipeline/s00_si_converter/inst/gen_axilite_conv.axilite_conv_inst/aw_addr_reg[8]_i_17/O[2]
                         net (fo=1, routed)           0.354     7.566    system_i/ps7_0_axi_periph/inst/s00_entry_pipeline/s00_si_converter/inst/gen_axilite_conv.axilite_conv_inst/wrap_awaddr_limit[10]
    SLICE_X28Y92         LUT4 (Prop_lut4_I0_O)        0.302     7.868 f  system_i/ps7_0_axi_periph/inst/s00_entry_pipeline/s00_si_converter/inst/gen_axilite_conv.axilite_conv_inst/aw_addr[8]_i_22/O
                         net (fo=1, routed)           0.488     8.357    system_i/ps7_0_axi_periph/inst/s00_entry_pipeline/s00_si_converter/inst/gen_axilite_conv.axilite_conv_inst/aw_addr[8]_i_22_n_0
    SLICE_X28Y92         LUT5 (Prop_lut5_I4_O)        0.124     8.481 f  system_i/ps7_0_axi_periph/inst/s00_entry_pipeline/s00_si_converter/inst/gen_axilite_conv.axilite_conv_inst/aw_addr[8]_i_14/O
                         net (fo=1, routed)           0.600     9.080    system_i/ps7_0_axi_periph/inst/s00_entry_pipeline/s00_si_converter/inst/gen_axilite_conv.axilite_conv_inst/aw_addr[8]_i_14_n_0
    SLICE_X31Y90         LUT4 (Prop_lut4_I3_O)        0.124     9.204 r  system_i/ps7_0_axi_periph/inst/s00_entry_pipeline/s00_si_converter/inst/gen_axilite_conv.axilite_conv_inst/aw_addr[8]_i_7/O
                         net (fo=12, routed)          0.528     9.732    system_i/ps7_0_axi_periph/inst/s00_entry_pipeline/s00_si_converter/inst/gen_axilite_conv.axilite_conv_inst/aw_addr[8]_i_7_n_0
    SLICE_X31Y93         LUT5 (Prop_lut5_I0_O)        0.124     9.856 r  system_i/ps7_0_axi_periph/inst/s00_entry_pipeline/s00_si_converter/inst/gen_axilite_conv.axilite_conv_inst/aw_addr[11]_i_1/O
                         net (fo=1, routed)           0.000     9.856    system_i/ps7_0_axi_periph/inst/s00_entry_pipeline/s00_si_converter/inst/gen_axilite_conv.axilite_conv_inst/aw_addr[11]
    SLICE_X31Y93         FDRE                                         r  system_i/ps7_0_axi_periph/inst/s00_entry_pipeline/s00_si_converter/inst/gen_axilite_conv.axilite_conv_inst/aw_addr_reg[11]/D
  -------------------------------------------------------------------    -------------------

                         (clock clk_fpga_0 rise edge)
                                                     10.000    10.000 r  
    PS7_X0Y0             PS7                          0.000    10.000 r  system_i/processing_system7_0/inst/PS7_i/FCLKCLK[0]
                         net (fo=1, routed)           1.088    11.088    system_i/processing_system7_0/inst/FCLK_CLK_unbuffered[0]
    BUFGCTRL_X0Y16       BUFG (Prop_bufg_I_O)         0.091    11.179 r  system_i/processing_system7_0/inst/buffer_fclk_clk_0.FCLK_CLK_0_BUFG/O
                         net (fo=2984, routed)        1.525    12.704    system_i/ps7_0_axi_periph/inst/s00_entry_pipeline/s00_si_converter/inst/gen_axilite_conv.axilite_conv_inst/aclk
    SLICE_X31Y93         FDRE                                         r  system_i/ps7_0_axi_periph/inst/s00_entry_pipeline/s00_si_converter/inst/gen_axilite_conv.axilite_conv_inst/aw_addr_reg[11]/C
                         clock pessimism              0.264    12.968    
                         clock uncertainty           -0.154    12.814    
    SLICE_X31Y93         FDRE (Setup_fdre_C_D)        0.029    12.843    system_i/ps7_0_axi_periph/inst/s00_entry_pipeline/s00_si_converter/inst/gen_axilite_conv.axilite_conv_inst/aw_addr_reg[11]
  -------------------------------------------------------------------
                         required time                         12.843    
                         arrival time                          -9.856    
  -------------------------------------------------------------------
                         slack                                  2.987    

Slack (MET) :             2.992ns  (required time - arrival time)
  Source:                 system_i/ps7_0_axi_periph/inst/s00_entry_pipeline/s00_mmu/inst/aw_reg_stall/m_vector_i_reg[1027]/C
                            (rising edge-triggered cell FDRE clocked by clk_fpga_0  {rise@0.000ns fall@5.000ns period=10.000ns})
  Destination:            system_i/ps7_0_axi_periph/inst/s00_entry_pipeline/s00_si_converter/inst/gen_axilite_conv.axilite_conv_inst/aw_addr_reg[8]/D
                            (rising edge-triggered cell FDRE clocked by clk_fpga_0  {rise@0.000ns fall@5.000ns period=10.000ns})
  Path Group:             clk_fpga_0
  Path Type:              Setup (Max at Slow Process Corner)
  Requirement:            10.000ns  (clk_fpga_0 rise@10.000ns - clk_fpga_0 rise@0.000ns)
  Data Path Delay:        6.859ns  (logic 2.541ns (37.045%)  route 4.318ns (62.955%))
  Logic Levels:           9  (CARRY4=2 LUT2=2 LUT4=3 LUT5=2)
  Clock Path Skew:        -0.026ns (DCD - SCD + CPR)
    Destination Clock Delay (DCD):    2.704ns = ( 12.704 - 10.000 ) 
    Source Clock Delay      (SCD):    2.994ns
    Clock Pessimism Removal (CPR):    0.264ns
  Clock Uncertainty:      0.154ns  ((TSJ^2 + TIJ^2)^1/2 + DJ) / 2 + PE
    Total System Jitter     (TSJ):    0.071ns
    Total Input Jitter      (TIJ):    0.300ns
    Discrete Jitter          (DJ):    0.000ns
    Phase Error              (PE):    0.000ns

    Location             Delay type                Incr(ns)  Path(ns)    Netlist Resource(s)
  -------------------------------------------------------------------    -------------------
                         (clock clk_fpga_0 rise edge)
                                                      0.000     0.000 r  
    PS7_X0Y0             PS7                          0.000     0.000 r  system_i/processing_system7_0/inst/PS7_i/FCLKCLK[0]
                         net (fo=1, routed)           1.193     1.193    system_i/processing_system7_0/inst/FCLK_CLK_unbuffered[0]
    BUFGCTRL_X0Y16       BUFG (Prop_bufg_I_O)         0.101     1.294 r  system_i/processing_system7_0/inst/buffer_fclk_clk_0.FCLK_CLK_0_BUFG/O
                         net (fo=2984, routed)        1.700     2.994    system_i/ps7_0_axi_periph/inst/s00_entry_pipeline/s00_mmu/inst/aw_reg_stall/aclk
    SLICE_X28Y99         FDRE                                         r  system_i/ps7_0_axi_periph/inst/s00_entry_pipeline/s00_mmu/inst/aw_reg_stall/m_vector_i_reg[1027]/C
  -------------------------------------------------------------------    -------------------
    SLICE_X28Y99         FDRE (Prop_fdre_C_Q)         0.456     3.450 f  system_i/ps7_0_axi_periph/inst/s00_entry_pipeline/s00_mmu/inst/aw_reg_stall/m_vector_i_reg[1027]/Q
                         net (fo=20, routed)          1.146     4.596    system_i/ps7_0_axi_periph/inst/s00_entry_pipeline/s00_si_converter/inst/gen_axilite_conv.axilite_conv_inst/s_axi_awsize[1]
    SLICE_X30Y89         LUT2 (Prop_lut2_I1_O)        0.150     4.746 f  system_i/ps7_0_axi_periph/inst/s00_entry_pipeline/s00_si_converter/inst/gen_axilite_conv.axilite_conv_inst/aw_addr[5]_i_3/O
                         net (fo=2, routed)           0.595     5.341    system_i/ps7_0_axi_periph/inst/s00_entry_pipeline/s00_si_converter/inst/gen_axilite_conv.axilite_conv_inst/aw_addr[5]_i_3_n_0
    SLICE_X31Y91         LUT4 (Prop_lut4_I0_O)        0.348     5.689 r  system_i/ps7_0_axi_periph/inst/s00_entry_pipeline/s00_si_converter/inst/gen_axilite_conv.axilite_conv_inst/aw_addr[5]_i_2/O
                         net (fo=3, routed)           0.611     6.300    system_i/ps7_0_axi_periph/inst/s00_entry_pipeline/s00_si_converter/inst/gen_axilite_conv.axilite_conv_inst/wrap_awaddr[5]
    SLICE_X29Y91         LUT2 (Prop_lut2_I0_O)        0.124     6.424 r  system_i/ps7_0_axi_periph/inst/s00_entry_pipeline/s00_si_converter/inst/gen_axilite_conv.axilite_conv_inst/aw_addr[8]_i_28/O
                         net (fo=1, routed)           0.000     6.424    system_i/ps7_0_axi_periph/inst/s00_entry_pipeline/s00_si_converter/inst/gen_axilite_conv.axilite_conv_inst/aw_addr[8]_i_28_n_0
    SLICE_X29Y91         CARRY4 (Prop_carry4_S[1]_CO[3])
                                                      0.550     6.974 r  system_i/ps7_0_axi_periph/inst/s00_entry_pipeline/s00_si_converter/inst/gen_axilite_conv.axilite_conv_inst/aw_addr_reg[8]_i_18/CO[3]
                         net (fo=1, routed)           0.000     6.974    system_i/ps7_0_axi_periph/inst/s00_entry_pipeline/s00_si_converter/inst/gen_axilite_conv.axilite_conv_inst/aw_addr_reg[8]_i_18_n_0
    SLICE_X29Y92         CARRY4 (Prop_carry4_CI_O[2])
                                                      0.239     7.213 r  system_i/ps7_0_axi_periph/inst/s00_entry_pipeline/s00_si_converter/inst/gen_axilite_conv.axilite_conv_inst/aw_addr_reg[8]_i_17/O[2]
                         net (fo=1, routed)           0.354     7.566    system_i/ps7_0_axi_periph/inst/s00_entry_pipeline/s00_si_converter/inst/gen_axilite_conv.axilite_conv_inst/wrap_awaddr_limit[10]
    SLICE_X28Y92         LUT4 (Prop_lut4_I0_O)        0.302     7.868 f  system_i/ps7_0_axi_periph/inst/s00_entry_pipeline/s00_si_converter/inst/gen_axilite_conv.axilite_conv_inst/aw_addr[8]_i_22/O
                         net (fo=1, routed)           0.488     8.357    system_i/ps7_0_axi_periph/inst/s00_entry_pipeline/s00_si_converter/inst/gen_axilite_conv.axilite_conv_inst/aw_addr[8]_i_22_n_0
    SLICE_X28Y92         LUT5 (Prop_lut5_I4_O)        0.124     8.481 f  system_i/ps7_0_axi_periph/inst/s00_entry_pipeline/s00_si_converter/inst/gen_axilite_conv.axilite_conv_inst/aw_addr[8]_i_14/O
                         net (fo=1, routed)           0.600     9.080    system_i/ps7_0_axi_periph/inst/s00_entry_pipeline/s00_si_converter/inst/gen_axilite_conv.axilite_conv_inst/aw_addr[8]_i_14_n_0
    SLICE_X31Y90         LUT4 (Prop_lut4_I3_O)        0.124     9.204 r  system_i/ps7_0_axi_periph/inst/s00_entry_pipeline/s00_si_converter/inst/gen_axilite_conv.axilite_conv_inst/aw_addr[8]_i_7/O
                         net (fo=12, routed)          0.525     9.729    system_i/ps7_0_axi_periph/inst/s00_entry_pipeline/s00_si_converter/inst/gen_axilite_conv.axilite_conv_inst/aw_addr[8]_i_7_n_0
    SLICE_X31Y93         LUT5 (Prop_lut5_I1_O)        0.124     9.853 r  system_i/ps7_0_axi_periph/inst/s00_entry_pipeline/s00_si_converter/inst/gen_axilite_conv.axilite_conv_inst/aw_addr[8]_i_2/O
                         net (fo=1, routed)           0.000     9.853    system_i/ps7_0_axi_periph/inst/s00_entry_pipeline/s00_si_converter/inst/gen_axilite_conv.axilite_conv_inst/aw_addr[8]
    SLICE_X31Y93         FDRE                                         r  system_i/ps7_0_axi_periph/inst/s00_entry_pipeline/s00_si_converter/inst/gen_axilite_conv.axilite_conv_inst/aw_addr_reg[8]/D
  -------------------------------------------------------------------    -------------------

                         (clock clk_fpga_0 rise edge)
                                                     10.000    10.000 r  
    PS7_X0Y0             PS7                          0.000    10.000 r  system_i/processing_system7_0/inst/PS7_i/FCLKCLK[0]
                         net (fo=1, routed)           1.088    11.088    system_i/processing_system7_0/inst/FCLK_CLK_unbuffered[0]
    BUFGCTRL_X0Y16       BUFG (Prop_bufg_I_O)         0.091    11.179 r  system_i/processing_system7_0/inst/buffer_fclk_clk_0.FCLK_CLK_0_BUFG/O
                         net (fo=2984, routed)        1.525    12.704    system_i/ps7_0_axi_periph/inst/s00_entry_pipeline/s00_si_converter/inst/gen_axilite_conv.axilite_conv_inst/aclk
    SLICE_X31Y93         FDRE                                         r  system_i/ps7_0_axi_periph/inst/s00_entry_pipeline/s00_si_converter/inst/gen_axilite_conv.axilite_conv_inst/aw_addr_reg[8]/C
                         clock pessimism              0.264    12.968    
                         clock uncertainty           -0.154    12.814    
    SLICE_X31Y93         FDRE (Setup_fdre_C_D)        0.031    12.845    system_i/ps7_0_axi_periph/inst/s00_entry_pipeline/s00_si_converter/inst/gen_axilite_conv.axilite_conv_inst/aw_addr_reg[8]
  -------------------------------------------------------------------
                         required time                         12.845    
                         arrival time                          -9.853    
  -------------------------------------------------------------------
                         slack                                  2.992    

Slack (MET) :             2.997ns  (required time - arrival time)
  Source:                 system_i/ps7_0_axi_periph/inst/s00_entry_pipeline/s00_mmu/inst/aw_reg_stall/m_vector_i_reg[1027]/C
                            (rising edge-triggered cell FDRE clocked by clk_fpga_0  {rise@0.000ns fall@5.000ns period=10.000ns})
  Destination:            system_i/ps7_0_axi_periph/inst/s00_entry_pipeline/s00_si_converter/inst/gen_axilite_conv.axilite_conv_inst/aw_addr_reg[5]/D
                            (rising edge-triggered cell FDRE clocked by clk_fpga_0  {rise@0.000ns fall@5.000ns period=10.000ns})
  Path Group:             clk_fpga_0
  Path Type:              Setup (Max at Slow Process Corner)
  Requirement:            10.000ns  (clk_fpga_0 rise@10.000ns - clk_fpga_0 rise@0.000ns)
  Data Path Delay:        6.851ns  (logic 2.541ns (37.089%)  route 4.310ns (62.911%))
  Logic Levels:           9  (CARRY4=2 LUT2=2 LUT4=3 LUT5=1 LUT6=1)
  Clock Path Skew:        -0.027ns (DCD - SCD + CPR)
    Destination Clock Delay (DCD):    2.703ns = ( 12.703 - 10.000 ) 
    Source Clock Delay      (SCD):    2.994ns
    Clock Pessimism Removal (CPR):    0.264ns
  Clock Uncertainty:      0.154ns  ((TSJ^2 + TIJ^2)^1/2 + DJ) / 2 + PE
    Total System Jitter     (TSJ):    0.071ns
    Total Input Jitter      (TIJ):    0.300ns
    Discrete Jitter          (DJ):    0.000ns
    Phase Error              (PE):    0.000ns

    Location             Delay type                Incr(ns)  Path(ns)    Netlist Resource(s)
  -------------------------------------------------------------------    -------------------
                         (clock clk_fpga_0 rise edge)
                                                      0.000     0.000 r  
    PS7_X0Y0             PS7                          0.000     0.000 r  system_i/processing_system7_0/inst/PS7_i/FCLKCLK[0]
                         net (fo=1, routed)           1.193     1.193    system_i/processing_system7_0/inst/FCLK_CLK_unbuffered[0]
    BUFGCTRL_X0Y16       BUFG (Prop_bufg_I_O)         0.101     1.294 r  system_i/processing_system7_0/inst/buffer_fclk_clk_0.FCLK_CLK_0_BUFG/O
                         net (fo=2984, routed)        1.700     2.994    system_i/ps7_0_axi_periph/inst/s00_entry_pipeline/s00_mmu/inst/aw_reg_stall/aclk
    SLICE_X28Y99         FDRE                                         r  system_i/ps7_0_axi_periph/inst/s00_entry_pipeline/s00_mmu/inst/aw_reg_stall/m_vector_i_reg[1027]/C
  -------------------------------------------------------------------    -------------------
    SLICE_X28Y99         FDRE (Prop_fdre_C_Q)         0.456     3.450 f  system_i/ps7_0_axi_periph/inst/s00_entry_pipeline/s00_mmu/inst/aw_reg_stall/m_vector_i_reg[1027]/Q
                         net (fo=20, routed)          1.146     4.596    system_i/ps7_0_axi_periph/inst/s00_entry_pipeline/s00_si_converter/inst/gen_axilite_conv.axilite_conv_inst/s_axi_awsize[1]
    SLICE_X30Y89         LUT2 (Prop_lut2_I1_O)        0.150     4.746 f  system_i/ps7_0_axi_periph/inst/s00_entry_pipeline/s00_si_converter/inst/gen_axilite_conv.axilite_conv_inst/aw_addr[5]_i_3/O
                         net (fo=2, routed)           0.595     5.341    system_i/ps7_0_axi_periph/inst/s00_entry_pipeline/s00_si_converter/inst/gen_axilite_conv.axilite_conv_inst/aw_addr[5]_i_3_n_0
    SLICE_X31Y91         LUT4 (Prop_lut4_I0_O)        0.348     5.689 r  system_i/ps7_0_axi_periph/inst/s00_entry_pipeline/s00_si_converter/inst/gen_axilite_conv.axilite_conv_inst/aw_addr[5]_i_2/O
                         net (fo=3, routed)           0.611     6.300    system_i/ps7_0_axi_periph/inst/s00_entry_pipeline/s00_si_converter/inst/gen_axilite_conv.axilite_conv_inst/wrap_awaddr[5]
    SLICE_X29Y91         LUT2 (Prop_lut2_I0_O)        0.124     6.424 r  system_i/ps7_0_axi_periph/inst/s00_entry_pipeline/s00_si_converter/inst/gen_axilite_conv.axilite_conv_inst/aw_addr[8]_i_28/O
                         net (fo=1, routed)           0.000     6.424    system_i/ps7_0_axi_periph/inst/s00_entry_pipeline/s00_si_converter/inst/gen_axilite_conv.axilite_conv_inst/aw_addr[8]_i_28_n_0
    SLICE_X29Y91         CARRY4 (Prop_carry4_S[1]_CO[3])
                                                      0.550     6.974 r  system_i/ps7_0_axi_periph/inst/s00_entry_pipeline/s00_si_converter/inst/gen_axilite_conv.axilite_conv_inst/aw_addr_reg[8]_i_18/CO[3]
                         net (fo=1, routed)           0.000     6.974    system_i/ps7_0_axi_periph/inst/s00_entry_pipeline/s00_si_converter/inst/gen_axilite_conv.axilite_conv_inst/aw_addr_reg[8]_i_18_n_0
    SLICE_X29Y92         CARRY4 (Prop_carry4_CI_O[2])
                                                      0.239     7.213 r  system_i/ps7_0_axi_periph/inst/s00_entry_pipeline/s00_si_converter/inst/gen_axilite_conv.axilite_conv_inst/aw_addr_reg[8]_i_17/O[2]
                         net (fo=1, routed)           0.354     7.566    system_i/ps7_0_axi_periph/inst/s00_entry_pipeline/s00_si_converter/inst/gen_axilite_conv.axilite_conv_inst/wrap_awaddr_limit[10]
    SLICE_X28Y92         LUT4 (Prop_lut4_I0_O)        0.302     7.868 f  system_i/ps7_0_axi_periph/inst/s00_entry_pipeline/s00_si_converter/inst/gen_axilite_conv.axilite_conv_inst/aw_addr[8]_i_22/O
                         net (fo=1, routed)           0.488     8.357    system_i/ps7_0_axi_periph/inst/s00_entry_pipeline/s00_si_converter/inst/gen_axilite_conv.axilite_conv_inst/aw_addr[8]_i_22_n_0
    SLICE_X28Y92         LUT5 (Prop_lut5_I4_O)        0.124     8.481 f  system_i/ps7_0_axi_periph/inst/s00_entry_pipeline/s00_si_converter/inst/gen_axilite_conv.axilite_conv_inst/aw_addr[8]_i_14/O
                         net (fo=1, routed)           0.600     9.080    system_i/ps7_0_axi_periph/inst/s00_entry_pipeline/s00_si_converter/inst/gen_axilite_conv.axilite_conv_inst/aw_addr[8]_i_14_n_0
    SLICE_X31Y90         LUT4 (Prop_lut4_I3_O)        0.124     9.204 r  system_i/ps7_0_axi_periph/inst/s00_entry_pipeline/s00_si_converter/inst/gen_axilite_conv.axilite_conv_inst/aw_addr[8]_i_7/O
                         net (fo=12, routed)          0.517     9.721    system_i/ps7_0_axi_periph/inst/s00_entry_pipeline/s00_si_converter/inst/gen_axilite_conv.axilite_conv_inst/aw_addr[8]_i_7_n_0
    SLICE_X31Y91         LUT6 (Prop_lut6_I1_O)        0.124     9.845 r  system_i/ps7_0_axi_periph/inst/s00_entry_pipeline/s00_si_converter/inst/gen_axilite_conv.axilite_conv_inst/aw_addr[5]_i_1/O
                         net (fo=1, routed)           0.000     9.845    system_i/ps7_0_axi_periph/inst/s00_entry_pipeline/s00_si_converter/inst/gen_axilite_conv.axilite_conv_inst/aw_addr[5]
    SLICE_X31Y91         FDRE                                         r  system_i/ps7_0_axi_periph/inst/s00_entry_pipeline/s00_si_converter/inst/gen_axilite_conv.axilite_conv_inst/aw_addr_reg[5]/D
  -------------------------------------------------------------------    -------------------

                         (clock clk_fpga_0 rise edge)
                                                     10.000    10.000 r  
    PS7_X0Y0             PS7                          0.000    10.000 r  system_i/processing_system7_0/inst/PS7_i/FCLKCLK[0]
                         net (fo=1, routed)           1.088    11.088    system_i/processing_system7_0/inst/FCLK_CLK_unbuffered[0]
    BUFGCTRL_X0Y16       BUFG (Prop_bufg_I_O)         0.091    11.179 r  system_i/processing_system7_0/inst/buffer_fclk_clk_0.FCLK_CLK_0_BUFG/O
                         net (fo=2984, routed)        1.524    12.703    system_i/ps7_0_axi_periph/inst/s00_entry_pipeline/s00_si_converter/inst/gen_axilite_conv.axilite_conv_inst/aclk
    SLICE_X31Y91         FDRE                                         r  system_i/ps7_0_axi_periph/inst/s00_entry_pipeline/s00_si_converter/inst/gen_axilite_conv.axilite_conv_inst/aw_addr_reg[5]/C
                         clock pessimism              0.264    12.967    
                         clock uncertainty           -0.154    12.813    
    SLICE_X31Y91         FDRE (Setup_fdre_C_D)        0.029    12.842    system_i/ps7_0_axi_periph/inst/s00_entry_pipeline/s00_si_converter/inst/gen_axilite_conv.axilite_conv_inst/aw_addr_reg[5]
  -------------------------------------------------------------------
                         required time                         12.842    
                         arrival time                          -9.845    
  -------------------------------------------------------------------
                         slack                                  2.997    

Slack (MET) :             2.997ns  (required time - arrival time)
  Source:                 system_i/ps7_0_axi_periph/inst/s00_entry_pipeline/s00_mmu/inst/aw_reg_stall/m_vector_i_reg[1027]/C
                            (rising edge-triggered cell FDRE clocked by clk_fpga_0  {rise@0.000ns fall@5.000ns period=10.000ns})
  Destination:            system_i/ps7_0_axi_periph/inst/s00_entry_pipeline/s00_si_converter/inst/gen_axilite_conv.axilite_conv_inst/aw_addr_reg[10]/D
                            (rising edge-triggered cell FDRE clocked by clk_fpga_0  {rise@0.000ns fall@5.000ns period=10.000ns})
  Path Group:             clk_fpga_0
  Path Type:              Setup (Max at Slow Process Corner)
  Requirement:            10.000ns  (clk_fpga_0 rise@10.000ns - clk_fpga_0 rise@0.000ns)
  Data Path Delay:        6.851ns  (logic 2.541ns (37.091%)  route 4.310ns (62.909%))
  Logic Levels:           9  (CARRY4=2 LUT2=2 LUT4=3 LUT5=2)
  Clock Path Skew:        -0.027ns (DCD - SCD + CPR)
    Destination Clock Delay (DCD):    2.703ns = ( 12.703 - 10.000 ) 
    Source Clock Delay      (SCD):    2.994ns
    Clock Pessimism Removal (CPR):    0.264ns
  Clock Uncertainty:      0.154ns  ((TSJ^2 + TIJ^2)^1/2 + DJ) / 2 + PE
    Total System Jitter     (TSJ):    0.071ns
    Total Input Jitter      (TIJ):    0.300ns
    Discrete Jitter          (DJ):    0.000ns
    Phase Error              (PE):    0.000ns

    Location             Delay type                Incr(ns)  Path(ns)    Netlist Resource(s)
  -------------------------------------------------------------------    -------------------
                         (clock clk_fpga_0 rise edge)
                                                      0.000     0.000 r  
    PS7_X0Y0             PS7                          0.000     0.000 r  system_i/processing_system7_0/inst/PS7_i/FCLKCLK[0]
                         net (fo=1, routed)           1.193     1.193    system_i/processing_system7_0/inst/FCLK_CLK_unbuffered[0]
    BUFGCTRL_X0Y16       BUFG (Prop_bufg_I_O)         0.101     1.294 r  system_i/processing_system7_0/inst/buffer_fclk_clk_0.FCLK_CLK_0_BUFG/O
                         net (fo=2984, routed)        1.700     2.994    system_i/ps7_0_axi_periph/inst/s00_entry_pipeline/s00_mmu/inst/aw_reg_stall/aclk
    SLICE_X28Y99         FDRE                                         r  system_i/ps7_0_axi_periph/inst/s00_entry_pipeline/s00_mmu/inst/aw_reg_stall/m_vector_i_reg[1027]/C
  -------------------------------------------------------------------    -------------------
    SLICE_X28Y99         FDRE (Prop_fdre_C_Q)         0.456     3.450 f  system_i/ps7_0_axi_periph/inst/s00_entry_pipeline/s00_mmu/inst/aw_reg_stall/m_vector_i_reg[1027]/Q
                         net (fo=20, routed)          1.146     4.596    system_i/ps7_0_axi_periph/inst/s00_entry_pipeline/s00_si_converter/inst/gen_axilite_conv.axilite_conv_inst/s_axi_awsize[1]
    SLICE_X30Y89         LUT2 (Prop_lut2_I1_O)        0.150     4.746 f  system_i/ps7_0_axi_periph/inst/s00_entry_pipeline/s00_si_converter/inst/gen_axilite_conv.axilite_conv_inst/aw_addr[5]_i_3/O
                         net (fo=2, routed)           0.595     5.341    system_i/ps7_0_axi_periph/inst/s00_entry_pipeline/s00_si_converter/inst/gen_axilite_conv.axilite_conv_inst/aw_addr[5]_i_3_n_0
    SLICE_X31Y91         LUT4 (Prop_lut4_I0_O)        0.348     5.689 r  system_i/ps7_0_axi_periph/inst/s00_entry_pipeline/s00_si_converter/inst/gen_axilite_conv.axilite_conv_inst/aw_addr[5]_i_2/O
                         net (fo=3, routed)           0.611     6.300    system_i/ps7_0_axi_periph/inst/s00_entry_pipeline/s00_si_converter/inst/gen_axilite_conv.axilite_conv_inst/wrap_awaddr[5]
    SLICE_X29Y91         LUT2 (Prop_lut2_I0_O)        0.124     6.424 r  system_i/ps7_0_axi_periph/inst/s00_entry_pipeline/s00_si_converter/inst/gen_axilite_conv.axilite_conv_inst/aw_addr[8]_i_28/O
                         net (fo=1, routed)           0.000     6.424    system_i/ps7_0_axi_periph/inst/s00_entry_pipeline/s00_si_converter/inst/gen_axilite_conv.axilite_conv_inst/aw_addr[8]_i_28_n_0
    SLICE_X29Y91         CARRY4 (Prop_carry4_S[1]_CO[3])
                                                      0.550     6.974 r  system_i/ps7_0_axi_periph/inst/s00_entry_pipeline/s00_si_converter/inst/gen_axilite_conv.axilite_conv_inst/aw_addr_reg[8]_i_18/CO[3]
                         net (fo=1, routed)           0.000     6.974    system_i/ps7_0_axi_periph/inst/s00_entry_pipeline/s00_si_converter/inst/gen_axilite_conv.axilite_conv_inst/aw_addr_reg[8]_i_18_n_0
    SLICE_X29Y92         CARRY4 (Prop_carry4_CI_O[2])
                                                      0.239     7.213 r  system_i/ps7_0_axi_periph/inst/s00_entry_pipeline/s00_si_converter/inst/gen_axilite_conv.axilite_conv_inst/aw_addr_reg[8]_i_17/O[2]
                         net (fo=1, routed)           0.354     7.566    system_i/ps7_0_axi_periph/inst/s00_entry_pipeline/s00_si_converter/inst/gen_axilite_conv.axilite_conv_inst/wrap_awaddr_limit[10]
    SLICE_X28Y92         LUT4 (Prop_lut4_I0_O)        0.302     7.868 f  system_i/ps7_0_axi_periph/inst/s00_entry_pipeline/s00_si_converter/inst/gen_axilite_conv.axilite_conv_inst/aw_addr[8]_i_22/O
                         net (fo=1, routed)           0.488     8.357    system_i/ps7_0_axi_periph/inst/s00_entry_pipeline/s00_si_converter/inst/gen_axilite_conv.axilite_conv_inst/aw_addr[8]_i_22_n_0
    SLICE_X28Y92         LUT5 (Prop_lut5_I4_O)        0.124     8.481 f  system_i/ps7_0_axi_periph/inst/s00_entry_pipeline/s00_si_converter/inst/gen_axilite_conv.axilite_conv_inst/aw_addr[8]_i_14/O
                         net (fo=1, routed)           0.600     9.080    system_i/ps7_0_axi_periph/inst/s00_entry_pipeline/s00_si_converter/inst/gen_axilite_conv.axilite_conv_inst/aw_addr[8]_i_14_n_0
    SLICE_X31Y90         LUT4 (Prop_lut4_I3_O)        0.124     9.204 r  system_i/ps7_0_axi_periph/inst/s00_entry_pipeline/s00_si_converter/inst/gen_axilite_conv.axilite_conv_inst/aw_addr[8]_i_7/O
                         net (fo=12, routed)          0.517     9.721    system_i/ps7_0_axi_periph/inst/s00_entry_pipeline/s00_si_converter/inst/gen_axilite_conv.axilite_conv_inst/aw_addr[8]_i_7_n_0
    SLICE_X31Y92         LUT5 (Prop_lut5_I1_O)        0.124     9.845 r  system_i/ps7_0_axi_periph/inst/s00_entry_pipeline/s00_si_converter/inst/gen_axilite_conv.axilite_conv_inst/aw_addr[10]_i_1/O
                         net (fo=1, routed)           0.000     9.845    system_i/ps7_0_axi_periph/inst/s00_entry_pipeline/s00_si_converter/inst/gen_axilite_conv.axilite_conv_inst/aw_addr[10]
    SLICE_X31Y92         FDRE                                         r  system_i/ps7_0_axi_periph/inst/s00_entry_pipeline/s00_si_converter/inst/gen_axilite_conv.axilite_conv_inst/aw_addr_reg[10]/D
  -------------------------------------------------------------------    -------------------

                         (clock clk_fpga_0 rise edge)
                                                     10.000    10.000 r  
    PS7_X0Y0             PS7                          0.000    10.000 r  system_i/processing_system7_0/inst/PS7_i/FCLKCLK[0]
                         net (fo=1, routed)           1.088    11.088    system_i/processing_system7_0/inst/FCLK_CLK_unbuffered[0]
    BUFGCTRL_X0Y16       BUFG (Prop_bufg_I_O)         0.091    11.179 r  system_i/processing_system7_0/inst/buffer_fclk_clk_0.FCLK_CLK_0_BUFG/O
                         net (fo=2984, routed)        1.524    12.703    system_i/ps7_0_axi_periph/inst/s00_entry_pipeline/s00_si_converter/inst/gen_axilite_conv.axilite_conv_inst/aclk
    SLICE_X31Y92         FDRE                                         r  system_i/ps7_0_axi_periph/inst/s00_entry_pipeline/s00_si_converter/inst/gen_axilite_conv.axilite_conv_inst/aw_addr_reg[10]/C
                         clock pessimism              0.264    12.967    
                         clock uncertainty           -0.154    12.813    
    SLICE_X31Y92         FDRE (Setup_fdre_C_D)        0.029    12.842    system_i/ps7_0_axi_periph/inst/s00_entry_pipeline/s00_si_converter/inst/gen_axilite_conv.axilite_conv_inst/aw_addr_reg[10]
  -------------------------------------------------------------------
                         required time                         12.842    
                         arrival time                          -9.845    
  -------------------------------------------------------------------
                         slack                                  2.997    

Slack (MET) :             3.002ns  (required time - arrival time)
  Source:                 system_i/ps7_0_axi_periph/inst/s00_entry_pipeline/s00_mmu/inst/aw_reg_stall/m_vector_i_reg[1027]/C
                            (rising edge-triggered cell FDRE clocked by clk_fpga_0  {rise@0.000ns fall@5.000ns period=10.000ns})
  Destination:            system_i/ps7_0_axi_periph/inst/s00_entry_pipeline/s00_si_converter/inst/gen_axilite_conv.axilite_conv_inst/aw_addr_reg[6]/D
                            (rising edge-triggered cell FDRE clocked by clk_fpga_0  {rise@0.000ns fall@5.000ns period=10.000ns})
  Path Group:             clk_fpga_0
  Path Type:              Setup (Max at Slow Process Corner)
  Requirement:            10.000ns  (clk_fpga_0 rise@10.000ns - clk_fpga_0 rise@0.000ns)
  Data Path Delay:        6.848ns  (logic 2.541ns (37.105%)  route 4.307ns (62.895%))
  Logic Levels:           9  (CARRY4=2 LUT2=2 LUT4=3 LUT5=1 LUT6=1)
  Clock Path Skew:        -0.027ns (DCD - SCD + CPR)
    Destination Clock Delay (DCD):    2.703ns = ( 12.703 - 10.000 ) 
    Source Clock Delay      (SCD):    2.994ns
    Clock Pessimism Removal (CPR):    0.264ns
  Clock Uncertainty:      0.154ns  ((TSJ^2 + TIJ^2)^1/2 + DJ) / 2 + PE
    Total System Jitter     (TSJ):    0.071ns
    Total Input Jitter      (TIJ):    0.300ns
    Discrete Jitter          (DJ):    0.000ns
    Phase Error              (PE):    0.000ns

    Location             Delay type                Incr(ns)  Path(ns)    Netlist Resource(s)
  -------------------------------------------------------------------    -------------------
                         (clock clk_fpga_0 rise edge)
                                                      0.000     0.000 r  
    PS7_X0Y0             PS7                          0.000     0.000 r  system_i/processing_system7_0/inst/PS7_i/FCLKCLK[0]
                         net (fo=1, routed)           1.193     1.193    system_i/processing_system7_0/inst/FCLK_CLK_unbuffered[0]
    BUFGCTRL_X0Y16       BUFG (Prop_bufg_I_O)         0.101     1.294 r  system_i/processing_system7_0/inst/buffer_fclk_clk_0.FCLK_CLK_0_BUFG/O
                         net (fo=2984, routed)        1.700     2.994    system_i/ps7_0_axi_periph/inst/s00_entry_pipeline/s00_mmu/inst/aw_reg_stall/aclk
    SLICE_X28Y99         FDRE                                         r  system_i/ps7_0_axi_periph/inst/s00_entry_pipeline/s00_mmu/inst/aw_reg_stall/m_vector_i_reg[1027]/C
  -------------------------------------------------------------------    -------------------
    SLICE_X28Y99         FDRE (Prop_fdre_C_Q)         0.456     3.450 f  system_i/ps7_0_axi_periph/inst/s00_entry_pipeline/s00_mmu/inst/aw_reg_stall/m_vector_i_reg[1027]/Q
                         net (fo=20, routed)          1.146     4.596    system_i/ps7_0_axi_periph/inst/s00_entry_pipeline/s00_si_converter/inst/gen_axilite_conv.axilite_conv_inst/s_axi_awsize[1]
    SLICE_X30Y89         LUT2 (Prop_lut2_I1_O)        0.150     4.746 f  system_i/ps7_0_axi_periph/inst/s00_entry_pipeline/s00_si_converter/inst/gen_axilite_conv.axilite_conv_inst/aw_addr[5]_i_3/O
                         net (fo=2, routed)           0.595     5.341    system_i/ps7_0_axi_periph/inst/s00_entry_pipeline/s00_si_converter/inst/gen_axilite_conv.axilite_conv_inst/aw_addr[5]_i_3_n_0
    SLICE_X31Y91         LUT4 (Prop_lut4_I0_O)        0.348     5.689 r  system_i/ps7_0_axi_periph/inst/s00_entry_pipeline/s00_si_converter/inst/gen_axilite_conv.axilite_conv_inst/aw_addr[5]_i_2/O
                         net (fo=3, routed)           0.611     6.300    system_i/ps7_0_axi_periph/inst/s00_entry_pipeline/s00_si_converter/inst/gen_axilite_conv.axilite_conv_inst/wrap_awaddr[5]
    SLICE_X29Y91         LUT2 (Prop_lut2_I0_O)        0.124     6.424 r  system_i/ps7_0_axi_periph/inst/s00_entry_pipeline/s00_si_converter/inst/gen_axilite_conv.axilite_conv_inst/aw_addr[8]_i_28/O
                         net (fo=1, routed)           0.000     6.424    system_i/ps7_0_axi_periph/inst/s00_entry_pipeline/s00_si_converter/inst/gen_axilite_conv.axilite_conv_inst/aw_addr[8]_i_28_n_0
    SLICE_X29Y91         CARRY4 (Prop_carry4_S[1]_CO[3])
                                                      0.550     6.974 r  system_i/ps7_0_axi_periph/inst/s00_entry_pipeline/s00_si_converter/inst/gen_axilite_conv.axilite_conv_inst/aw_addr_reg[8]_i_18/CO[3]
                         net (fo=1, routed)           0.000     6.974    system_i/ps7_0_axi_periph/inst/s00_entry_pipeline/s00_si_converter/inst/gen_axilite_conv.axilite_conv_inst/aw_addr_reg[8]_i_18_n_0
    SLICE_X29Y92         CARRY4 (Prop_carry4_CI_O[2])
                                                      0.239     7.213 r  system_i/ps7_0_axi_periph/inst/s00_entry_pipeline/s00_si_converter/inst/gen_axilite_conv.axilite_conv_inst/aw_addr_reg[8]_i_17/O[2]
                         net (fo=1, routed)           0.354     7.566    system_i/ps7_0_axi_periph/inst/s00_entry_pipeline/s00_si_converter/inst/gen_axilite_conv.axilite_conv_inst/wrap_awaddr_limit[10]
    SLICE_X28Y92         LUT4 (Prop_lut4_I0_O)        0.302     7.868 f  system_i/ps7_0_axi_periph/inst/s00_entry_pipeline/s00_si_converter/inst/gen_axilite_conv.axilite_conv_inst/aw_addr[8]_i_22/O
                         net (fo=1, routed)           0.488     8.357    system_i/ps7_0_axi_periph/inst/s00_entry_pipeline/s00_si_converter/inst/gen_axilite_conv.axilite_conv_inst/aw_addr[8]_i_22_n_0
    SLICE_X28Y92         LUT5 (Prop_lut5_I4_O)        0.124     8.481 f  system_i/ps7_0_axi_periph/inst/s00_entry_pipeline/s00_si_converter/inst/gen_axilite_conv.axilite_conv_inst/aw_addr[8]_i_14/O
                         net (fo=1, routed)           0.600     9.080    system_i/ps7_0_axi_periph/inst/s00_entry_pipeline/s00_si_converter/inst/gen_axilite_conv.axilite_conv_inst/aw_addr[8]_i_14_n_0
    SLICE_X31Y90         LUT4 (Prop_lut4_I3_O)        0.124     9.204 r  system_i/ps7_0_axi_periph/inst/s00_entry_pipeline/s00_si_converter/inst/gen_axilite_conv.axilite_conv_inst/aw_addr[8]_i_7/O
                         net (fo=12, routed)          0.514     9.718    system_i/ps7_0_axi_periph/inst/s00_entry_pipeline/s00_si_converter/inst/gen_axilite_conv.axilite_conv_inst/aw_addr[8]_i_7_n_0
    SLICE_X31Y91         LUT6 (Prop_lut6_I1_O)        0.124     9.842 r  system_i/ps7_0_axi_periph/inst/s00_entry_pipeline/s00_si_converter/inst/gen_axilite_conv.axilite_conv_inst/aw_addr[6]_i_1/O
                         net (fo=1, routed)           0.000     9.842    system_i/ps7_0_axi_periph/inst/s00_entry_pipeline/s00_si_converter/inst/gen_axilite_conv.axilite_conv_inst/aw_addr[6]
    SLICE_X31Y91         FDRE                                         r  system_i/ps7_0_axi_periph/inst/s00_entry_pipeline/s00_si_converter/inst/gen_axilite_conv.axilite_conv_inst/aw_addr_reg[6]/D
  -------------------------------------------------------------------    -------------------

                         (clock clk_fpga_0 rise edge)
                                                     10.000    10.000 r  
    PS7_X0Y0             PS7                          0.000    10.000 r  system_i/processing_system7_0/inst/PS7_i/FCLKCLK[0]
                         net (fo=1, routed)           1.088    11.088    system_i/processing_system7_0/inst/FCLK_CLK_unbuffered[0]
    BUFGCTRL_X0Y16       BUFG (Prop_bufg_I_O)         0.091    11.179 r  system_i/processing_system7_0/inst/buffer_fclk_clk_0.FCLK_CLK_0_BUFG/O
                         net (fo=2984, routed)        1.524    12.703    system_i/ps7_0_axi_periph/inst/s00_entry_pipeline/s00_si_converter/inst/gen_axilite_conv.axilite_conv_inst/aclk
    SLICE_X31Y91         FDRE                                         r  system_i/ps7_0_axi_periph/inst/s00_entry_pipeline/s00_si_converter/inst/gen_axilite_conv.axilite_conv_inst/aw_addr_reg[6]/C
                         clock pessimism              0.264    12.967    
                         clock uncertainty           -0.154    12.813    
    SLICE_X31Y91         FDRE (Setup_fdre_C_D)        0.031    12.844    system_i/ps7_0_axi_periph/inst/s00_entry_pipeline/s00_si_converter/inst/gen_axilite_conv.axilite_conv_inst/aw_addr_reg[6]
  -------------------------------------------------------------------
                         required time                         12.844    
                         arrival time                          -9.842    
  -------------------------------------------------------------------
                         slack                                  3.002    

Slack (MET) :             3.010ns  (required time - arrival time)
  Source:                 system_i/ps7_0_axi_periph/inst/s00_entry_pipeline/s00_mmu/inst/aw_reg_stall/m_vector_i_reg[1027]/C
                            (rising edge-triggered cell FDRE clocked by clk_fpga_0  {rise@0.000ns fall@5.000ns period=10.000ns})
  Destination:            system_i/ps7_0_axi_periph/inst/s00_entry_pipeline/s00_si_converter/inst/gen_axilite_conv.axilite_conv_inst/aw_addr_reg[2]/D
                            (rising edge-triggered cell FDRE clocked by clk_fpga_0  {rise@0.000ns fall@5.000ns period=10.000ns})
  Path Group:             clk_fpga_0
  Path Type:              Setup (Max at Slow Process Corner)
  Requirement:            10.000ns  (clk_fpga_0 rise@10.000ns - clk_fpga_0 rise@0.000ns)
  Data Path Delay:        6.837ns  (logic 2.541ns (37.165%)  route 4.296ns (62.835%))
  Logic Levels:           9  (CARRY4=2 LUT2=2 LUT4=3 LUT5=1 LUT6=1)
  Clock Path Skew:        -0.028ns (DCD - SCD + CPR)
    Destination Clock Delay (DCD):    2.702ns = ( 12.702 - 10.000 ) 
    Source Clock Delay      (SCD):    2.994ns
    Clock Pessimism Removal (CPR):    0.264ns
  Clock Uncertainty:      0.154ns  ((TSJ^2 + TIJ^2)^1/2 + DJ) / 2 + PE
    Total System Jitter     (TSJ):    0.071ns
    Total Input Jitter      (TIJ):    0.300ns
    Discrete Jitter          (DJ):    0.000ns
    Phase Error              (PE):    0.000ns

    Location             Delay type                Incr(ns)  Path(ns)    Netlist Resource(s)
  -------------------------------------------------------------------    -------------------
                         (clock clk_fpga_0 rise edge)
                                                      0.000     0.000 r  
    PS7_X0Y0             PS7                          0.000     0.000 r  system_i/processing_system7_0/inst/PS7_i/FCLKCLK[0]
                         net (fo=1, routed)           1.193     1.193    system_i/processing_system7_0/inst/FCLK_CLK_unbuffered[0]
    BUFGCTRL_X0Y16       BUFG (Prop_bufg_I_O)         0.101     1.294 r  system_i/processing_system7_0/inst/buffer_fclk_clk_0.FCLK_CLK_0_BUFG/O
                         net (fo=2984, routed)        1.700     2.994    system_i/ps7_0_axi_periph/inst/s00_entry_pipeline/s00_mmu/inst/aw_reg_stall/aclk
    SLICE_X28Y99         FDRE                                         r  system_i/ps7_0_axi_periph/inst/s00_entry_pipeline/s00_mmu/inst/aw_reg_stall/m_vector_i_reg[1027]/C
  -------------------------------------------------------------------    -------------------
    SLICE_X28Y99         FDRE (Prop_fdre_C_Q)         0.456     3.450 f  system_i/ps7_0_axi_periph/inst/s00_entry_pipeline/s00_mmu/inst/aw_reg_stall/m_vector_i_reg[1027]/Q
                         net (fo=20, routed)          1.146     4.596    system_i/ps7_0_axi_periph/inst/s00_entry_pipeline/s00_si_converter/inst/gen_axilite_conv.axilite_conv_inst/s_axi_awsize[1]
    SLICE_X30Y89         LUT2 (Prop_lut2_I1_O)        0.150     4.746 f  system_i/ps7_0_axi_periph/inst/s00_entry_pipeline/s00_si_converter/inst/gen_axilite_conv.axilite_conv_inst/aw_addr[5]_i_3/O
                         net (fo=2, routed)           0.595     5.341    system_i/ps7_0_axi_periph/inst/s00_entry_pipeline/s00_si_converter/inst/gen_axilite_conv.axilite_conv_inst/aw_addr[5]_i_3_n_0
    SLICE_X31Y91         LUT4 (Prop_lut4_I0_O)        0.348     5.689 r  system_i/ps7_0_axi_periph/inst/s00_entry_pipeline/s00_si_converter/inst/gen_axilite_conv.axilite_conv_inst/aw_addr[5]_i_2/O
                         net (fo=3, routed)           0.611     6.300    system_i/ps7_0_axi_periph/inst/s00_entry_pipeline/s00_si_converter/inst/gen_axilite_conv.axilite_conv_inst/wrap_awaddr[5]
    SLICE_X29Y91         LUT2 (Prop_lut2_I0_O)        0.124     6.424 r  system_i/ps7_0_axi_periph/inst/s00_entry_pipeline/s00_si_converter/inst/gen_axilite_conv.axilite_conv_inst/aw_addr[8]_i_28/O
                         net (fo=1, routed)           0.000     6.424    system_i/ps7_0_axi_periph/inst/s00_entry_pipeline/s00_si_converter/inst/gen_axilite_conv.axilite_conv_inst/aw_addr[8]_i_28_n_0
    SLICE_X29Y91         CARRY4 (Prop_carry4_S[1]_CO[3])
                                                      0.550     6.974 r  system_i/ps7_0_axi_periph/inst/s00_entry_pipeline/s00_si_converter/inst/gen_axilite_conv.axilite_conv_inst/aw_addr_reg[8]_i_18/CO[3]
                         net (fo=1, routed)           0.000     6.974    system_i/ps7_0_axi_periph/inst/s00_entry_pipeline/s00_si_converter/inst/gen_axilite_conv.axilite_conv_inst/aw_addr_reg[8]_i_18_n_0
    SLICE_X29Y92         CARRY4 (Prop_carry4_CI_O[2])
                                                      0.239     7.213 r  system_i/ps7_0_axi_periph/inst/s00_entry_pipeline/s00_si_converter/inst/gen_axilite_conv.axilite_conv_inst/aw_addr_reg[8]_i_17/O[2]
                         net (fo=1, routed)           0.354     7.566    system_i/ps7_0_axi_periph/inst/s00_entry_pipeline/s00_si_converter/inst/gen_axilite_conv.axilite_conv_inst/wrap_awaddr_limit[10]
    SLICE_X28Y92         LUT4 (Prop_lut4_I0_O)        0.302     7.868 f  system_i/ps7_0_axi_periph/inst/s00_entry_pipeline/s00_si_converter/inst/gen_axilite_conv.axilite_conv_inst/aw_addr[8]_i_22/O
                         net (fo=1, routed)           0.488     8.357    system_i/ps7_0_axi_periph/inst/s00_entry_pipeline/s00_si_converter/inst/gen_axilite_conv.axilite_conv_inst/aw_addr[8]_i_22_n_0
    SLICE_X28Y92         LUT5 (Prop_lut5_I4_O)        0.124     8.481 f  system_i/ps7_0_axi_periph/inst/s00_entry_pipeline/s00_si_converter/inst/gen_axilite_conv.axilite_conv_inst/aw_addr[8]_i_14/O
                         net (fo=1, routed)           0.600     9.080    system_i/ps7_0_axi_periph/inst/s00_entry_pipeline/s00_si_converter/inst/gen_axilite_conv.axilite_conv_inst/aw_addr[8]_i_14_n_0
    SLICE_X31Y90         LUT4 (Prop_lut4_I3_O)        0.124     9.204 r  system_i/ps7_0_axi_periph/inst/s00_entry_pipeline/s00_si_converter/inst/gen_axilite_conv.axilite_conv_inst/aw_addr[8]_i_7/O
                         net (fo=12, routed)          0.503     9.707    system_i/ps7_0_axi_periph/inst/s00_entry_pipeline/s00_si_converter/inst/gen_axilite_conv.axilite_conv_inst/aw_addr[8]_i_7_n_0
    SLICE_X28Y90         LUT6 (Prop_lut6_I1_O)        0.124     9.831 r  system_i/ps7_0_axi_periph/inst/s00_entry_pipeline/s00_si_converter/inst/gen_axilite_conv.axilite_conv_inst/aw_addr[2]_i_1/O
                         net (fo=1, routed)           0.000     9.831    system_i/ps7_0_axi_periph/inst/s00_entry_pipeline/s00_si_converter/inst/gen_axilite_conv.axilite_conv_inst/aw_addr[2]
    SLICE_X28Y90         FDRE                                         r  system_i/ps7_0_axi_periph/inst/s00_entry_pipeline/s00_si_converter/inst/gen_axilite_conv.axilite_conv_inst/aw_addr_reg[2]/D
  -------------------------------------------------------------------    -------------------

                         (clock clk_fpga_0 rise edge)
                                                     10.000    10.000 r  
    PS7_X0Y0             PS7                          0.000    10.000 r  system_i/processing_system7_0/inst/PS7_i/FCLKCLK[0]
                         net (fo=1, routed)           1.088    11.088    system_i/processing_system7_0/inst/FCLK_CLK_unbuffered[0]
    BUFGCTRL_X0Y16       BUFG (Prop_bufg_I_O)         0.091    11.179 r  system_i/processing_system7_0/inst/buffer_fclk_clk_0.FCLK_CLK_0_BUFG/O
                         net (fo=2984, routed)        1.523    12.702    system_i/ps7_0_axi_periph/inst/s00_entry_pipeline/s00_si_converter/inst/gen_axilite_conv.axilite_conv_inst/aclk
    SLICE_X28Y90         FDRE                                         r  system_i/ps7_0_axi_periph/inst/s00_entry_pipeline/s00_si_converter/inst/gen_axilite_conv.axilite_conv_inst/aw_addr_reg[2]/C
                         clock pessimism              0.264    12.966    
                         clock uncertainty           -0.154    12.812    
    SLICE_X28Y90         FDRE (Setup_fdre_C_D)        0.029    12.841    system_i/ps7_0_axi_periph/inst/s00_entry_pipeline/s00_si_converter/inst/gen_axilite_conv.axilite_conv_inst/aw_addr_reg[2]
  -------------------------------------------------------------------
                         required time                         12.841    
                         arrival time                          -9.831    
  -------------------------------------------------------------------
                         slack                                  3.010    

Slack (MET) :             3.031ns  (required time - arrival time)
  Source:                 system_i/ps7_0_axi_periph/inst/s00_entry_pipeline/s00_mmu/inst/aw_reg_stall/m_vector_i_reg[1027]/C
                            (rising edge-triggered cell FDRE clocked by clk_fpga_0  {rise@0.000ns fall@5.000ns period=10.000ns})
  Destination:            system_i/ps7_0_axi_periph/inst/s00_entry_pipeline/s00_si_converter/inst/gen_axilite_conv.axilite_conv_inst/aw_addr_reg[7]/D
                            (rising edge-triggered cell FDRE clocked by clk_fpga_0  {rise@0.000ns fall@5.000ns period=10.000ns})
  Path Group:             clk_fpga_0
  Path Type:              Setup (Max at Slow Process Corner)
  Requirement:            10.000ns  (clk_fpga_0 rise@10.000ns - clk_fpga_0 rise@0.000ns)
  Data Path Delay:        6.819ns  (logic 2.541ns (37.264%)  route 4.278ns (62.736%))
  Logic Levels:           9  (CARRY4=2 LUT2=2 LUT4=3 LUT5=2)
  Clock Path Skew:        -0.027ns (DCD - SCD + CPR)
    Destination Clock Delay (DCD):    2.703ns = ( 12.703 - 10.000 ) 
    Source Clock Delay      (SCD):    2.994ns
    Clock Pessimism Removal (CPR):    0.264ns
  Clock Uncertainty:      0.154ns  ((TSJ^2 + TIJ^2)^1/2 + DJ) / 2 + PE
    Total System Jitter     (TSJ):    0.071ns
    Total Input Jitter      (TIJ):    0.300ns
    Discrete Jitter          (DJ):    0.000ns
    Phase Error              (PE):    0.000ns

    Location             Delay type                Incr(ns)  Path(ns)    Netlist Resource(s)
  -------------------------------------------------------------------    -------------------
                         (clock clk_fpga_0 rise edge)
                                                      0.000     0.000 r  
    PS7_X0Y0             PS7                          0.000     0.000 r  system_i/processing_system7_0/inst/PS7_i/FCLKCLK[0]
                         net (fo=1, routed)           1.193     1.193    system_i/processing_system7_0/inst/FCLK_CLK_unbuffered[0]
    BUFGCTRL_X0Y16       BUFG (Prop_bufg_I_O)         0.101     1.294 r  system_i/processing_system7_0/inst/buffer_fclk_clk_0.FCLK_CLK_0_BUFG/O
                         net (fo=2984, routed)        1.700     2.994    system_i/ps7_0_axi_periph/inst/s00_entry_pipeline/s00_mmu/inst/aw_reg_stall/aclk
    SLICE_X28Y99         FDRE                                         r  system_i/ps7_0_axi_periph/inst/s00_entry_pipeline/s00_mmu/inst/aw_reg_stall/m_vector_i_reg[1027]/C
  -------------------------------------------------------------------    -------------------
    SLICE_X28Y99         FDRE (Prop_fdre_C_Q)         0.456     3.450 f  system_i/ps7_0_axi_periph/inst/s00_entry_pipeline/s00_mmu/inst/aw_reg_stall/m_vector_i_reg[1027]/Q
                         net (fo=20, routed)          1.146     4.596    system_i/ps7_0_axi_periph/inst/s00_entry_pipeline/s00_si_converter/inst/gen_axilite_conv.axilite_conv_inst/s_axi_awsize[1]
    SLICE_X30Y89         LUT2 (Prop_lut2_I1_O)        0.150     4.746 f  system_i/ps7_0_axi_periph/inst/s00_entry_pipeline/s00_si_converter/inst/gen_axilite_conv.axilite_conv_inst/aw_addr[5]_i_3/O
                         net (fo=2, routed)           0.595     5.341    system_i/ps7_0_axi_periph/inst/s00_entry_pipeline/s00_si_converter/inst/gen_axilite_conv.axilite_conv_inst/aw_addr[5]_i_3_n_0
    SLICE_X31Y91         LUT4 (Prop_lut4_I0_O)        0.348     5.689 r  system_i/ps7_0_axi_periph/inst/s00_entry_pipeline/s00_si_converter/inst/gen_axilite_conv.axilite_conv_inst/aw_addr[5]_i_2/O
                         net (fo=3, routed)           0.611     6.300    system_i/ps7_0_axi_periph/inst/s00_entry_pipeline/s00_si_converter/inst/gen_axilite_conv.axilite_conv_inst/wrap_awaddr[5]
    SLICE_X29Y91         LUT2 (Prop_lut2_I0_O)        0.124     6.424 r  system_i/ps7_0_axi_periph/inst/s00_entry_pipeline/s00_si_converter/inst/gen_axilite_conv.axilite_conv_inst/aw_addr[8]_i_28/O
                         net (fo=1, routed)           0.000     6.424    system_i/ps7_0_axi_periph/inst/s00_entry_pipeline/s00_si_converter/inst/gen_axilite_conv.axilite_conv_inst/aw_addr[8]_i_28_n_0
    SLICE_X29Y91         CARRY4 (Prop_carry4_S[1]_CO[3])
                                                      0.550     6.974 r  system_i/ps7_0_axi_periph/inst/s00_entry_pipeline/s00_si_converter/inst/gen_axilite_conv.axilite_conv_inst/aw_addr_reg[8]_i_18/CO[3]
                         net (fo=1, routed)           0.000     6.974    system_i/ps7_0_axi_periph/inst/s00_entry_pipeline/s00_si_converter/inst/gen_axilite_conv.axilite_conv_inst/aw_addr_reg[8]_i_18_n_0
    SLICE_X29Y92         CARRY4 (Prop_carry4_CI_O[2])
                                                      0.239     7.213 r  system_i/ps7_0_axi_periph/inst/s00_entry_pipeline/s00_si_converter/inst/gen_axilite_conv.axilite_conv_inst/aw_addr_reg[8]_i_17/O[2]
                         net (fo=1, routed)           0.354     7.566    system_i/ps7_0_axi_periph/inst/s00_entry_pipeline/s00_si_converter/inst/gen_axilite_conv.axilite_conv_inst/wrap_awaddr_limit[10]
    SLICE_X28Y92         LUT4 (Prop_lut4_I0_O)        0.302     7.868 f  system_i/ps7_0_axi_periph/inst/s00_entry_pipeline/s00_si_converter/inst/gen_axilite_conv.axilite_conv_inst/aw_addr[8]_i_22/O
                         net (fo=1, routed)           0.488     8.357    system_i/ps7_0_axi_periph/inst/s00_entry_pipeline/s00_si_converter/inst/gen_axilite_conv.axilite_conv_inst/aw_addr[8]_i_22_n_0
    SLICE_X28Y92         LUT5 (Prop_lut5_I4_O)        0.124     8.481 f  system_i/ps7_0_axi_periph/inst/s00_entry_pipeline/s00_si_converter/inst/gen_axilite_conv.axilite_conv_inst/aw_addr[8]_i_14/O
                         net (fo=1, routed)           0.600     9.080    system_i/ps7_0_axi_periph/inst/s00_entry_pipeline/s00_si_converter/inst/gen_axilite_conv.axilite_conv_inst/aw_addr[8]_i_14_n_0
    SLICE_X31Y90         LUT4 (Prop_lut4_I3_O)        0.124     9.204 r  system_i/ps7_0_axi_periph/inst/s00_entry_pipeline/s00_si_converter/inst/gen_axilite_conv.axilite_conv_inst/aw_addr[8]_i_7/O
                         net (fo=12, routed)          0.485     9.689    system_i/ps7_0_axi_periph/inst/s00_entry_pipeline/s00_si_converter/inst/gen_axilite_conv.axilite_conv_inst/aw_addr[8]_i_7_n_0
    SLICE_X31Y91         LUT5 (Prop_lut5_I1_O)        0.124     9.813 r  system_i/ps7_0_axi_periph/inst/s00_entry_pipeline/s00_si_converter/inst/gen_axilite_conv.axilite_conv_inst/aw_addr[7]_i_1/O
                         net (fo=1, routed)           0.000     9.813    system_i/ps7_0_axi_periph/inst/s00_entry_pipeline/s00_si_converter/inst/gen_axilite_conv.axilite_conv_inst/aw_addr[7]
    SLICE_X31Y91         FDRE                                         r  system_i/ps7_0_axi_periph/inst/s00_entry_pipeline/s00_si_converter/inst/gen_axilite_conv.axilite_conv_inst/aw_addr_reg[7]/D
  -------------------------------------------------------------------    -------------------

                         (clock clk_fpga_0 rise edge)
                                                     10.000    10.000 r  
    PS7_X0Y0             PS7                          0.000    10.000 r  system_i/processing_system7_0/inst/PS7_i/FCLKCLK[0]
                         net (fo=1, routed)           1.088    11.088    system_i/processing_system7_0/inst/FCLK_CLK_unbuffered[0]
    BUFGCTRL_X0Y16       BUFG (Prop_bufg_I_O)         0.091    11.179 r  system_i/processing_system7_0/inst/buffer_fclk_clk_0.FCLK_CLK_0_BUFG/O
                         net (fo=2984, routed)        1.524    12.703    system_i/ps7_0_axi_periph/inst/s00_entry_pipeline/s00_si_converter/inst/gen_axilite_conv.axilite_conv_inst/aclk
    SLICE_X31Y91         FDRE                                         r  system_i/ps7_0_axi_periph/inst/s00_entry_pipeline/s00_si_converter/inst/gen_axilite_conv.axilite_conv_inst/aw_addr_reg[7]/C
                         clock pessimism              0.264    12.967    
                         clock uncertainty           -0.154    12.813    
    SLICE_X31Y91         FDRE (Setup_fdre_C_D)        0.031    12.844    system_i/ps7_0_axi_periph/inst/s00_entry_pipeline/s00_si_converter/inst/gen_axilite_conv.axilite_conv_inst/aw_addr_reg[7]
  -------------------------------------------------------------------
                         required time                         12.844    
                         arrival time                          -9.813    
  -------------------------------------------------------------------
                         slack                                  3.031    

Slack (MET) :             3.037ns  (required time - arrival time)
  Source:                 system_i/ps7_0_axi_periph/inst/s00_entry_pipeline/s00_mmu/inst/aw_reg_stall/m_vector_i_reg[1027]/C
                            (rising edge-triggered cell FDRE clocked by clk_fpga_0  {rise@0.000ns fall@5.000ns period=10.000ns})
  Destination:            system_i/ps7_0_axi_periph/inst/s00_entry_pipeline/s00_si_converter/inst/gen_axilite_conv.axilite_conv_inst/aw_addr_reg[1]/D
                            (rising edge-triggered cell FDRE clocked by clk_fpga_0  {rise@0.000ns fall@5.000ns period=10.000ns})
  Path Group:             clk_fpga_0
  Path Type:              Setup (Max at Slow Process Corner)
  Requirement:            10.000ns  (clk_fpga_0 rise@10.000ns - clk_fpga_0 rise@0.000ns)
  Data Path Delay:        6.812ns  (logic 2.541ns (37.302%)  route 4.271ns (62.698%))
  Logic Levels:           9  (CARRY4=2 LUT2=2 LUT4=3 LUT5=1 LUT6=1)
  Clock Path Skew:        -0.028ns (DCD - SCD + CPR)
    Destination Clock Delay (DCD):    2.702ns = ( 12.702 - 10.000 ) 
    Source Clock Delay      (SCD):    2.994ns
    Clock Pessimism Removal (CPR):    0.264ns
  Clock Uncertainty:      0.154ns  ((TSJ^2 + TIJ^2)^1/2 + DJ) / 2 + PE
    Total System Jitter     (TSJ):    0.071ns
    Total Input Jitter      (TIJ):    0.300ns
    Discrete Jitter          (DJ):    0.000ns
    Phase Error              (PE):    0.000ns

    Location             Delay type                Incr(ns)  Path(ns)    Netlist Resource(s)
  -------------------------------------------------------------------    -------------------
                         (clock clk_fpga_0 rise edge)
                                                      0.000     0.000 r  
    PS7_X0Y0             PS7                          0.000     0.000 r  system_i/processing_system7_0/inst/PS7_i/FCLKCLK[0]
                         net (fo=1, routed)           1.193     1.193    system_i/processing_system7_0/inst/FCLK_CLK_unbuffered[0]
    BUFGCTRL_X0Y16       BUFG (Prop_bufg_I_O)         0.101     1.294 r  system_i/processing_system7_0/inst/buffer_fclk_clk_0.FCLK_CLK_0_BUFG/O
                         net (fo=2984, routed)        1.700     2.994    system_i/ps7_0_axi_periph/inst/s00_entry_pipeline/s00_mmu/inst/aw_reg_stall/aclk
    SLICE_X28Y99         FDRE                                         r  system_i/ps7_0_axi_periph/inst/s00_entry_pipeline/s00_mmu/inst/aw_reg_stall/m_vector_i_reg[1027]/C
  -------------------------------------------------------------------    -------------------
    SLICE_X28Y99         FDRE (Prop_fdre_C_Q)         0.456     3.450 f  system_i/ps7_0_axi_periph/inst/s00_entry_pipeline/s00_mmu/inst/aw_reg_stall/m_vector_i_reg[1027]/Q
                         net (fo=20, routed)          1.146     4.596    system_i/ps7_0_axi_periph/inst/s00_entry_pipeline/s00_si_converter/inst/gen_axilite_conv.axilite_conv_inst/s_axi_awsize[1]
    SLICE_X30Y89         LUT2 (Prop_lut2_I1_O)        0.150     4.746 f  system_i/ps7_0_axi_periph/inst/s00_entry_pipeline/s00_si_converter/inst/gen_axilite_conv.axilite_conv_inst/aw_addr[5]_i_3/O
                         net (fo=2, routed)           0.595     5.341    system_i/ps7_0_axi_periph/inst/s00_entry_pipeline/s00_si_converter/inst/gen_axilite_conv.axilite_conv_inst/aw_addr[5]_i_3_n_0
    SLICE_X31Y91         LUT4 (Prop_lut4_I0_O)        0.348     5.689 r  system_i/ps7_0_axi_periph/inst/s00_entry_pipeline/s00_si_converter/inst/gen_axilite_conv.axilite_conv_inst/aw_addr[5]_i_2/O
                         net (fo=3, routed)           0.611     6.300    system_i/ps7_0_axi_periph/inst/s00_entry_pipeline/s00_si_converter/inst/gen_axilite_conv.axilite_conv_inst/wrap_awaddr[5]
    SLICE_X29Y91         LUT2 (Prop_lut2_I0_O)        0.124     6.424 r  system_i/ps7_0_axi_periph/inst/s00_entry_pipeline/s00_si_converter/inst/gen_axilite_conv.axilite_conv_inst/aw_addr[8]_i_28/O
                         net (fo=1, routed)           0.000     6.424    system_i/ps7_0_axi_periph/inst/s00_entry_pipeline/s00_si_converter/inst/gen_axilite_conv.axilite_conv_inst/aw_addr[8]_i_28_n_0
    SLICE_X29Y91         CARRY4 (Prop_carry4_S[1]_CO[3])
                                                      0.550     6.974 r  system_i/ps7_0_axi_periph/inst/s00_entry_pipeline/s00_si_converter/inst/gen_axilite_conv.axilite_conv_inst/aw_addr_reg[8]_i_18/CO[3]
                         net (fo=1, routed)           0.000     6.974    system_i/ps7_0_axi_periph/inst/s00_entry_pipeline/s00_si_converter/inst/gen_axilite_conv.axilite_conv_inst/aw_addr_reg[8]_i_18_n_0
    SLICE_X29Y92         CARRY4 (Prop_carry4_CI_O[2])
                                                      0.239     7.213 r  system_i/ps7_0_axi_periph/inst/s00_entry_pipeline/s00_si_converter/inst/gen_axilite_conv.axilite_conv_inst/aw_addr_reg[8]_i_17/O[2]
                         net (fo=1, routed)           0.354     7.566    system_i/ps7_0_axi_periph/inst/s00_entry_pipeline/s00_si_converter/inst/gen_axilite_conv.axilite_conv_inst/wrap_awaddr_limit[10]
    SLICE_X28Y92         LUT4 (Prop_lut4_I0_O)        0.302     7.868 f  system_i/ps7_0_axi_periph/inst/s00_entry_pipeline/s00_si_converter/inst/gen_axilite_conv.axilite_conv_inst/aw_addr[8]_i_22/O
                         net (fo=1, routed)           0.488     8.357    system_i/ps7_0_axi_periph/inst/s00_entry_pipeline/s00_si_converter/inst/gen_axilite_conv.axilite_conv_inst/aw_addr[8]_i_22_n_0
    SLICE_X28Y92         LUT5 (Prop_lut5_I4_O)        0.124     8.481 f  system_i/ps7_0_axi_periph/inst/s00_entry_pipeline/s00_si_converter/inst/gen_axilite_conv.axilite_conv_inst/aw_addr[8]_i_14/O
                         net (fo=1, routed)           0.600     9.080    system_i/ps7_0_axi_periph/inst/s00_entry_pipeline/s00_si_converter/inst/gen_axilite_conv.axilite_conv_inst/aw_addr[8]_i_14_n_0
    SLICE_X31Y90         LUT4 (Prop_lut4_I3_O)        0.124     9.204 r  system_i/ps7_0_axi_periph/inst/s00_entry_pipeline/s00_si_converter/inst/gen_axilite_conv.axilite_conv_inst/aw_addr[8]_i_7/O
                         net (fo=12, routed)          0.478     9.682    system_i/ps7_0_axi_periph/inst/s00_entry_pipeline/s00_si_converter/inst/gen_axilite_conv.axilite_conv_inst/aw_addr[8]_i_7_n_0
    SLICE_X31Y90         LUT6 (Prop_lut6_I1_O)        0.124     9.806 r  system_i/ps7_0_axi_periph/inst/s00_entry_pipeline/s00_si_converter/inst/gen_axilite_conv.axilite_conv_inst/aw_addr[1]_i_1/O
                         net (fo=1, routed)           0.000     9.806    system_i/ps7_0_axi_periph/inst/s00_entry_pipeline/s00_si_converter/inst/gen_axilite_conv.axilite_conv_inst/aw_addr[1]
    SLICE_X31Y90         FDRE                                         r  system_i/ps7_0_axi_periph/inst/s00_entry_pipeline/s00_si_converter/inst/gen_axilite_conv.axilite_conv_inst/aw_addr_reg[1]/D
  -------------------------------------------------------------------    -------------------

                         (clock clk_fpga_0 rise edge)
                                                     10.000    10.000 r  
    PS7_X0Y0             PS7                          0.000    10.000 r  system_i/processing_system7_0/inst/PS7_i/FCLKCLK[0]
                         net (fo=1, routed)           1.088    11.088    system_i/processing_system7_0/inst/FCLK_CLK_unbuffered[0]
    BUFGCTRL_X0Y16       BUFG (Prop_bufg_I_O)         0.091    11.179 r  system_i/processing_system7_0/inst/buffer_fclk_clk_0.FCLK_CLK_0_BUFG/O
                         net (fo=2984, routed)        1.523    12.702    system_i/ps7_0_axi_periph/inst/s00_entry_pipeline/s00_si_converter/inst/gen_axilite_conv.axilite_conv_inst/aclk
    SLICE_X31Y90         FDRE                                         r  system_i/ps7_0_axi_periph/inst/s00_entry_pipeline/s00_si_converter/inst/gen_axilite_conv.axilite_conv_inst/aw_addr_reg[1]/C
                         clock pessimism              0.264    12.966    
                         clock uncertainty           -0.154    12.812    
    SLICE_X31Y90         FDRE (Setup_fdre_C_D)        0.031    12.843    system_i/ps7_0_axi_periph/inst/s00_entry_pipeline/s00_si_converter/inst/gen_axilite_conv.axilite_conv_inst/aw_addr_reg[1]
  -------------------------------------------------------------------
                         required time                         12.843    
                         arrival time                          -9.806    
  -------------------------------------------------------------------
                         slack                                  3.037    





Min Delay Paths
--------------------------------------------------------------------------------------
Slack (MET) :             0.029ns  (arrival time - required time)
  Source:                 system_i/axi_mem_intercon/inst/s00_nodes/s00_ar_node/inst/inst_mi_handler/gen_normal_area.inst_fifo_node_payld/gen_xpm_memory_fifo.inst_fifo/gen_mem_rep[0].inst_xpm_memory/xpm_memory_base_inst/gen_rd_b.gen_rd_b_synth_template.gen_rf_narrow_reg.doutb_reg_reg[80]/C
                            (rising edge-triggered cell FDRE clocked by clk_fpga_0  {rise@0.000ns fall@5.000ns period=10.000ns})
  Destination:            system_i/axi_mem_intercon/inst/m00_exit_pipeline/m00_exit/inst/splitter_inst/gen_axi3.splitter_inst/ar_cmd_reg/m_vector_i_reg[143]/D
                            (rising edge-triggered cell FDRE clocked by clk_fpga_0  {rise@0.000ns fall@5.000ns period=10.000ns})
  Path Group:             clk_fpga_0
  Path Type:              Hold (Min at Fast Process Corner)
  Requirement:            0.000ns  (clk_fpga_0 rise@0.000ns - clk_fpga_0 rise@0.000ns)
  Data Path Delay:        0.323ns  (logic 0.148ns (45.792%)  route 0.175ns (54.208%))
  Logic Levels:           0  
  Clock Path Skew:        0.282ns (DCD - SCD - CPR)
    Destination Clock Delay (DCD):    1.225ns
    Source Clock Delay      (SCD):    0.913ns
    Clock Pessimism Removal (CPR):    0.030ns

    Location             Delay type                Incr(ns)  Path(ns)    Netlist Resource(s)
  -------------------------------------------------------------------    -------------------
                         (clock clk_fpga_0 rise edge)
                                                      0.000     0.000 r  
    PS7_X0Y0             PS7                          0.000     0.000 r  system_i/processing_system7_0/inst/PS7_i/FCLKCLK[0]
                         net (fo=1, routed)           0.310     0.310    system_i/processing_system7_0/inst/FCLK_CLK_unbuffered[0]
    BUFGCTRL_X0Y16       BUFG (Prop_bufg_I_O)         0.026     0.336 r  system_i/processing_system7_0/inst/buffer_fclk_clk_0.FCLK_CLK_0_BUFG/O
                         net (fo=2984, routed)        0.577     0.913    system_i/axi_mem_intercon/inst/s00_nodes/s00_ar_node/inst/inst_mi_handler/gen_normal_area.inst_fifo_node_payld/gen_xpm_memory_fifo.inst_fifo/gen_mem_rep[0].inst_xpm_memory/xpm_memory_base_inst/clka
    SLICE_X30Y50         FDRE                                         r  system_i/axi_mem_intercon/inst/s00_nodes/s00_ar_node/inst/inst_mi_handler/gen_normal_area.inst_fifo_node_payld/gen_xpm_memory_fifo.inst_fifo/gen_mem_rep[0].inst_xpm_memory/xpm_memory_base_inst/gen_rd_b.gen_rd_b_synth_template.gen_rf_narrow_reg.doutb_reg_reg[80]/C
  -------------------------------------------------------------------    -------------------
    SLICE_X30Y50         FDRE (Prop_fdre_C_Q)         0.148     1.061 r  system_i/axi_mem_intercon/inst/s00_nodes/s00_ar_node/inst/inst_mi_handler/gen_normal_area.inst_fifo_node_payld/gen_xpm_memory_fifo.inst_fifo/gen_mem_rep[0].inst_xpm_memory/xpm_memory_base_inst/gen_rd_b.gen_rd_b_synth_template.gen_rf_narrow_reg.doutb_reg_reg[80]/Q
                         net (fo=2, routed)           0.175     1.236    system_i/axi_mem_intercon/inst/m00_exit_pipeline/m00_exit/inst/splitter_inst/gen_axi3.splitter_inst/ar_cmd_reg/s_axi_aruser[7]
    SLICE_X29Y49         FDRE                                         r  system_i/axi_mem_intercon/inst/m00_exit_pipeline/m00_exit/inst/splitter_inst/gen_axi3.splitter_inst/ar_cmd_reg/m_vector_i_reg[143]/D
  -------------------------------------------------------------------    -------------------

                         (clock clk_fpga_0 rise edge)
                                                      0.000     0.000 r  
    PS7_X0Y0             PS7                          0.000     0.000 r  system_i/processing_system7_0/inst/PS7_i/FCLKCLK[0]
                         net (fo=1, routed)           0.337     0.337    system_i/processing_system7_0/inst/FCLK_CLK_unbuffered[0]
    BUFGCTRL_X0Y16       BUFG (Prop_bufg_I_O)         0.029     0.366 r  system_i/processing_system7_0/inst/buffer_fclk_clk_0.FCLK_CLK_0_BUFG/O
                         net (fo=2984, routed)        0.859     1.225    system_i/axi_mem_intercon/inst/m00_exit_pipeline/m00_exit/inst/splitter_inst/gen_axi3.splitter_inst/ar_cmd_reg/aclk
    SLICE_X29Y49         FDRE                                         r  system_i/axi_mem_intercon/inst/m00_exit_pipeline/m00_exit/inst/splitter_inst/gen_axi3.splitter_inst/ar_cmd_reg/m_vector_i_reg[143]/C
                         clock pessimism             -0.030     1.195    
    SLICE_X29Y49         FDRE (Hold_fdre_C_D)         0.012     1.207    system_i/axi_mem_intercon/inst/m00_exit_pipeline/m00_exit/inst/splitter_inst/gen_axi3.splitter_inst/ar_cmd_reg/m_vector_i_reg[143]
  -------------------------------------------------------------------
                         required time                         -1.207    
                         arrival time                           1.236    
  -------------------------------------------------------------------
                         slack                                  0.029    

Slack (MET) :             0.060ns  (arrival time - required time)
  Source:                 system_i/axi_mem_intercon/inst/s00_nodes/s00_r_node/inst/inst_mi_handler/gen_normal_area.inst_fifo_node_payld/gen_xpm_memory_fifo.inst_fifo/gen_mem_rep[0].inst_xpm_memory/xpm_memory_base_inst/gen_rd_b.gen_rd_b_synth_template.gen_rf_narrow_reg.doutb_reg_reg[73]/C
                            (rising edge-triggered cell FDRE clocked by clk_fpga_0  {rise@0.000ns fall@5.000ns period=10.000ns})
  Destination:            system_i/axi_vdma_0/U0/I_PRMRY_DATAMOVER/GEN_MM2S_FULL.I_MM2S_FULL_WRAPPER/GEN_INCLUDE_MM2S_SF.I_RD_SF/I_DATA_FIFO/BLK_MEM.I_SYNC_FIFOGEN_FIFO/xpm_fifo_base_inst/gen_sdpram.xpm_memory_base_inst/gen_wr_a.gen_word_narrow.mem_reg/DIBDI[22]
                            (rising edge-triggered cell RAMB36E1 clocked by clk_fpga_0  {rise@0.000ns fall@5.000ns period=10.000ns})
  Path Group:             clk_fpga_0
  Path Type:              Hold (Min at Fast Process Corner)
  Requirement:            0.000ns  (clk_fpga_0 rise@0.000ns - clk_fpga_0 rise@0.000ns)
  Data Path Delay:        0.433ns  (logic 0.164ns (37.832%)  route 0.269ns (62.168%))
  Logic Levels:           0  
  Clock Path Skew:        0.077ns (DCD - SCD - CPR)
    Destination Clock Delay (DCD):    1.272ns
    Source Clock Delay      (SCD):    0.932ns
    Clock Pessimism Removal (CPR):    0.263ns

    Location             Delay type                Incr(ns)  Path(ns)    Netlist Resource(s)
  -------------------------------------------------------------------    -------------------
                         (clock clk_fpga_0 rise edge)
                                                      0.000     0.000 r  
    PS7_X0Y0             PS7                          0.000     0.000 r  system_i/processing_system7_0/inst/PS7_i/FCLKCLK[0]
                         net (fo=1, routed)           0.310     0.310    system_i/processing_system7_0/inst/FCLK_CLK_unbuffered[0]
    BUFGCTRL_X0Y16       BUFG (Prop_bufg_I_O)         0.026     0.336 r  system_i/processing_system7_0/inst/buffer_fclk_clk_0.FCLK_CLK_0_BUFG/O
                         net (fo=2984, routed)        0.596     0.932    system_i/axi_mem_intercon/inst/s00_nodes/s00_r_node/inst/inst_mi_handler/gen_normal_area.inst_fifo_node_payld/gen_xpm_memory_fifo.inst_fifo/gen_mem_rep[0].inst_xpm_memory/xpm_memory_base_inst/clka
    SLICE_X14Y45         FDRE                                         r  system_i/axi_mem_intercon/inst/s00_nodes/s00_r_node/inst/inst_mi_handler/gen_normal_area.inst_fifo_node_payld/gen_xpm_memory_fifo.inst_fifo/gen_mem_rep[0].inst_xpm_memory/xpm_memory_base_inst/gen_rd_b.gen_rd_b_synth_template.gen_rf_narrow_reg.doutb_reg_reg[73]/C
  -------------------------------------------------------------------    -------------------
    SLICE_X14Y45         FDRE (Prop_fdre_C_Q)         0.164     1.095 r  system_i/axi_mem_intercon/inst/s00_nodes/s00_r_node/inst/inst_mi_handler/gen_normal_area.inst_fifo_node_payld/gen_xpm_memory_fifo.inst_fifo/gen_mem_rep[0].inst_xpm_memory/xpm_memory_base_inst/gen_rd_b.gen_rd_b_synth_template.gen_rf_narrow_reg.doutb_reg_reg[73]/Q
                         net (fo=1, routed)           0.269     1.365    system_i/axi_vdma_0/U0/I_PRMRY_DATAMOVER/GEN_MM2S_FULL.I_MM2S_FULL_WRAPPER/GEN_INCLUDE_MM2S_SF.I_RD_SF/I_DATA_FIFO/BLK_MEM.I_SYNC_FIFOGEN_FIFO/xpm_fifo_base_inst/gen_sdpram.xpm_memory_base_inst/dina[54]
    RAMB36_X0Y8          RAMB36E1                                     r  system_i/axi_vdma_0/U0/I_PRMRY_DATAMOVER/GEN_MM2S_FULL.I_MM2S_FULL_WRAPPER/GEN_INCLUDE_MM2S_SF.I_RD_SF/I_DATA_FIFO/BLK_MEM.I_SYNC_FIFOGEN_FIFO/xpm_fifo_base_inst/gen_sdpram.xpm_memory_base_inst/gen_wr_a.gen_word_narrow.mem_reg/DIBDI[22]
  -------------------------------------------------------------------    -------------------

                         (clock clk_fpga_0 rise edge)
                                                      0.000     0.000 r  
    PS7_X0Y0             PS7                          0.000     0.000 r  system_i/processing_system7_0/inst/PS7_i/FCLKCLK[0]
                         net (fo=1, routed)           0.337     0.337    system_i/processing_system7_0/inst/FCLK_CLK_unbuffered[0]
    BUFGCTRL_X0Y16       BUFG (Prop_bufg_I_O)         0.029     0.366 r  system_i/processing_system7_0/inst/buffer_fclk_clk_0.FCLK_CLK_0_BUFG/O
                         net (fo=2984, routed)        0.906     1.272    system_i/axi_vdma_0/U0/I_PRMRY_DATAMOVER/GEN_MM2S_FULL.I_MM2S_FULL_WRAPPER/GEN_INCLUDE_MM2S_SF.I_RD_SF/I_DATA_FIFO/BLK_MEM.I_SYNC_FIFOGEN_FIFO/xpm_fifo_base_inst/gen_sdpram.xpm_memory_base_inst/clka
    RAMB36_X0Y8          RAMB36E1                                     r  system_i/axi_vdma_0/U0/I_PRMRY_DATAMOVER/GEN_MM2S_FULL.I_MM2S_FULL_WRAPPER/GEN_INCLUDE_MM2S_SF.I_RD_SF/I_DATA_FIFO/BLK_MEM.I_SYNC_FIFOGEN_FIFO/xpm_fifo_base_inst/gen_sdpram.xpm_memory_base_inst/gen_wr_a.gen_word_narrow.mem_reg/CLKBWRCLK
                         clock pessimism             -0.263     1.009    
    RAMB36_X0Y8          RAMB36E1 (Hold_ramb36e1_CLKBWRCLK_DIBDI[22])
                                                      0.296     1.305    system_i/axi_vdma_0/U0/I_PRMRY_DATAMOVER/GEN_MM2S_FULL.I_MM2S_FULL_WRAPPER/GEN_INCLUDE_MM2S_SF.I_RD_SF/I_DATA_FIFO/BLK_MEM.I_SYNC_FIFOGEN_FIFO/xpm_fifo_base_inst/gen_sdpram.xpm_memory_base_inst/gen_wr_a.gen_word_narrow.mem_reg
  -------------------------------------------------------------------
                         required time                         -1.305    
                         arrival time                           1.365    
  -------------------------------------------------------------------
                         slack                                  0.060    

Slack (MET) :             0.064ns  (arrival time - required time)
  Source:                 system_i/axi_mem_intercon/inst/s00_nodes/s00_r_node/inst/inst_mi_handler/gen_normal_area.inst_fifo_node_payld/gen_xpm_memory_fifo.inst_fifo/gen_mem_rep[0].inst_xpm_memory/xpm_memory_base_inst/gen_rd_b.gen_rd_b_synth_template.gen_rf_narrow_reg.doutb_reg_reg[27]/C
                            (rising edge-triggered cell FDRE clocked by clk_fpga_0  {rise@0.000ns fall@5.000ns period=10.000ns})
  Destination:            system_i/axi_vdma_0/U0/I_PRMRY_DATAMOVER/GEN_MM2S_FULL.I_MM2S_FULL_WRAPPER/GEN_INCLUDE_MM2S_SF.I_RD_SF/I_DATA_FIFO/BLK_MEM.I_SYNC_FIFOGEN_FIFO/xpm_fifo_base_inst/gen_sdpram.xpm_memory_base_inst/gen_wr_a.gen_word_narrow.mem_reg/DIADI[8]
                            (rising edge-triggered cell RAMB36E1 clocked by clk_fpga_0  {rise@0.000ns fall@5.000ns period=10.000ns})
  Path Group:             clk_fpga_0
  Path Type:              Hold (Min at Fast Process Corner)
  Requirement:            0.000ns  (clk_fpga_0 rise@0.000ns - clk_fpga_0 rise@0.000ns)
  Data Path Delay:        0.438ns  (logic 0.164ns (37.442%)  route 0.274ns (62.558%))
  Logic Levels:           0  
  Clock Path Skew:        0.078ns (DCD - SCD - CPR)
    Destination Clock Delay (DCD):    1.272ns
    Source Clock Delay      (SCD):    0.931ns
    Clock Pessimism Removal (CPR):    0.263ns

    Location             Delay type                Incr(ns)  Path(ns)    Netlist Resource(s)
  -------------------------------------------------------------------    -------------------
                         (clock clk_fpga_0 rise edge)
                                                      0.000     0.000 r  
    PS7_X0Y0             PS7                          0.000     0.000 r  system_i/processing_system7_0/inst/PS7_i/FCLKCLK[0]
                         net (fo=1, routed)           0.310     0.310    system_i/processing_system7_0/inst/FCLK_CLK_unbuffered[0]
    BUFGCTRL_X0Y16       BUFG (Prop_bufg_I_O)         0.026     0.336 r  system_i/processing_system7_0/inst/buffer_fclk_clk_0.FCLK_CLK_0_BUFG/O
                         net (fo=2984, routed)        0.595     0.931    system_i/axi_mem_intercon/inst/s00_nodes/s00_r_node/inst/inst_mi_handler/gen_normal_area.inst_fifo_node_payld/gen_xpm_memory_fifo.inst_fifo/gen_mem_rep[0].inst_xpm_memory/xpm_memory_base_inst/clka
    SLICE_X18Y45         FDRE                                         r  system_i/axi_mem_intercon/inst/s00_nodes/s00_r_node/inst/inst_mi_handler/gen_normal_area.inst_fifo_node_payld/gen_xpm_memory_fifo.inst_fifo/gen_mem_rep[0].inst_xpm_memory/xpm_memory_base_inst/gen_rd_b.gen_rd_b_synth_template.gen_rf_narrow_reg.doutb_reg_reg[27]/C
  -------------------------------------------------------------------    -------------------
    SLICE_X18Y45         FDRE (Prop_fdre_C_Q)         0.164     1.095 r  system_i/axi_mem_intercon/inst/s00_nodes/s00_r_node/inst/inst_mi_handler/gen_normal_area.inst_fifo_node_payld/gen_xpm_memory_fifo.inst_fifo/gen_mem_rep[0].inst_xpm_memory/xpm_memory_base_inst/gen_rd_b.gen_rd_b_synth_template.gen_rf_narrow_reg.doutb_reg_reg[27]/Q
                         net (fo=1, routed)           0.274     1.369    system_i/axi_vdma_0/U0/I_PRMRY_DATAMOVER/GEN_MM2S_FULL.I_MM2S_FULL_WRAPPER/GEN_INCLUDE_MM2S_SF.I_RD_SF/I_DATA_FIFO/BLK_MEM.I_SYNC_FIFOGEN_FIFO/xpm_fifo_base_inst/gen_sdpram.xpm_memory_base_inst/dina[8]
    RAMB36_X0Y8          RAMB36E1                                     r  system_i/axi_vdma_0/U0/I_PRMRY_DATAMOVER/GEN_MM2S_FULL.I_MM2S_FULL_WRAPPER/GEN_INCLUDE_MM2S_SF.I_RD_SF/I_DATA_FIFO/BLK_MEM.I_SYNC_FIFOGEN_FIFO/xpm_fifo_base_inst/gen_sdpram.xpm_memory_base_inst/gen_wr_a.gen_word_narrow.mem_reg/DIADI[8]
  -------------------------------------------------------------------    -------------------

                         (clock clk_fpga_0 rise edge)
                                                      0.000     0.000 r  
    PS7_X0Y0             PS7                          0.000     0.000 r  system_i/processing_system7_0/inst/PS7_i/FCLKCLK[0]
                         net (fo=1, routed)           0.337     0.337    system_i/processing_system7_0/inst/FCLK_CLK_unbuffered[0]
    BUFGCTRL_X0Y16       BUFG (Prop_bufg_I_O)         0.029     0.366 r  system_i/processing_system7_0/inst/buffer_fclk_clk_0.FCLK_CLK_0_BUFG/O
                         net (fo=2984, routed)        0.906     1.272    system_i/axi_vdma_0/U0/I_PRMRY_DATAMOVER/GEN_MM2S_FULL.I_MM2S_FULL_WRAPPER/GEN_INCLUDE_MM2S_SF.I_RD_SF/I_DATA_FIFO/BLK_MEM.I_SYNC_FIFOGEN_FIFO/xpm_fifo_base_inst/gen_sdpram.xpm_memory_base_inst/clka
    RAMB36_X0Y8          RAMB36E1                                     r  system_i/axi_vdma_0/U0/I_PRMRY_DATAMOVER/GEN_MM2S_FULL.I_MM2S_FULL_WRAPPER/GEN_INCLUDE_MM2S_SF.I_RD_SF/I_DATA_FIFO/BLK_MEM.I_SYNC_FIFOGEN_FIFO/xpm_fifo_base_inst/gen_sdpram.xpm_memory_base_inst/gen_wr_a.gen_word_narrow.mem_reg/CLKBWRCLK
                         clock pessimism             -0.263     1.009    
    RAMB36_X0Y8          RAMB36E1 (Hold_ramb36e1_CLKBWRCLK_DIADI[8])
                                                      0.296     1.305    system_i/axi_vdma_0/U0/I_PRMRY_DATAMOVER/GEN_MM2S_FULL.I_MM2S_FULL_WRAPPER/GEN_INCLUDE_MM2S_SF.I_RD_SF/I_DATA_FIFO/BLK_MEM.I_SYNC_FIFOGEN_FIFO/xpm_fifo_base_inst/gen_sdpram.xpm_memory_base_inst/gen_wr_a.gen_word_narrow.mem_reg
  -------------------------------------------------------------------
                         required time                         -1.305    
                         arrival time                           1.369    
  -------------------------------------------------------------------
                         slack                                  0.064    

Slack (MET) :             0.064ns  (arrival time - required time)
  Source:                 system_i/axi_mem_intercon/inst/s00_nodes/s00_ar_node/inst/inst_mi_handler/gen_normal_area.inst_fifo_node_payld/gen_xpm_memory_fifo.inst_fifo/gen_mem_rep[0].inst_xpm_memory/xpm_memory_base_inst/gen_rd_b.gen_rd_b_synth_template.gen_rf_narrow_reg.doutb_reg_reg[2]/C
                            (rising edge-triggered cell FDRE clocked by clk_fpga_0  {rise@0.000ns fall@5.000ns period=10.000ns})
  Destination:            system_i/axi_mem_intercon/inst/m00_exit_pipeline/m00_exit/inst/splitter_inst/gen_axi3.splitter_inst/gen_rsplitter.arsplit_len_last_d_reg[2]/D
                            (rising edge-triggered cell FDRE clocked by clk_fpga_0  {rise@0.000ns fall@5.000ns period=10.000ns})
  Path Group:             clk_fpga_0
  Path Type:              Hold (Min at Fast Process Corner)
  Requirement:            0.000ns  (clk_fpga_0 rise@0.000ns - clk_fpga_0 rise@0.000ns)
  Data Path Delay:        0.441ns  (logic 0.247ns (56.005%)  route 0.194ns (43.995%))
  Logic Levels:           1  (LUT6=1)
  Clock Path Skew:        0.286ns (DCD - SCD - CPR)
    Destination Clock Delay (DCD):    1.226ns
    Source Clock Delay      (SCD):    0.910ns
    Clock Pessimism Removal (CPR):    0.030ns

    Location             Delay type                Incr(ns)  Path(ns)    Netlist Resource(s)
  -------------------------------------------------------------------    -------------------
                         (clock clk_fpga_0 rise edge)
                                                      0.000     0.000 r  
    PS7_X0Y0             PS7                          0.000     0.000 r  system_i/processing_system7_0/inst/PS7_i/FCLKCLK[0]
                         net (fo=1, routed)           0.310     0.310    system_i/processing_system7_0/inst/FCLK_CLK_unbuffered[0]
    BUFGCTRL_X0Y16       BUFG (Prop_bufg_I_O)         0.026     0.336 r  system_i/processing_system7_0/inst/buffer_fclk_clk_0.FCLK_CLK_0_BUFG/O
                         net (fo=2984, routed)        0.574     0.910    system_i/axi_mem_intercon/inst/s00_nodes/s00_ar_node/inst/inst_mi_handler/gen_normal_area.inst_fifo_node_payld/gen_xpm_memory_fifo.inst_fifo/gen_mem_rep[0].inst_xpm_memory/xpm_memory_base_inst/clka
    SLICE_X26Y50         FDRE                                         r  system_i/axi_mem_intercon/inst/s00_nodes/s00_ar_node/inst/inst_mi_handler/gen_normal_area.inst_fifo_node_payld/gen_xpm_memory_fifo.inst_fifo/gen_mem_rep[0].inst_xpm_memory/xpm_memory_base_inst/gen_rd_b.gen_rd_b_synth_template.gen_rf_narrow_reg.doutb_reg_reg[2]/C
  -------------------------------------------------------------------    -------------------
    SLICE_X26Y50         FDRE (Prop_fdre_C_Q)         0.148     1.058 r  system_i/axi_mem_intercon/inst/s00_nodes/s00_ar_node/inst/inst_mi_handler/gen_normal_area.inst_fifo_node_payld/gen_xpm_memory_fifo.inst_fifo/gen_mem_rep[0].inst_xpm_memory/xpm_memory_base_inst/gen_rd_b.gen_rd_b_synth_template.gen_rf_narrow_reg.doutb_reg_reg[2]/Q
                         net (fo=4, routed)           0.194     1.252    system_i/axi_mem_intercon/inst/m00_exit_pipeline/m00_exit/inst/splitter_inst/gen_axi3.splitter_inst/s_axi_arlen[1]
    SLICE_X27Y49         LUT6 (Prop_lut6_I1_O)        0.099     1.351 r  system_i/axi_mem_intercon/inst/m00_exit_pipeline/m00_exit/inst/splitter_inst/gen_axi3.splitter_inst/gen_rsplitter.arsplit_len_last_d[2]_i_1/O
                         net (fo=1, routed)           0.000     1.351    system_i/axi_mem_intercon/inst/m00_exit_pipeline/m00_exit/inst/splitter_inst/gen_axi3.splitter_inst/gen_rsplitter.arsplit_len_last_d[2]_i_1_n_0
    SLICE_X27Y49         FDRE                                         r  system_i/axi_mem_intercon/inst/m00_exit_pipeline/m00_exit/inst/splitter_inst/gen_axi3.splitter_inst/gen_rsplitter.arsplit_len_last_d_reg[2]/D
  -------------------------------------------------------------------    -------------------

                         (clock clk_fpga_0 rise edge)
                                                      0.000     0.000 r  
    PS7_X0Y0             PS7                          0.000     0.000 r  system_i/processing_system7_0/inst/PS7_i/FCLKCLK[0]
                         net (fo=1, routed)           0.337     0.337    system_i/processing_system7_0/inst/FCLK_CLK_unbuffered[0]
    BUFGCTRL_X0Y16       BUFG (Prop_bufg_I_O)         0.029     0.366 r  system_i/processing_system7_0/inst/buffer_fclk_clk_0.FCLK_CLK_0_BUFG/O
                         net (fo=2984, routed)        0.860     1.226    system_i/axi_mem_intercon/inst/m00_exit_pipeline/m00_exit/inst/splitter_inst/gen_axi3.splitter_inst/aclk
    SLICE_X27Y49         FDRE                                         r  system_i/axi_mem_intercon/inst/m00_exit_pipeline/m00_exit/inst/splitter_inst/gen_axi3.splitter_inst/gen_rsplitter.arsplit_len_last_d_reg[2]/C
                         clock pessimism             -0.030     1.196    
    SLICE_X27Y49         FDRE (Hold_fdre_C_D)         0.091     1.287    system_i/axi_mem_intercon/inst/m00_exit_pipeline/m00_exit/inst/splitter_inst/gen_axi3.splitter_inst/gen_rsplitter.arsplit_len_last_d_reg[2]
  -------------------------------------------------------------------
                         required time                         -1.287    
                         arrival time                           1.351    
  -------------------------------------------------------------------
                         slack                                  0.064    

Slack (MET) :             0.069ns  (arrival time - required time)
  Source:                 system_i/axi_vdma_0/U0/I_RST_MODULE/hrd_resetn_i_reg/C
                            (rising edge-triggered cell FDRE clocked by clk_fpga_0  {rise@0.000ns fall@5.000ns period=10.000ns})
  Destination:            system_i/axi_vdma_0/U0/AXI_LITE_REG_INTERFACE_I/GEN_AXI_LITE_IF.AXI_LITE_IF_I/sig_awvalid_arrived_d1_reg/D
                            (rising edge-triggered cell FDRE clocked by clk_fpga_0  {rise@0.000ns fall@5.000ns period=10.000ns})
  Path Group:             clk_fpga_0
  Path Type:              Hold (Min at Fast Process Corner)
  Requirement:            0.000ns  (clk_fpga_0 rise@0.000ns - clk_fpga_0 rise@0.000ns)
  Data Path Delay:        0.551ns  (logic 0.213ns (38.629%)  route 0.338ns (61.371%))
  Logic Levels:           1  (LUT3=1)
  Clock Path Skew:        0.351ns (DCD - SCD - CPR)
    Destination Clock Delay (DCD):    1.278ns
    Source Clock Delay      (SCD):    0.892ns
    Clock Pessimism Removal (CPR):    0.035ns

    Location             Delay type                Incr(ns)  Path(ns)    Netlist Resource(s)
  -------------------------------------------------------------------    -------------------
                         (clock clk_fpga_0 rise edge)
                                                      0.000     0.000 r  
    PS7_X0Y0             PS7                          0.000     0.000 r  system_i/processing_system7_0/inst/PS7_i/FCLKCLK[0]
                         net (fo=1, routed)           0.310     0.310    system_i/processing_system7_0/inst/FCLK_CLK_unbuffered[0]
    BUFGCTRL_X0Y16       BUFG (Prop_bufg_I_O)         0.026     0.336 r  system_i/processing_system7_0/inst/buffer_fclk_clk_0.FCLK_CLK_0_BUFG/O
                         net (fo=2984, routed)        0.556     0.892    system_i/axi_vdma_0/U0/I_RST_MODULE/s_axi_lite_aclk
    SLICE_X36Y96         FDRE                                         r  system_i/axi_vdma_0/U0/I_RST_MODULE/hrd_resetn_i_reg/C
  -------------------------------------------------------------------    -------------------
    SLICE_X36Y96         FDRE (Prop_fdre_C_Q)         0.164     1.056 r  system_i/axi_vdma_0/U0/I_RST_MODULE/hrd_resetn_i_reg/Q
                         net (fo=9, routed)           0.338     1.394    system_i/axi_vdma_0/U0/AXI_LITE_REG_INTERFACE_I/GEN_AXI_LITE_IF.AXI_LITE_IF_I/s_axi_lite_resetn
    SLICE_X34Y101        LUT3 (Prop_lut3_I1_O)        0.049     1.443 r  system_i/axi_vdma_0/U0/AXI_LITE_REG_INTERFACE_I/GEN_AXI_LITE_IF.AXI_LITE_IF_I/sig_awvalid_arrived_d1_i_1/O
                         net (fo=1, routed)           0.000     1.443    system_i/axi_vdma_0/U0/AXI_LITE_REG_INTERFACE_I/GEN_AXI_LITE_IF.AXI_LITE_IF_I/sig_awvalid_arrived_d1_i_1_n_0
    SLICE_X34Y101        FDRE                                         r  system_i/axi_vdma_0/U0/AXI_LITE_REG_INTERFACE_I/GEN_AXI_LITE_IF.AXI_LITE_IF_I/sig_awvalid_arrived_d1_reg/D
  -------------------------------------------------------------------    -------------------

                         (clock clk_fpga_0 rise edge)
                                                      0.000     0.000 r  
    PS7_X0Y0             PS7                          0.000     0.000 r  system_i/processing_system7_0/inst/PS7_i/FCLKCLK[0]
                         net (fo=1, routed)           0.337     0.337    system_i/processing_system7_0/inst/FCLK_CLK_unbuffered[0]
    BUFGCTRL_X0Y16       BUFG (Prop_bufg_I_O)         0.029     0.366 r  system_i/processing_system7_0/inst/buffer_fclk_clk_0.FCLK_CLK_0_BUFG/O
                         net (fo=2984, routed)        0.912     1.278    system_i/axi_vdma_0/U0/AXI_LITE_REG_INTERFACE_I/GEN_AXI_LITE_IF.AXI_LITE_IF_I/s_axi_lite_aclk
    SLICE_X34Y101        FDRE                                         r  system_i/axi_vdma_0/U0/AXI_LITE_REG_INTERFACE_I/GEN_AXI_LITE_IF.AXI_LITE_IF_I/sig_awvalid_arrived_d1_reg/C
                         clock pessimism             -0.035     1.243    
    SLICE_X34Y101        FDRE (Hold_fdre_C_D)         0.131     1.374    system_i/axi_vdma_0/U0/AXI_LITE_REG_INTERFACE_I/GEN_AXI_LITE_IF.AXI_LITE_IF_I/sig_awvalid_arrived_d1_reg
  -------------------------------------------------------------------
                         required time                         -1.374    
                         arrival time                           1.443    
  -------------------------------------------------------------------
                         slack                                  0.069    

Slack (MET) :             0.075ns  (arrival time - required time)
  Source:                 system_i/axi_vdma_0/U0/I_RST_MODULE/hrd_resetn_i_reg/C
                            (rising edge-triggered cell FDRE clocked by clk_fpga_0  {rise@0.000ns fall@5.000ns period=10.000ns})
  Destination:            system_i/axi_vdma_0/U0/AXI_LITE_REG_INTERFACE_I/GEN_AXI_LITE_IF.AXI_LITE_IF_I/sig_arvalid_arrived_d1_reg/D
                            (rising edge-triggered cell FDRE clocked by clk_fpga_0  {rise@0.000ns fall@5.000ns period=10.000ns})
  Path Group:             clk_fpga_0
  Path Type:              Hold (Min at Fast Process Corner)
  Requirement:            0.000ns  (clk_fpga_0 rise@0.000ns - clk_fpga_0 rise@0.000ns)
  Data Path Delay:        0.547ns  (logic 0.209ns (38.180%)  route 0.338ns (61.820%))
  Logic Levels:           1  (LUT3=1)
  Clock Path Skew:        0.351ns (DCD - SCD - CPR)
    Destination Clock Delay (DCD):    1.278ns
    Source Clock Delay      (SCD):    0.892ns
    Clock Pessimism Removal (CPR):    0.035ns

    Location             Delay type                Incr(ns)  Path(ns)    Netlist Resource(s)
  -------------------------------------------------------------------    -------------------
                         (clock clk_fpga_0 rise edge)
                                                      0.000     0.000 r  
    PS7_X0Y0             PS7                          0.000     0.000 r  system_i/processing_system7_0/inst/PS7_i/FCLKCLK[0]
                         net (fo=1, routed)           0.310     0.310    system_i/processing_system7_0/inst/FCLK_CLK_unbuffered[0]
    BUFGCTRL_X0Y16       BUFG (Prop_bufg_I_O)         0.026     0.336 r  system_i/processing_system7_0/inst/buffer_fclk_clk_0.FCLK_CLK_0_BUFG/O
                         net (fo=2984, routed)        0.556     0.892    system_i/axi_vdma_0/U0/I_RST_MODULE/s_axi_lite_aclk
    SLICE_X36Y96         FDRE                                         r  system_i/axi_vdma_0/U0/I_RST_MODULE/hrd_resetn_i_reg/C
  -------------------------------------------------------------------    -------------------
    SLICE_X36Y96         FDRE (Prop_fdre_C_Q)         0.164     1.056 r  system_i/axi_vdma_0/U0/I_RST_MODULE/hrd_resetn_i_reg/Q
                         net (fo=9, routed)           0.338     1.394    system_i/axi_vdma_0/U0/AXI_LITE_REG_INTERFACE_I/GEN_AXI_LITE_IF.AXI_LITE_IF_I/s_axi_lite_resetn
    SLICE_X34Y101        LUT3 (Prop_lut3_I1_O)        0.045     1.439 r  system_i/axi_vdma_0/U0/AXI_LITE_REG_INTERFACE_I/GEN_AXI_LITE_IF.AXI_LITE_IF_I/sig_arvalid_arrived_d1_i_1/O
                         net (fo=1, routed)           0.000     1.439    system_i/axi_vdma_0/U0/AXI_LITE_REG_INTERFACE_I/GEN_AXI_LITE_IF.AXI_LITE_IF_I/sig_arvalid_arrived_d1_i_1_n_0
    SLICE_X34Y101        FDRE                                         r  system_i/axi_vdma_0/U0/AXI_LITE_REG_INTERFACE_I/GEN_AXI_LITE_IF.AXI_LITE_IF_I/sig_arvalid_arrived_d1_reg/D
  -------------------------------------------------------------------    -------------------

                         (clock clk_fpga_0 rise edge)
                                                      0.000     0.000 r  
    PS7_X0Y0             PS7                          0.000     0.000 r  system_i/processing_system7_0/inst/PS7_i/FCLKCLK[0]
                         net (fo=1, routed)           0.337     0.337    system_i/processing_system7_0/inst/FCLK_CLK_unbuffered[0]
    BUFGCTRL_X0Y16       BUFG (Prop_bufg_I_O)         0.029     0.366 r  system_i/processing_system7_0/inst/buffer_fclk_clk_0.FCLK_CLK_0_BUFG/O
                         net (fo=2984, routed)        0.912     1.278    system_i/axi_vdma_0/U0/AXI_LITE_REG_INTERFACE_I/GEN_AXI_LITE_IF.AXI_LITE_IF_I/s_axi_lite_aclk
    SLICE_X34Y101        FDRE                                         r  system_i/axi_vdma_0/U0/AXI_LITE_REG_INTERFACE_I/GEN_AXI_LITE_IF.AXI_LITE_IF_I/sig_arvalid_arrived_d1_reg/C
                         clock pessimism             -0.035     1.243    
    SLICE_X34Y101        FDRE (Hold_fdre_C_D)         0.121     1.364    system_i/axi_vdma_0/U0/AXI_LITE_REG_INTERFACE_I/GEN_AXI_LITE_IF.AXI_LITE_IF_I/sig_arvalid_arrived_d1_reg
  -------------------------------------------------------------------
                         required time                         -1.364    
                         arrival time                           1.439    
  -------------------------------------------------------------------
                         slack                                  0.075    

Slack (MET) :             0.077ns  (arrival time - required time)
  Source:                 system_i/axi_mem_intercon/inst/s00_nodes/s00_r_node/inst/inst_mi_handler/gen_normal_area.inst_fifo_node_payld/gen_xpm_memory_fifo.inst_fifo/gen_mem_rep[0].inst_xpm_memory/xpm_memory_base_inst/gen_rd_b.gen_rd_b_synth_template.gen_rf_narrow_reg.doutb_reg_reg[76]/C
                            (rising edge-triggered cell FDRE clocked by clk_fpga_0  {rise@0.000ns fall@5.000ns period=10.000ns})
  Destination:            system_i/axi_vdma_0/U0/I_PRMRY_DATAMOVER/GEN_MM2S_FULL.I_MM2S_FULL_WRAPPER/GEN_INCLUDE_MM2S_SF.I_RD_SF/I_DATA_FIFO/BLK_MEM.I_SYNC_FIFOGEN_FIFO/xpm_fifo_base_inst/gen_sdpram.xpm_memory_base_inst/gen_wr_a.gen_word_narrow.mem_reg/DIBDI[25]
                            (rising edge-triggered cell RAMB36E1 clocked by clk_fpga_0  {rise@0.000ns fall@5.000ns period=10.000ns})
  Path Group:             clk_fpga_0
  Path Type:              Hold (Min at Fast Process Corner)
  Requirement:            0.000ns  (clk_fpga_0 rise@0.000ns - clk_fpga_0 rise@0.000ns)
  Data Path Delay:        0.398ns  (logic 0.148ns (37.230%)  route 0.250ns (62.770%))
  Logic Levels:           0  
  Clock Path Skew:        0.077ns (DCD - SCD - CPR)
    Destination Clock Delay (DCD):    1.272ns
    Source Clock Delay      (SCD):    0.932ns
    Clock Pessimism Removal (CPR):    0.263ns

    Location             Delay type                Incr(ns)  Path(ns)    Netlist Resource(s)
  -------------------------------------------------------------------    -------------------
                         (clock clk_fpga_0 rise edge)
                                                      0.000     0.000 r  
    PS7_X0Y0             PS7                          0.000     0.000 r  system_i/processing_system7_0/inst/PS7_i/FCLKCLK[0]
                         net (fo=1, routed)           0.310     0.310    system_i/processing_system7_0/inst/FCLK_CLK_unbuffered[0]
    BUFGCTRL_X0Y16       BUFG (Prop_bufg_I_O)         0.026     0.336 r  system_i/processing_system7_0/inst/buffer_fclk_clk_0.FCLK_CLK_0_BUFG/O
                         net (fo=2984, routed)        0.596     0.932    system_i/axi_mem_intercon/inst/s00_nodes/s00_r_node/inst/inst_mi_handler/gen_normal_area.inst_fifo_node_payld/gen_xpm_memory_fifo.inst_fifo/gen_mem_rep[0].inst_xpm_memory/xpm_memory_base_inst/clka
    SLICE_X14Y45         FDRE                                         r  system_i/axi_mem_intercon/inst/s00_nodes/s00_r_node/inst/inst_mi_handler/gen_normal_area.inst_fifo_node_payld/gen_xpm_memory_fifo.inst_fifo/gen_mem_rep[0].inst_xpm_memory/xpm_memory_base_inst/gen_rd_b.gen_rd_b_synth_template.gen_rf_narrow_reg.doutb_reg_reg[76]/C
  -------------------------------------------------------------------    -------------------
    SLICE_X14Y45         FDRE (Prop_fdre_C_Q)         0.148     1.079 r  system_i/axi_mem_intercon/inst/s00_nodes/s00_r_node/inst/inst_mi_handler/gen_normal_area.inst_fifo_node_payld/gen_xpm_memory_fifo.inst_fifo/gen_mem_rep[0].inst_xpm_memory/xpm_memory_base_inst/gen_rd_b.gen_rd_b_synth_template.gen_rf_narrow_reg.doutb_reg_reg[76]/Q
                         net (fo=1, routed)           0.250     1.329    system_i/axi_vdma_0/U0/I_PRMRY_DATAMOVER/GEN_MM2S_FULL.I_MM2S_FULL_WRAPPER/GEN_INCLUDE_MM2S_SF.I_RD_SF/I_DATA_FIFO/BLK_MEM.I_SYNC_FIFOGEN_FIFO/xpm_fifo_base_inst/gen_sdpram.xpm_memory_base_inst/dina[57]
    RAMB36_X0Y8          RAMB36E1                                     r  system_i/axi_vdma_0/U0/I_PRMRY_DATAMOVER/GEN_MM2S_FULL.I_MM2S_FULL_WRAPPER/GEN_INCLUDE_MM2S_SF.I_RD_SF/I_DATA_FIFO/BLK_MEM.I_SYNC_FIFOGEN_FIFO/xpm_fifo_base_inst/gen_sdpram.xpm_memory_base_inst/gen_wr_a.gen_word_narrow.mem_reg/DIBDI[25]
  -------------------------------------------------------------------    -------------------

                         (clock clk_fpga_0 rise edge)
                                                      0.000     0.000 r  
    PS7_X0Y0             PS7                          0.000     0.000 r  system_i/processing_system7_0/inst/PS7_i/FCLKCLK[0]
                         net (fo=1, routed)           0.337     0.337    system_i/processing_system7_0/inst/FCLK_CLK_unbuffered[0]
    BUFGCTRL_X0Y16       BUFG (Prop_bufg_I_O)         0.029     0.366 r  system_i/processing_system7_0/inst/buffer_fclk_clk_0.FCLK_CLK_0_BUFG/O
                         net (fo=2984, routed)        0.906     1.272    system_i/axi_vdma_0/U0/I_PRMRY_DATAMOVER/GEN_MM2S_FULL.I_MM2S_FULL_WRAPPER/GEN_INCLUDE_MM2S_SF.I_RD_SF/I_DATA_FIFO/BLK_MEM.I_SYNC_FIFOGEN_FIFO/xpm_fifo_base_inst/gen_sdpram.xpm_memory_base_inst/clka
    RAMB36_X0Y8          RAMB36E1                                     r  system_i/axi_vdma_0/U0/I_PRMRY_DATAMOVER/GEN_MM2S_FULL.I_MM2S_FULL_WRAPPER/GEN_INCLUDE_MM2S_SF.I_RD_SF/I_DATA_FIFO/BLK_MEM.I_SYNC_FIFOGEN_FIFO/xpm_fifo_base_inst/gen_sdpram.xpm_memory_base_inst/gen_wr_a.gen_word_narrow.mem_reg/CLKBWRCLK
                         clock pessimism             -0.263     1.009    
    RAMB36_X0Y8          RAMB36E1 (Hold_ramb36e1_CLKBWRCLK_DIBDI[25])
                                                      0.243     1.252    system_i/axi_vdma_0/U0/I_PRMRY_DATAMOVER/GEN_MM2S_FULL.I_MM2S_FULL_WRAPPER/GEN_INCLUDE_MM2S_SF.I_RD_SF/I_DATA_FIFO/BLK_MEM.I_SYNC_FIFOGEN_FIFO/xpm_fifo_base_inst/gen_sdpram.xpm_memory_base_inst/gen_wr_a.gen_word_narrow.mem_reg
  -------------------------------------------------------------------
                         required time                         -1.252    
                         arrival time                           1.329    
  -------------------------------------------------------------------
                         slack                                  0.077    

Slack (MET) :             0.080ns  (arrival time - required time)
  Source:                 system_i/axi_mem_intercon/inst/s00_nodes/s00_r_node/inst/inst_mi_handler/gen_normal_area.inst_fifo_node_payld/gen_xpm_memory_fifo.inst_fifo/gen_mem_rep[0].inst_xpm_memory/xpm_memory_base_inst/gen_rd_b.gen_rd_b_synth_template.gen_rf_narrow_reg.doutb_reg_reg[64]/C
                            (rising edge-triggered cell FDRE clocked by clk_fpga_0  {rise@0.000ns fall@5.000ns period=10.000ns})
  Destination:            system_i/axi_vdma_0/U0/I_PRMRY_DATAMOVER/GEN_MM2S_FULL.I_MM2S_FULL_WRAPPER/GEN_INCLUDE_MM2S_SF.I_RD_SF/I_DATA_FIFO/BLK_MEM.I_SYNC_FIFOGEN_FIFO/xpm_fifo_base_inst/gen_sdpram.xpm_memory_base_inst/gen_wr_a.gen_word_narrow.mem_reg/DIBDI[13]
                            (rising edge-triggered cell RAMB36E1 clocked by clk_fpga_0  {rise@0.000ns fall@5.000ns period=10.000ns})
  Path Group:             clk_fpga_0
  Path Type:              Hold (Min at Fast Process Corner)
  Requirement:            0.000ns  (clk_fpga_0 rise@0.000ns - clk_fpga_0 rise@0.000ns)
  Data Path Delay:        0.401ns  (logic 0.148ns (36.952%)  route 0.253ns (63.048%))
  Logic Levels:           0  
  Clock Path Skew:        0.077ns (DCD - SCD - CPR)
    Destination Clock Delay (DCD):    1.272ns
    Source Clock Delay      (SCD):    0.932ns
    Clock Pessimism Removal (CPR):    0.263ns

    Location             Delay type                Incr(ns)  Path(ns)    Netlist Resource(s)
  -------------------------------------------------------------------    -------------------
                         (clock clk_fpga_0 rise edge)
                                                      0.000     0.000 r  
    PS7_X0Y0             PS7                          0.000     0.000 r  system_i/processing_system7_0/inst/PS7_i/FCLKCLK[0]
                         net (fo=1, routed)           0.310     0.310    system_i/processing_system7_0/inst/FCLK_CLK_unbuffered[0]
    BUFGCTRL_X0Y16       BUFG (Prop_bufg_I_O)         0.026     0.336 r  system_i/processing_system7_0/inst/buffer_fclk_clk_0.FCLK_CLK_0_BUFG/O
                         net (fo=2984, routed)        0.596     0.932    system_i/axi_mem_intercon/inst/s00_nodes/s00_r_node/inst/inst_mi_handler/gen_normal_area.inst_fifo_node_payld/gen_xpm_memory_fifo.inst_fifo/gen_mem_rep[0].inst_xpm_memory/xpm_memory_base_inst/clka
    SLICE_X14Y46         FDRE                                         r  system_i/axi_mem_intercon/inst/s00_nodes/s00_r_node/inst/inst_mi_handler/gen_normal_area.inst_fifo_node_payld/gen_xpm_memory_fifo.inst_fifo/gen_mem_rep[0].inst_xpm_memory/xpm_memory_base_inst/gen_rd_b.gen_rd_b_synth_template.gen_rf_narrow_reg.doutb_reg_reg[64]/C
  -------------------------------------------------------------------    -------------------
    SLICE_X14Y46         FDRE (Prop_fdre_C_Q)         0.148     1.079 r  system_i/axi_mem_intercon/inst/s00_nodes/s00_r_node/inst/inst_mi_handler/gen_normal_area.inst_fifo_node_payld/gen_xpm_memory_fifo.inst_fifo/gen_mem_rep[0].inst_xpm_memory/xpm_memory_base_inst/gen_rd_b.gen_rd_b_synth_template.gen_rf_narrow_reg.doutb_reg_reg[64]/Q
                         net (fo=1, routed)           0.253     1.332    system_i/axi_vdma_0/U0/I_PRMRY_DATAMOVER/GEN_MM2S_FULL.I_MM2S_FULL_WRAPPER/GEN_INCLUDE_MM2S_SF.I_RD_SF/I_DATA_FIFO/BLK_MEM.I_SYNC_FIFOGEN_FIFO/xpm_fifo_base_inst/gen_sdpram.xpm_memory_base_inst/dina[45]
    RAMB36_X0Y8          RAMB36E1                                     r  system_i/axi_vdma_0/U0/I_PRMRY_DATAMOVER/GEN_MM2S_FULL.I_MM2S_FULL_WRAPPER/GEN_INCLUDE_MM2S_SF.I_RD_SF/I_DATA_FIFO/BLK_MEM.I_SYNC_FIFOGEN_FIFO/xpm_fifo_base_inst/gen_sdpram.xpm_memory_base_inst/gen_wr_a.gen_word_narrow.mem_reg/DIBDI[13]
  -------------------------------------------------------------------    -------------------

                         (clock clk_fpga_0 rise edge)
                                                      0.000     0.000 r  
    PS7_X0Y0             PS7                          0.000     0.000 r  system_i/processing_system7_0/inst/PS7_i/FCLKCLK[0]
                         net (fo=1, routed)           0.337     0.337    system_i/processing_system7_0/inst/FCLK_CLK_unbuffered[0]
    BUFGCTRL_X0Y16       BUFG (Prop_bufg_I_O)         0.029     0.366 r  system_i/processing_system7_0/inst/buffer_fclk_clk_0.FCLK_CLK_0_BUFG/O
                         net (fo=2984, routed)        0.906     1.272    system_i/axi_vdma_0/U0/I_PRMRY_DATAMOVER/GEN_MM2S_FULL.I_MM2S_FULL_WRAPPER/GEN_INCLUDE_MM2S_SF.I_RD_SF/I_DATA_FIFO/BLK_MEM.I_SYNC_FIFOGEN_FIFO/xpm_fifo_base_inst/gen_sdpram.xpm_memory_base_inst/clka
    RAMB36_X0Y8          RAMB36E1                                     r  system_i/axi_vdma_0/U0/I_PRMRY_DATAMOVER/GEN_MM2S_FULL.I_MM2S_FULL_WRAPPER/GEN_INCLUDE_MM2S_SF.I_RD_SF/I_DATA_FIFO/BLK_MEM.I_SYNC_FIFOGEN_FIFO/xpm_fifo_base_inst/gen_sdpram.xpm_memory_base_inst/gen_wr_a.gen_word_narrow.mem_reg/CLKBWRCLK
                         clock pessimism             -0.263     1.009    
    RAMB36_X0Y8          RAMB36E1 (Hold_ramb36e1_CLKBWRCLK_DIBDI[13])
                                                      0.243     1.252    system_i/axi_vdma_0/U0/I_PRMRY_DATAMOVER/GEN_MM2S_FULL.I_MM2S_FULL_WRAPPER/GEN_INCLUDE_MM2S_SF.I_RD_SF/I_DATA_FIFO/BLK_MEM.I_SYNC_FIFOGEN_FIFO/xpm_fifo_base_inst/gen_sdpram.xpm_memory_base_inst/gen_wr_a.gen_word_narrow.mem_reg
  -------------------------------------------------------------------
                         required time                         -1.252    
                         arrival time                           1.332    
  -------------------------------------------------------------------
                         slack                                  0.080    

Slack (MET) :             0.084ns  (arrival time - required time)
  Source:                 system_i/axi_mem_intercon/inst/s00_nodes/s00_r_node/inst/inst_mi_handler/gen_normal_area.inst_fifo_node_payld/gen_xpm_memory_fifo.inst_fifo/gen_mem_rep[0].inst_xpm_memory/xpm_memory_base_inst/gen_rd_b.gen_rd_b_synth_template.gen_rf_narrow_reg.doutb_reg_reg[72]/C
                            (rising edge-triggered cell FDRE clocked by clk_fpga_0  {rise@0.000ns fall@5.000ns period=10.000ns})
  Destination:            system_i/axi_vdma_0/U0/I_PRMRY_DATAMOVER/GEN_MM2S_FULL.I_MM2S_FULL_WRAPPER/GEN_INCLUDE_MM2S_SF.I_RD_SF/I_DATA_FIFO/BLK_MEM.I_SYNC_FIFOGEN_FIFO/xpm_fifo_base_inst/gen_sdpram.xpm_memory_base_inst/gen_wr_a.gen_word_narrow.mem_reg/DIBDI[21]
                            (rising edge-triggered cell RAMB36E1 clocked by clk_fpga_0  {rise@0.000ns fall@5.000ns period=10.000ns})
  Path Group:             clk_fpga_0
  Path Type:              Hold (Min at Fast Process Corner)
  Requirement:            0.000ns  (clk_fpga_0 rise@0.000ns - clk_fpga_0 rise@0.000ns)
  Data Path Delay:        0.405ns  (logic 0.148ns (36.587%)  route 0.257ns (63.413%))
  Logic Levels:           0  
  Clock Path Skew:        0.077ns (DCD - SCD - CPR)
    Destination Clock Delay (DCD):    1.272ns
    Source Clock Delay      (SCD):    0.932ns
    Clock Pessimism Removal (CPR):    0.263ns

    Location             Delay type                Incr(ns)  Path(ns)    Netlist Resource(s)
  -------------------------------------------------------------------    -------------------
                         (clock clk_fpga_0 rise edge)
                                                      0.000     0.000 r  
    PS7_X0Y0             PS7                          0.000     0.000 r  system_i/processing_system7_0/inst/PS7_i/FCLKCLK[0]
                         net (fo=1, routed)           0.310     0.310    system_i/processing_system7_0/inst/FCLK_CLK_unbuffered[0]
    BUFGCTRL_X0Y16       BUFG (Prop_bufg_I_O)         0.026     0.336 r  system_i/processing_system7_0/inst/buffer_fclk_clk_0.FCLK_CLK_0_BUFG/O
                         net (fo=2984, routed)        0.596     0.932    system_i/axi_mem_intercon/inst/s00_nodes/s00_r_node/inst/inst_mi_handler/gen_normal_area.inst_fifo_node_payld/gen_xpm_memory_fifo.inst_fifo/gen_mem_rep[0].inst_xpm_memory/xpm_memory_base_inst/clka
    SLICE_X14Y45         FDRE                                         r  system_i/axi_mem_intercon/inst/s00_nodes/s00_r_node/inst/inst_mi_handler/gen_normal_area.inst_fifo_node_payld/gen_xpm_memory_fifo.inst_fifo/gen_mem_rep[0].inst_xpm_memory/xpm_memory_base_inst/gen_rd_b.gen_rd_b_synth_template.gen_rf_narrow_reg.doutb_reg_reg[72]/C
  -------------------------------------------------------------------    -------------------
    SLICE_X14Y45         FDRE (Prop_fdre_C_Q)         0.148     1.079 r  system_i/axi_mem_intercon/inst/s00_nodes/s00_r_node/inst/inst_mi_handler/gen_normal_area.inst_fifo_node_payld/gen_xpm_memory_fifo.inst_fifo/gen_mem_rep[0].inst_xpm_memory/xpm_memory_base_inst/gen_rd_b.gen_rd_b_synth_template.gen_rf_narrow_reg.doutb_reg_reg[72]/Q
                         net (fo=1, routed)           0.257     1.336    system_i/axi_vdma_0/U0/I_PRMRY_DATAMOVER/GEN_MM2S_FULL.I_MM2S_FULL_WRAPPER/GEN_INCLUDE_MM2S_SF.I_RD_SF/I_DATA_FIFO/BLK_MEM.I_SYNC_FIFOGEN_FIFO/xpm_fifo_base_inst/gen_sdpram.xpm_memory_base_inst/dina[53]
    RAMB36_X0Y8          RAMB36E1                                     r  system_i/axi_vdma_0/U0/I_PRMRY_DATAMOVER/GEN_MM2S_FULL.I_MM2S_FULL_WRAPPER/GEN_INCLUDE_MM2S_SF.I_RD_SF/I_DATA_FIFO/BLK_MEM.I_SYNC_FIFOGEN_FIFO/xpm_fifo_base_inst/gen_sdpram.xpm_memory_base_inst/gen_wr_a.gen_word_narrow.mem_reg/DIBDI[21]
  -------------------------------------------------------------------    -------------------

                         (clock clk_fpga_0 rise edge)
                                                      0.000     0.000 r  
    PS7_X0Y0             PS7                          0.000     0.000 r  system_i/processing_system7_0/inst/PS7_i/FCLKCLK[0]
                         net (fo=1, routed)           0.337     0.337    system_i/processing_system7_0/inst/FCLK_CLK_unbuffered[0]
    BUFGCTRL_X0Y16       BUFG (Prop_bufg_I_O)         0.029     0.366 r  system_i/processing_system7_0/inst/buffer_fclk_clk_0.FCLK_CLK_0_BUFG/O
                         net (fo=2984, routed)        0.906     1.272    system_i/axi_vdma_0/U0/I_PRMRY_DATAMOVER/GEN_MM2S_FULL.I_MM2S_FULL_WRAPPER/GEN_INCLUDE_MM2S_SF.I_RD_SF/I_DATA_FIFO/BLK_MEM.I_SYNC_FIFOGEN_FIFO/xpm_fifo_base_inst/gen_sdpram.xpm_memory_base_inst/clka
    RAMB36_X0Y8          RAMB36E1                                     r  system_i/axi_vdma_0/U0/I_PRMRY_DATAMOVER/GEN_MM2S_FULL.I_MM2S_FULL_WRAPPER/GEN_INCLUDE_MM2S_SF.I_RD_SF/I_DATA_FIFO/BLK_MEM.I_SYNC_FIFOGEN_FIFO/xpm_fifo_base_inst/gen_sdpram.xpm_memory_base_inst/gen_wr_a.gen_word_narrow.mem_reg/CLKBWRCLK
                         clock pessimism             -0.263     1.009    
    RAMB36_X0Y8          RAMB36E1 (Hold_ramb36e1_CLKBWRCLK_DIBDI[21])
                                                      0.243     1.252    system_i/axi_vdma_0/U0/I_PRMRY_DATAMOVER/GEN_MM2S_FULL.I_MM2S_FULL_WRAPPER/GEN_INCLUDE_MM2S_SF.I_RD_SF/I_DATA_FIFO/BLK_MEM.I_SYNC_FIFOGEN_FIFO/xpm_fifo_base_inst/gen_sdpram.xpm_memory_base_inst/gen_wr_a.gen_word_narrow.mem_reg
  -------------------------------------------------------------------
                         required time                         -1.252    
                         arrival time                           1.336    
  -------------------------------------------------------------------
                         slack                                  0.084    

Slack (MET) :             0.085ns  (arrival time - required time)
  Source:                 system_i/axi_vdma_0/U0/GEN_SPRT_FOR_MM2S.ADDR32.I_MM2S_DMA_MNGR/I_CMDSTS/s_axis_cmd_tdata_reg[2]/C
                            (rising edge-triggered cell FDRE clocked by clk_fpga_0  {rise@0.000ns fall@5.000ns period=10.000ns})
  Destination:            system_i/axi_vdma_0/U0/I_PRMRY_DATAMOVER/GEN_MM2S_FULL.I_MM2S_FULL_WRAPPER/I_CMD_STATUS/I_CMD_FIFO/USE_SRL_FIFO.I_SYNC_FIFO/data_reg[3][65]_srl4/D
                            (rising edge-triggered cell SRL16E clocked by clk_fpga_0  {rise@0.000ns fall@5.000ns period=10.000ns})
  Path Group:             clk_fpga_0
  Path Type:              Hold (Min at Fast Process Corner)
  Requirement:            0.000ns  (clk_fpga_0 rise@0.000ns - clk_fpga_0 rise@0.000ns)
  Data Path Delay:        0.246ns  (logic 0.128ns (52.068%)  route 0.118ns (47.932%))
  Logic Levels:           0  
  Clock Path Skew:        0.031ns (DCD - SCD - CPR)
    Destination Clock Delay (DCD):    1.176ns
    Source Clock Delay      (SCD):    0.881ns
    Clock Pessimism Removal (CPR):    0.264ns

    Location             Delay type                Incr(ns)  Path(ns)    Netlist Resource(s)
  -------------------------------------------------------------------    -------------------
                         (clock clk_fpga_0 rise edge)
                                                      0.000     0.000 r  
    PS7_X0Y0             PS7                          0.000     0.000 r  system_i/processing_system7_0/inst/PS7_i/FCLKCLK[0]
                         net (fo=1, routed)           0.310     0.310    system_i/processing_system7_0/inst/FCLK_CLK_unbuffered[0]
    BUFGCTRL_X0Y16       BUFG (Prop_bufg_I_O)         0.026     0.336 r  system_i/processing_system7_0/inst/buffer_fclk_clk_0.FCLK_CLK_0_BUFG/O
                         net (fo=2984, routed)        0.545     0.881    system_i/axi_vdma_0/U0/GEN_SPRT_FOR_MM2S.ADDR32.I_MM2S_DMA_MNGR/I_CMDSTS/m_axi_mm2s_aclk
    SLICE_X33Y74         FDRE                                         r  system_i/axi_vdma_0/U0/GEN_SPRT_FOR_MM2S.ADDR32.I_MM2S_DMA_MNGR/I_CMDSTS/s_axis_cmd_tdata_reg[2]/C
  -------------------------------------------------------------------    -------------------
    SLICE_X33Y74         FDRE (Prop_fdre_C_Q)         0.128     1.009 r  system_i/axi_vdma_0/U0/GEN_SPRT_FOR_MM2S.ADDR32.I_MM2S_DMA_MNGR/I_CMDSTS/s_axis_cmd_tdata_reg[2]/Q
                         net (fo=1, routed)           0.118     1.126    system_i/axi_vdma_0/U0/I_PRMRY_DATAMOVER/GEN_MM2S_FULL.I_MM2S_FULL_WRAPPER/I_CMD_STATUS/I_CMD_FIFO/USE_SRL_FIFO.I_SYNC_FIFO/in[2]
    SLICE_X34Y73         SRL16E                                       r  system_i/axi_vdma_0/U0/I_PRMRY_DATAMOVER/GEN_MM2S_FULL.I_MM2S_FULL_WRAPPER/I_CMD_STATUS/I_CMD_FIFO/USE_SRL_FIFO.I_SYNC_FIFO/data_reg[3][65]_srl4/D
  -------------------------------------------------------------------    -------------------

                         (clock clk_fpga_0 rise edge)
                                                      0.000     0.000 r  
    PS7_X0Y0             PS7                          0.000     0.000 r  system_i/processing_system7_0/inst/PS7_i/FCLKCLK[0]
                         net (fo=1, routed)           0.337     0.337    system_i/processing_system7_0/inst/FCLK_CLK_unbuffered[0]
    BUFGCTRL_X0Y16       BUFG (Prop_bufg_I_O)         0.029     0.366 r  system_i/processing_system7_0/inst/buffer_fclk_clk_0.FCLK_CLK_0_BUFG/O
                         net (fo=2984, routed)        0.810     1.176    system_i/axi_vdma_0/U0/I_PRMRY_DATAMOVER/GEN_MM2S_FULL.I_MM2S_FULL_WRAPPER/I_CMD_STATUS/I_CMD_FIFO/USE_SRL_FIFO.I_SYNC_FIFO/m_axi_mm2s_aclk
    SLICE_X34Y73         SRL16E                                       r  system_i/axi_vdma_0/U0/I_PRMRY_DATAMOVER/GEN_MM2S_FULL.I_MM2S_FULL_WRAPPER/I_CMD_STATUS/I_CMD_FIFO/USE_SRL_FIFO.I_SYNC_FIFO/data_reg[3][65]_srl4/CLK
                         clock pessimism             -0.264     0.912    
    SLICE_X34Y73         SRL16E (Hold_srl16e_CLK_D)
                                                      0.130     1.042    system_i/axi_vdma_0/U0/I_PRMRY_DATAMOVER/GEN_MM2S_FULL.I_MM2S_FULL_WRAPPER/I_CMD_STATUS/I_CMD_FIFO/USE_SRL_FIFO.I_SYNC_FIFO/data_reg[3][65]_srl4
  -------------------------------------------------------------------
                         required time                         -1.042    
                         arrival time                           1.126    
  -------------------------------------------------------------------
                         slack                                  0.085    





Pulse Width Checks
--------------------------------------------------------------------------------------
Clock Name:         clk_fpga_0
Waveform(ns):       { 0.000 5.000 }
Period(ns):         10.000
Sources:            { system_i/processing_system7_0/inst/PS7_i/FCLKCLK[0] }

Check Type        Corner  Lib Pin             Reference Pin  Required(ns)  Actual(ns)  Slack(ns)  Location        Pin
Min Period        n/a     RAMB36E1/CLKARDCLK  n/a            2.944         10.000      7.056      RAMB36_X2Y8     system_i/axi_vdma_0/U0/GEN_SPRT_FOR_MM2S.MM2S_LINEBUFFER_I/GEN_LINEBUF_NO_SOF.GEN_LINEBUFFER.GEN_SYNC_FIFO.I_LINEBUFFER_FIFO/xpm_fifo_sync_inst/xpm_fifo_base_inst/gen_sdpram.xpm_memory_base_inst/gen_wr_a.gen_word_narrow.mem_reg_0/CLKARDCLK
Min Period        n/a     RAMB36E1/CLKARDCLK  n/a            2.944         10.000      7.056      RAMB36_X1Y8     system_i/axi_vdma_0/U0/GEN_SPRT_FOR_MM2S.MM2S_LINEBUFFER_I/GEN_LINEBUF_NO_SOF.GEN_LINEBUFFER.GEN_SYNC_FIFO.I_LINEBUFFER_FIFO/xpm_fifo_sync_inst/xpm_fifo_base_inst/gen_sdpram.xpm_memory_base_inst/gen_wr_a.gen_word_narrow.mem_reg_1/CLKARDCLK
Min Period        n/a     RAMB36E1/CLKBWRCLK  n/a            2.576         10.000      7.424      RAMB36_X2Y8     system_i/axi_vdma_0/U0/GEN_SPRT_FOR_MM2S.MM2S_LINEBUFFER_I/GEN_LINEBUF_NO_SOF.GEN_LINEBUFFER.GEN_SYNC_FIFO.I_LINEBUFFER_FIFO/xpm_fifo_sync_inst/xpm_fifo_base_inst/gen_sdpram.xpm_memory_base_inst/gen_wr_a.gen_word_narrow.mem_reg_0/CLKBWRCLK
Min Period        n/a     RAMB36E1/CLKBWRCLK  n/a            2.576         10.000      7.424      RAMB36_X1Y8     system_i/axi_vdma_0/U0/GEN_SPRT_FOR_MM2S.MM2S_LINEBUFFER_I/GEN_LINEBUF_NO_SOF.GEN_LINEBUFFER.GEN_SYNC_FIFO.I_LINEBUFFER_FIFO/xpm_fifo_sync_inst/xpm_fifo_base_inst/gen_sdpram.xpm_memory_base_inst/gen_wr_a.gen_word_narrow.mem_reg_1/CLKBWRCLK
Min Period        n/a     RAMB36E1/CLKARDCLK  n/a            2.576         10.000      7.424      RAMB36_X0Y8     system_i/axi_vdma_0/U0/I_PRMRY_DATAMOVER/GEN_MM2S_FULL.I_MM2S_FULL_WRAPPER/GEN_INCLUDE_MM2S_SF.I_RD_SF/I_DATA_FIFO/BLK_MEM.I_SYNC_FIFOGEN_FIFO/xpm_fifo_base_inst/gen_sdpram.xpm_memory_base_inst/gen_wr_a.gen_word_narrow.mem_reg/CLKARDCLK
Min Period        n/a     RAMB36E1/CLKBWRCLK  n/a            2.576         10.000      7.424      RAMB36_X0Y8     system_i/axi_vdma_0/U0/I_PRMRY_DATAMOVER/GEN_MM2S_FULL.I_MM2S_FULL_WRAPPER/GEN_INCLUDE_MM2S_SF.I_RD_SF/I_DATA_FIFO/BLK_MEM.I_SYNC_FIFOGEN_FIFO/xpm_fifo_base_inst/gen_sdpram.xpm_memory_base_inst/gen_wr_a.gen_word_narrow.mem_reg/CLKBWRCLK
Min Period        n/a     RAMB36E1/CLKARDCLK  n/a            2.576         10.000      7.424      RAMB36_X2Y17    system_i/v_axi4s_vid_out_0/inst/COUPLER_INST/generate_async_fifo.FIFO_INST/XPM_FIFO_ASYNC_INST/gnuram_async_fifo.xpm_fifo_base_inst/gen_sdpram.xpm_memory_base_inst/gen_wr_a.gen_word_narrow.mem_reg_0/CLKARDCLK
Min Period        n/a     RAMB36E1/CLKARDCLK  n/a            2.576         10.000      7.424      RAMB36_X2Y16    system_i/v_axi4s_vid_out_0/inst/COUPLER_INST/generate_async_fifo.FIFO_INST/XPM_FIFO_ASYNC_INST/gnuram_async_fifo.xpm_fifo_base_inst/gen_sdpram.xpm_memory_base_inst/gen_wr_a.gen_word_narrow.mem_reg_1/CLKARDCLK
Min Period        n/a     RAMB36E1/CLKARDCLK  n/a            2.576         10.000      7.424      RAMB36_X2Y18    system_i/v_axi4s_vid_out_0/inst/COUPLER_INST/generate_async_fifo.FIFO_INST/XPM_FIFO_ASYNC_INST/gnuram_async_fifo.xpm_fifo_base_inst/gen_sdpram.xpm_memory_base_inst/gen_wr_a.gen_word_narrow.mem_reg_2/CLKARDCLK
Min Period        n/a     BUFG/I              n/a            2.155         10.000      7.845      BUFGCTRL_X0Y16  system_i/processing_system7_0/inst/buffer_fclk_clk_0.FCLK_CLK_0_BUFG/I
Low Pulse Width   Slow    RAMD32/CLK          n/a            1.250         5.000       3.750      SLICE_X26Y50    system_i/axi_mem_intercon/inst/s00_nodes/s00_ar_node/inst/inst_mi_handler/gen_normal_area.inst_fifo_node_payld/gen_xpm_memory_fifo.inst_fifo/gen_mem_rep[0].inst_xpm_memory/xpm_memory_base_inst/gen_wr_a.gen_word_narrow.mem_reg_0_31_0_5/RAMA/CLK
Low Pulse Width   Fast    RAMD32/CLK          n/a            1.250         5.000       3.750      SLICE_X26Y50    system_i/axi_mem_intercon/inst/s00_nodes/s00_ar_node/inst/inst_mi_handler/gen_normal_area.inst_fifo_node_payld/gen_xpm_memory_fifo.inst_fifo/gen_mem_rep[0].inst_xpm_memory/xpm_memory_base_inst/gen_wr_a.gen_word_narrow.mem_reg_0_31_0_5/RAMA/CLK
Low Pulse Width   Slow    RAMD32/CLK          n/a            1.250         5.000       3.750      SLICE_X26Y50    system_i/axi_mem_intercon/inst/s00_nodes/s00_ar_node/inst/inst_mi_handler/gen_normal_area.inst_fifo_node_payld/gen_xpm_memory_fifo.inst_fifo/gen_mem_rep[0].inst_xpm_memory/xpm_memory_base_inst/gen_wr_a.gen_word_narrow.mem_reg_0_31_0_5/RAMA_D1/CLK
Low Pulse Width   Fast    RAMD32/CLK          n/a            1.250         5.000       3.750      SLICE_X26Y50    system_i/axi_mem_intercon/inst/s00_nodes/s00_ar_node/inst/inst_mi_handler/gen_normal_area.inst_fifo_node_payld/gen_xpm_memory_fifo.inst_fifo/gen_mem_rep[0].inst_xpm_memory/xpm_memory_base_inst/gen_wr_a.gen_word_narrow.mem_reg_0_31_0_5/RAMA_D1/CLK
Low Pulse Width   Slow    RAMD32/CLK          n/a            1.250         5.000       3.750      SLICE_X26Y50    system_i/axi_mem_intercon/inst/s00_nodes/s00_ar_node/inst/inst_mi_handler/gen_normal_area.inst_fifo_node_payld/gen_xpm_memory_fifo.inst_fifo/gen_mem_rep[0].inst_xpm_memory/xpm_memory_base_inst/gen_wr_a.gen_word_narrow.mem_reg_0_31_0_5/RAMB/CLK
Low Pulse Width   Fast    RAMD32/CLK          n/a            1.250         5.000       3.750      SLICE_X26Y50    system_i/axi_mem_intercon/inst/s00_nodes/s00_ar_node/inst/inst_mi_handler/gen_normal_area.inst_fifo_node_payld/gen_xpm_memory_fifo.inst_fifo/gen_mem_rep[0].inst_xpm_memory/xpm_memory_base_inst/gen_wr_a.gen_word_narrow.mem_reg_0_31_0_5/RAMB/CLK
Low Pulse Width   Slow    RAMD32/CLK          n/a            1.250         5.000       3.750      SLICE_X26Y50    system_i/axi_mem_intercon/inst/s00_nodes/s00_ar_node/inst/inst_mi_handler/gen_normal_area.inst_fifo_node_payld/gen_xpm_memory_fifo.inst_fifo/gen_mem_rep[0].inst_xpm_memory/xpm_memory_base_inst/gen_wr_a.gen_word_narrow.mem_reg_0_31_0_5/RAMB_D1/CLK
Low Pulse Width   Fast    RAMD32/CLK          n/a            1.250         5.000       3.750      SLICE_X26Y50    system_i/axi_mem_intercon/inst/s00_nodes/s00_ar_node/inst/inst_mi_handler/gen_normal_area.inst_fifo_node_payld/gen_xpm_memory_fifo.inst_fifo/gen_mem_rep[0].inst_xpm_memory/xpm_memory_base_inst/gen_wr_a.gen_word_narrow.mem_reg_0_31_0_5/RAMB_D1/CLK
Low Pulse Width   Slow    RAMD32/CLK          n/a            1.250         5.000       3.750      SLICE_X26Y50    system_i/axi_mem_intercon/inst/s00_nodes/s00_ar_node/inst/inst_mi_handler/gen_normal_area.inst_fifo_node_payld/gen_xpm_memory_fifo.inst_fifo/gen_mem_rep[0].inst_xpm_memory/xpm_memory_base_inst/gen_wr_a.gen_word_narrow.mem_reg_0_31_0_5/RAMC/CLK
Low Pulse Width   Fast    RAMD32/CLK          n/a            1.250         5.000       3.750      SLICE_X26Y50    system_i/axi_mem_intercon/inst/s00_nodes/s00_ar_node/inst/inst_mi_handler/gen_normal_area.inst_fifo_node_payld/gen_xpm_memory_fifo.inst_fifo/gen_mem_rep[0].inst_xpm_memory/xpm_memory_base_inst/gen_wr_a.gen_word_narrow.mem_reg_0_31_0_5/RAMC/CLK
High Pulse Width  Slow    RAMD32/CLK          n/a            1.250         5.000       3.750      SLICE_X26Y50    system_i/axi_mem_intercon/inst/s00_nodes/s00_ar_node/inst/inst_mi_handler/gen_normal_area.inst_fifo_node_payld/gen_xpm_memory_fifo.inst_fifo/gen_mem_rep[0].inst_xpm_memory/xpm_memory_base_inst/gen_wr_a.gen_word_narrow.mem_reg_0_31_0_5/RAMA/CLK
High Pulse Width  Fast    RAMD32/CLK          n/a            1.250         5.000       3.750      SLICE_X26Y50    system_i/axi_mem_intercon/inst/s00_nodes/s00_ar_node/inst/inst_mi_handler/gen_normal_area.inst_fifo_node_payld/gen_xpm_memory_fifo.inst_fifo/gen_mem_rep[0].inst_xpm_memory/xpm_memory_base_inst/gen_wr_a.gen_word_narrow.mem_reg_0_31_0_5/RAMA/CLK
High Pulse Width  Slow    RAMD32/CLK          n/a            1.250         5.000       3.750      SLICE_X26Y50    system_i/axi_mem_intercon/inst/s00_nodes/s00_ar_node/inst/inst_mi_handler/gen_normal_area.inst_fifo_node_payld/gen_xpm_memory_fifo.inst_fifo/gen_mem_rep[0].inst_xpm_memory/xpm_memory_base_inst/gen_wr_a.gen_word_narrow.mem_reg_0_31_0_5/RAMA_D1/CLK
High Pulse Width  Fast    RAMD32/CLK          n/a            1.250         5.000       3.750      SLICE_X26Y50    system_i/axi_mem_intercon/inst/s00_nodes/s00_ar_node/inst/inst_mi_handler/gen_normal_area.inst_fifo_node_payld/gen_xpm_memory_fifo.inst_fifo/gen_mem_rep[0].inst_xpm_memory/xpm_memory_base_inst/gen_wr_a.gen_word_narrow.mem_reg_0_31_0_5/RAMA_D1/CLK
High Pulse Width  Slow    RAMD32/CLK          n/a            1.250         5.000       3.750      SLICE_X26Y50    system_i/axi_mem_intercon/inst/s00_nodes/s00_ar_node/inst/inst_mi_handler/gen_normal_area.inst_fifo_node_payld/gen_xpm_memory_fifo.inst_fifo/gen_mem_rep[0].inst_xpm_memory/xpm_memory_base_inst/gen_wr_a.gen_word_narrow.mem_reg_0_31_0_5/RAMB/CLK
High Pulse Width  Fast    RAMD32/CLK          n/a            1.250         5.000       3.750      SLICE_X26Y50    system_i/axi_mem_intercon/inst/s00_nodes/s00_ar_node/inst/inst_mi_handler/gen_normal_area.inst_fifo_node_payld/gen_xpm_memory_fifo.inst_fifo/gen_mem_rep[0].inst_xpm_memory/xpm_memory_base_inst/gen_wr_a.gen_word_narrow.mem_reg_0_31_0_5/RAMB/CLK
High Pulse Width  Slow    RAMD32/CLK          n/a            1.250         5.000       3.750      SLICE_X26Y50    system_i/axi_mem_intercon/inst/s00_nodes/s00_ar_node/inst/inst_mi_handler/gen_normal_area.inst_fifo_node_payld/gen_xpm_memory_fifo.inst_fifo/gen_mem_rep[0].inst_xpm_memory/xpm_memory_base_inst/gen_wr_a.gen_word_narrow.mem_reg_0_31_0_5/RAMB_D1/CLK
High Pulse Width  Fast    RAMD32/CLK          n/a            1.250         5.000       3.750      SLICE_X26Y50    system_i/axi_mem_intercon/inst/s00_nodes/s00_ar_node/inst/inst_mi_handler/gen_normal_area.inst_fifo_node_payld/gen_xpm_memory_fifo.inst_fifo/gen_mem_rep[0].inst_xpm_memory/xpm_memory_base_inst/gen_wr_a.gen_word_narrow.mem_reg_0_31_0_5/RAMB_D1/CLK
High Pulse Width  Slow    RAMD32/CLK          n/a            1.250         5.000       3.750      SLICE_X26Y50    system_i/axi_mem_intercon/inst/s00_nodes/s00_ar_node/inst/inst_mi_handler/gen_normal_area.inst_fifo_node_payld/gen_xpm_memory_fifo.inst_fifo/gen_mem_rep[0].inst_xpm_memory/xpm_memory_base_inst/gen_wr_a.gen_word_narrow.mem_reg_0_31_0_5/RAMC/CLK
High Pulse Width  Fast    RAMD32/CLK          n/a            1.250         5.000       3.750      SLICE_X26Y50    system_i/axi_mem_intercon/inst/s00_nodes/s00_ar_node/inst/inst_mi_handler/gen_normal_area.inst_fifo_node_payld/gen_xpm_memory_fifo.inst_fifo/gen_mem_rep[0].inst_xpm_memory/xpm_memory_base_inst/gen_wr_a.gen_word_narrow.mem_reg_0_31_0_5/RAMC/CLK



---------------------------------------------------------------------------------------------------
From Clock:  system_i/clk_wiz_0/inst/clk_in1
  To Clock:  system_i/clk_wiz_0/inst/clk_in1

Setup :           NA  Failing Endpoints,  Worst Slack           NA  ,  Total Violation           NA
Hold  :           NA  Failing Endpoints,  Worst Slack           NA  ,  Total Violation           NA
PW    :            0  Failing Endpoints,  Worst Slack        3.000ns,  Total Violation        0.000ns
---------------------------------------------------------------------------------------------------


Pulse Width Checks
--------------------------------------------------------------------------------------
Clock Name:         system_i/clk_wiz_0/inst/clk_in1
Waveform(ns):       { 0.000 5.000 }
Period(ns):         10.000
Sources:            { system_i/clk_wiz_0/inst/clk_in1 }

Check Type        Corner  Lib Pin            Reference Pin  Required(ns)  Actual(ns)  Slack(ns)  Location         Pin
Min Period        n/a     MMCME2_ADV/CLKIN1  n/a            1.249         10.000      8.751      MMCME2_ADV_X1Y0  system_i/clk_wiz_0/inst/mmcm_adv_inst/CLKIN1
Max Period        n/a     MMCME2_ADV/CLKIN1  n/a            100.000       10.000      90.000     MMCME2_ADV_X1Y0  system_i/clk_wiz_0/inst/mmcm_adv_inst/CLKIN1
Low Pulse Width   Slow    MMCME2_ADV/CLKIN1  n/a            2.000         5.000       3.000      MMCME2_ADV_X1Y0  system_i/clk_wiz_0/inst/mmcm_adv_inst/CLKIN1
Low Pulse Width   Fast    MMCME2_ADV/CLKIN1  n/a            2.000         5.000       3.000      MMCME2_ADV_X1Y0  system_i/clk_wiz_0/inst/mmcm_adv_inst/CLKIN1
High Pulse Width  Slow    MMCME2_ADV/CLKIN1  n/a            2.000         5.000       3.000      MMCME2_ADV_X1Y0  system_i/clk_wiz_0/inst/mmcm_adv_inst/CLKIN1
High Pulse Width  Fast    MMCME2_ADV/CLKIN1  n/a            2.000         5.000       3.000      MMCME2_ADV_X1Y0  system_i/clk_wiz_0/inst/mmcm_adv_inst/CLKIN1



---------------------------------------------------------------------------------------------------
From Clock:  clk_out1_system_clk_wiz_0_0
  To Clock:  clk_out1_system_clk_wiz_0_0

Setup :            0  Failing Endpoints,  Worst Slack       32.649ns,  Total Violation        0.000ns
Hold  :            0  Failing Endpoints,  Worst Slack        0.083ns,  Total Violation        0.000ns
PW    :            0  Failing Endpoints,  Worst Slack       18.878ns,  Total Violation        0.000ns
---------------------------------------------------------------------------------------------------


Max Delay Paths
--------------------------------------------------------------------------------------
Slack (MET) :             32.649ns  (required time - arrival time)
  Source:                 system_wrapper/system/system_v_tc_0_0/<hidden>/<hidden>/<hidden>
                            (rising edge-triggered cell FDRE clocked by clk_out1_system_clk_wiz_0_0  {rise@0.000ns fall@19.858ns period=39.716ns})
  Destination:            system_i/v_axi4s_vid_out_0/inst/COUPLER_INST/generate_async_fifo.FIFO_INST/XPM_FIFO_ASYNC_INST/gnuram_async_fifo.xpm_fifo_base_inst/gen_sdpram.xpm_memory_base_inst/gen_wr_a.gen_word_narrow.mem_reg_2/ENBWREN
                            (rising edge-triggered cell RAMB36E1 clocked by clk_out1_system_clk_wiz_0_0  {rise@0.000ns fall@19.858ns period=39.716ns})
  Path Group:             clk_out1_system_clk_wiz_0_0
  Path Type:              Setup (Max at Slow Process Corner)
  Requirement:            39.716ns  (clk_out1_system_clk_wiz_0_0 rise@39.716ns - clk_out1_system_clk_wiz_0_0 rise@0.000ns)
  Data Path Delay:        5.906ns  (logic 0.792ns (13.411%)  route 5.114ns (86.589%))
  Logic Levels:           2  (LUT4=1 LUT5=1)
  Clock Path Skew:        -0.375ns (DCD - SCD + CPR)
    Destination Clock Delay (DCD):    1.519ns = ( 41.235 - 39.716 ) 
    Source Clock Delay      (SCD):    1.908ns
    Clock Pessimism Removal (CPR):    0.014ns
  Clock Uncertainty:      0.119ns  ((TSJ^2 + DJ^2)^1/2) / 2 + PE
    Total System Jitter     (TSJ):    0.071ns
    Discrete Jitter          (DJ):    0.228ns
    Phase Error              (PE):    0.000ns

    Location             Delay type                Incr(ns)  Path(ns)    Netlist Resource(s)
  -------------------------------------------------------------------    -------------------
                         (clock clk_out1_system_clk_wiz_0_0 rise edge)
                                                      0.000     0.000 r  
    BUFGCTRL_X0Y16       BUFG                         0.000     0.000 r  system_i/processing_system7_0/inst/buffer_fclk_clk_0.FCLK_CLK_0_BUFG/O
                         net (fo=2984, routed)        1.806     1.806    system_i/clk_wiz_0/inst/clk_in1
    MMCME2_ADV_X1Y0      MMCME2_ADV (Prop_mmcme2_adv_CLKIN1_CLKOUT0)
                                                     -3.793    -1.987 r  system_i/clk_wiz_0/inst/mmcm_adv_inst/CLKOUT0
                         net (fo=1, routed)           1.889    -0.098    system_i/clk_wiz_0/inst/clk_out1_system_clk_wiz_0_0
    BUFGCTRL_X0Y0        BUFG (Prop_bufg_I_O)         0.101     0.003 r  system_i/clk_wiz_0/inst/clkout1_buf/O
                         net (fo=625, routed)         1.905     1.908    system_wrapper/system/system_v_tc_0_0/<hidden>/<hidden>/<hidden>
    SLICE_X54Y107        FDRE                                         r  system_wrapper/system/system_v_tc_0_0/<hidden>/<hidden>/<hidden>
  -------------------------------------------------------------------    -------------------
    SLICE_X54Y107        FDRE (Prop_fdre_C_Q)         0.518     2.426 r  system_wrapper/system/system_v_tc_0_0/<hidden>/<hidden>/<hidden>
                         net (fo=12, routed)          1.689     4.115    system_i/v_axi4s_vid_out_0/inst/SYNC_INST/vtg_active_video
    SLICE_X47Y96         LUT5 (Prop_lut5_I0_O)        0.124     4.239 r  system_i/v_axi4s_vid_out_0/inst/SYNC_INST/in_data_mux[23]_i_1/O
                         net (fo=37, routed)          1.992     6.231    system_i/v_axi4s_vid_out_0/inst/COUPLER_INST/generate_async_fifo.FIFO_INST/XPM_FIFO_ASYNC_INST/gnuram_async_fifo.xpm_fifo_base_inst/rdp_inst/rd_en
    SLICE_X46Y85         LUT4 (Prop_lut4_I2_O)        0.150     6.381 r  system_i/v_axi4s_vid_out_0/inst/COUPLER_INST/generate_async_fifo.FIFO_INST/XPM_FIFO_ASYNC_INST/gnuram_async_fifo.xpm_fifo_base_inst/rdp_inst/gen_sdpram.xpm_memory_base_inst_i_2/O
                         net (fo=28, routed)          1.433     7.814    system_i/v_axi4s_vid_out_0/inst/COUPLER_INST/generate_async_fifo.FIFO_INST/XPM_FIFO_ASYNC_INST/gnuram_async_fifo.xpm_fifo_base_inst/gen_sdpram.xpm_memory_base_inst/enb
    RAMB36_X2Y18         RAMB36E1                                     r  system_i/v_axi4s_vid_out_0/inst/COUPLER_INST/generate_async_fifo.FIFO_INST/XPM_FIFO_ASYNC_INST/gnuram_async_fifo.xpm_fifo_base_inst/gen_sdpram.xpm_memory_base_inst/gen_wr_a.gen_word_narrow.mem_reg_2/ENBWREN
  -------------------------------------------------------------------    -------------------

                         (clock clk_out1_system_clk_wiz_0_0 rise edge)
                                                     39.716    39.716 r  
    BUFGCTRL_X0Y16       BUFG                         0.000    39.716 r  system_i/processing_system7_0/inst/buffer_fclk_clk_0.FCLK_CLK_0_BUFG/O
                         net (fo=2984, routed)        1.612    41.329    system_i/clk_wiz_0/inst/clk_in1
    MMCME2_ADV_X1Y0      MMCME2_ADV (Prop_mmcme2_adv_CLKIN1_CLKOUT0)
                                                     -3.425    37.903 r  system_i/clk_wiz_0/inst/mmcm_adv_inst/CLKOUT0
                         net (fo=1, routed)           1.725    39.628    system_i/clk_wiz_0/inst/clk_out1_system_clk_wiz_0_0
    BUFGCTRL_X0Y0        BUFG (Prop_bufg_I_O)         0.091    39.719 r  system_i/clk_wiz_0/inst/clkout1_buf/O
                         net (fo=625, routed)         1.516    41.235    system_i/v_axi4s_vid_out_0/inst/COUPLER_INST/generate_async_fifo.FIFO_INST/XPM_FIFO_ASYNC_INST/gnuram_async_fifo.xpm_fifo_base_inst/gen_sdpram.xpm_memory_base_inst/clkb
    RAMB36_X2Y18         RAMB36E1                                     r  system_i/v_axi4s_vid_out_0/inst/COUPLER_INST/generate_async_fifo.FIFO_INST/XPM_FIFO_ASYNC_INST/gnuram_async_fifo.xpm_fifo_base_inst/gen_sdpram.xpm_memory_base_inst/gen_wr_a.gen_word_narrow.mem_reg_2/CLKBWRCLK
                         clock pessimism              0.014    41.249    
                         clock uncertainty           -0.119    41.130    
    RAMB36_X2Y18         RAMB36E1 (Setup_ramb36e1_CLKBWRCLK_ENBWREN)
                                                     -0.667    40.463    system_i/v_axi4s_vid_out_0/inst/COUPLER_INST/generate_async_fifo.FIFO_INST/XPM_FIFO_ASYNC_INST/gnuram_async_fifo.xpm_fifo_base_inst/gen_sdpram.xpm_memory_base_inst/gen_wr_a.gen_word_narrow.mem_reg_2
  -------------------------------------------------------------------
                         required time                         40.463    
                         arrival time                          -7.814    
  -------------------------------------------------------------------
                         slack                                 32.649    

Slack (MET) :             32.698ns  (required time - arrival time)
  Source:                 system_wrapper/system/system_v_tc_0_0/<hidden>/<hidden>/<hidden>
                            (rising edge-triggered cell FDRE clocked by clk_out1_system_clk_wiz_0_0  {rise@0.000ns fall@19.858ns period=39.716ns})
  Destination:            system_i/v_axi4s_vid_out_0/inst/COUPLER_INST/generate_async_fifo.FIFO_INST/XPM_FIFO_ASYNC_INST/gnuram_async_fifo.xpm_fifo_base_inst/gen_sdpram.xpm_memory_base_inst/gen_wr_a.gen_word_narrow.mem_reg_0/ENBWREN
                            (rising edge-triggered cell RAMB36E1 clocked by clk_out1_system_clk_wiz_0_0  {rise@0.000ns fall@19.858ns period=39.716ns})
  Path Group:             clk_out1_system_clk_wiz_0_0
  Path Type:              Setup (Max at Slow Process Corner)
  Requirement:            39.716ns  (clk_out1_system_clk_wiz_0_0 rise@39.716ns - clk_out1_system_clk_wiz_0_0 rise@0.000ns)
  Data Path Delay:        5.854ns  (logic 0.792ns (13.529%)  route 5.062ns (86.471%))
  Logic Levels:           2  (LUT4=1 LUT5=1)
  Clock Path Skew:        -0.378ns (DCD - SCD + CPR)
    Destination Clock Delay (DCD):    1.516ns = ( 41.232 - 39.716 ) 
    Source Clock Delay      (SCD):    1.908ns
    Clock Pessimism Removal (CPR):    0.014ns
  Clock Uncertainty:      0.119ns  ((TSJ^2 + DJ^2)^1/2) / 2 + PE
    Total System Jitter     (TSJ):    0.071ns
    Discrete Jitter          (DJ):    0.228ns
    Phase Error              (PE):    0.000ns

    Location             Delay type                Incr(ns)  Path(ns)    Netlist Resource(s)
  -------------------------------------------------------------------    -------------------
                         (clock clk_out1_system_clk_wiz_0_0 rise edge)
                                                      0.000     0.000 r  
    BUFGCTRL_X0Y16       BUFG                         0.000     0.000 r  system_i/processing_system7_0/inst/buffer_fclk_clk_0.FCLK_CLK_0_BUFG/O
                         net (fo=2984, routed)        1.806     1.806    system_i/clk_wiz_0/inst/clk_in1
    MMCME2_ADV_X1Y0      MMCME2_ADV (Prop_mmcme2_adv_CLKIN1_CLKOUT0)
                                                     -3.793    -1.987 r  system_i/clk_wiz_0/inst/mmcm_adv_inst/CLKOUT0
                         net (fo=1, routed)           1.889    -0.098    system_i/clk_wiz_0/inst/clk_out1_system_clk_wiz_0_0
    BUFGCTRL_X0Y0        BUFG (Prop_bufg_I_O)         0.101     0.003 r  system_i/clk_wiz_0/inst/clkout1_buf/O
                         net (fo=625, routed)         1.905     1.908    system_wrapper/system/system_v_tc_0_0/<hidden>/<hidden>/<hidden>
    SLICE_X54Y107        FDRE                                         r  system_wrapper/system/system_v_tc_0_0/<hidden>/<hidden>/<hidden>
  -------------------------------------------------------------------    -------------------
    SLICE_X54Y107        FDRE (Prop_fdre_C_Q)         0.518     2.426 r  system_wrapper/system/system_v_tc_0_0/<hidden>/<hidden>/<hidden>
                         net (fo=12, routed)          1.689     4.115    system_i/v_axi4s_vid_out_0/inst/SYNC_INST/vtg_active_video
    SLICE_X47Y96         LUT5 (Prop_lut5_I0_O)        0.124     4.239 r  system_i/v_axi4s_vid_out_0/inst/SYNC_INST/in_data_mux[23]_i_1/O
                         net (fo=37, routed)          1.992     6.231    system_i/v_axi4s_vid_out_0/inst/COUPLER_INST/generate_async_fifo.FIFO_INST/XPM_FIFO_ASYNC_INST/gnuram_async_fifo.xpm_fifo_base_inst/rdp_inst/rd_en
    SLICE_X46Y85         LUT4 (Prop_lut4_I2_O)        0.150     6.381 r  system_i/v_axi4s_vid_out_0/inst/COUPLER_INST/generate_async_fifo.FIFO_INST/XPM_FIFO_ASYNC_INST/gnuram_async_fifo.xpm_fifo_base_inst/rdp_inst/gen_sdpram.xpm_memory_base_inst_i_2/O
                         net (fo=28, routed)          1.381     7.762    system_i/v_axi4s_vid_out_0/inst/COUPLER_INST/generate_async_fifo.FIFO_INST/XPM_FIFO_ASYNC_INST/gnuram_async_fifo.xpm_fifo_base_inst/gen_sdpram.xpm_memory_base_inst/enb
    RAMB36_X2Y17         RAMB36E1                                     r  system_i/v_axi4s_vid_out_0/inst/COUPLER_INST/generate_async_fifo.FIFO_INST/XPM_FIFO_ASYNC_INST/gnuram_async_fifo.xpm_fifo_base_inst/gen_sdpram.xpm_memory_base_inst/gen_wr_a.gen_word_narrow.mem_reg_0/ENBWREN
  -------------------------------------------------------------------    -------------------

                         (clock clk_out1_system_clk_wiz_0_0 rise edge)
                                                     39.716    39.716 r  
    BUFGCTRL_X0Y16       BUFG                         0.000    39.716 r  system_i/processing_system7_0/inst/buffer_fclk_clk_0.FCLK_CLK_0_BUFG/O
                         net (fo=2984, routed)        1.612    41.329    system_i/clk_wiz_0/inst/clk_in1
    MMCME2_ADV_X1Y0      MMCME2_ADV (Prop_mmcme2_adv_CLKIN1_CLKOUT0)
                                                     -3.425    37.903 r  system_i/clk_wiz_0/inst/mmcm_adv_inst/CLKOUT0
                         net (fo=1, routed)           1.725    39.628    system_i/clk_wiz_0/inst/clk_out1_system_clk_wiz_0_0
    BUFGCTRL_X0Y0        BUFG (Prop_bufg_I_O)         0.091    39.719 r  system_i/clk_wiz_0/inst/clkout1_buf/O
                         net (fo=625, routed)         1.513    41.232    system_i/v_axi4s_vid_out_0/inst/COUPLER_INST/generate_async_fifo.FIFO_INST/XPM_FIFO_ASYNC_INST/gnuram_async_fifo.xpm_fifo_base_inst/gen_sdpram.xpm_memory_base_inst/clkb
    RAMB36_X2Y17         RAMB36E1                                     r  system_i/v_axi4s_vid_out_0/inst/COUPLER_INST/generate_async_fifo.FIFO_INST/XPM_FIFO_ASYNC_INST/gnuram_async_fifo.xpm_fifo_base_inst/gen_sdpram.xpm_memory_base_inst/gen_wr_a.gen_word_narrow.mem_reg_0/CLKBWRCLK
                         clock pessimism              0.014    41.246    
                         clock uncertainty           -0.119    41.127    
    RAMB36_X2Y17         RAMB36E1 (Setup_ramb36e1_CLKBWRCLK_ENBWREN)
                                                     -0.667    40.460    system_i/v_axi4s_vid_out_0/inst/COUPLER_INST/generate_async_fifo.FIFO_INST/XPM_FIFO_ASYNC_INST/gnuram_async_fifo.xpm_fifo_base_inst/gen_sdpram.xpm_memory_base_inst/gen_wr_a.gen_word_narrow.mem_reg_0
  -------------------------------------------------------------------
                         required time                         40.460    
                         arrival time                          -7.762    
  -------------------------------------------------------------------
                         slack                                 32.698    

Slack (MET) :             32.819ns  (required time - arrival time)
  Source:                 system_wrapper/system/system_v_tc_0_0/<hidden>/<hidden>/<hidden>
                            (rising edge-triggered cell FDRE clocked by clk_out1_system_clk_wiz_0_0  {rise@0.000ns fall@19.858ns period=39.716ns})
  Destination:            system_i/v_axi4s_vid_out_0/inst/COUPLER_INST/generate_async_fifo.FIFO_INST/XPM_FIFO_ASYNC_INST/gnuram_async_fifo.xpm_fifo_base_inst/rdpp1_inst/count_value_i_reg[10]/CE
                            (rising edge-triggered cell FDRE clocked by clk_out1_system_clk_wiz_0_0  {rise@0.000ns fall@19.858ns period=39.716ns})
  Path Group:             clk_out1_system_clk_wiz_0_0
  Path Type:              Setup (Max at Slow Process Corner)
  Requirement:            39.716ns  (clk_out1_system_clk_wiz_0_0 rise@39.716ns - clk_out1_system_clk_wiz_0_0 rise@0.000ns)
  Data Path Delay:        5.929ns  (logic 0.792ns (13.358%)  route 5.137ns (86.642%))
  Logic Levels:           2  (LUT4=1 LUT5=1)
  Clock Path Skew:        -0.420ns (DCD - SCD + CPR)
    Destination Clock Delay (DCD):    1.474ns = ( 41.190 - 39.716 ) 
    Source Clock Delay      (SCD):    1.908ns
    Clock Pessimism Removal (CPR):    0.014ns
  Clock Uncertainty:      0.119ns  ((TSJ^2 + DJ^2)^1/2) / 2 + PE
    Total System Jitter     (TSJ):    0.071ns
    Discrete Jitter          (DJ):    0.228ns
    Phase Error              (PE):    0.000ns

    Location             Delay type                Incr(ns)  Path(ns)    Netlist Resource(s)
  -------------------------------------------------------------------    -------------------
                         (clock clk_out1_system_clk_wiz_0_0 rise edge)
                                                      0.000     0.000 r  
    BUFGCTRL_X0Y16       BUFG                         0.000     0.000 r  system_i/processing_system7_0/inst/buffer_fclk_clk_0.FCLK_CLK_0_BUFG/O
                         net (fo=2984, routed)        1.806     1.806    system_i/clk_wiz_0/inst/clk_in1
    MMCME2_ADV_X1Y0      MMCME2_ADV (Prop_mmcme2_adv_CLKIN1_CLKOUT0)
                                                     -3.793    -1.987 r  system_i/clk_wiz_0/inst/mmcm_adv_inst/CLKOUT0
                         net (fo=1, routed)           1.889    -0.098    system_i/clk_wiz_0/inst/clk_out1_system_clk_wiz_0_0
    BUFGCTRL_X0Y0        BUFG (Prop_bufg_I_O)         0.101     0.003 r  system_i/clk_wiz_0/inst/clkout1_buf/O
                         net (fo=625, routed)         1.905     1.908    system_wrapper/system/system_v_tc_0_0/<hidden>/<hidden>/<hidden>
    SLICE_X54Y107        FDRE                                         r  system_wrapper/system/system_v_tc_0_0/<hidden>/<hidden>/<hidden>
  -------------------------------------------------------------------    -------------------
    SLICE_X54Y107        FDRE (Prop_fdre_C_Q)         0.518     2.426 r  system_wrapper/system/system_v_tc_0_0/<hidden>/<hidden>/<hidden>
                         net (fo=12, routed)          1.689     4.115    system_i/v_axi4s_vid_out_0/inst/SYNC_INST/vtg_active_video
    SLICE_X47Y96         LUT5 (Prop_lut5_I0_O)        0.124     4.239 r  system_i/v_axi4s_vid_out_0/inst/SYNC_INST/in_data_mux[23]_i_1/O
                         net (fo=37, routed)          1.992     6.231    system_i/v_axi4s_vid_out_0/inst/COUPLER_INST/generate_async_fifo.FIFO_INST/XPM_FIFO_ASYNC_INST/gnuram_async_fifo.xpm_fifo_base_inst/rdp_inst/rd_en
    SLICE_X46Y85         LUT4 (Prop_lut4_I2_O)        0.150     6.381 r  system_i/v_axi4s_vid_out_0/inst/COUPLER_INST/generate_async_fifo.FIFO_INST/XPM_FIFO_ASYNC_INST/gnuram_async_fifo.xpm_fifo_base_inst/rdp_inst/gen_sdpram.xpm_memory_base_inst_i_2/O
                         net (fo=28, routed)          1.456     7.837    system_i/v_axi4s_vid_out_0/inst/COUPLER_INST/generate_async_fifo.FIFO_INST/XPM_FIFO_ASYNC_INST/gnuram_async_fifo.xpm_fifo_base_inst/rdpp1_inst/E[0]
    SLICE_X45Y81         FDRE                                         r  system_i/v_axi4s_vid_out_0/inst/COUPLER_INST/generate_async_fifo.FIFO_INST/XPM_FIFO_ASYNC_INST/gnuram_async_fifo.xpm_fifo_base_inst/rdpp1_inst/count_value_i_reg[10]/CE
  -------------------------------------------------------------------    -------------------

                         (clock clk_out1_system_clk_wiz_0_0 rise edge)
                                                     39.716    39.716 r  
    BUFGCTRL_X0Y16       BUFG                         0.000    39.716 r  system_i/processing_system7_0/inst/buffer_fclk_clk_0.FCLK_CLK_0_BUFG/O
                         net (fo=2984, routed)        1.612    41.329    system_i/clk_wiz_0/inst/clk_in1
    MMCME2_ADV_X1Y0      MMCME2_ADV (Prop_mmcme2_adv_CLKIN1_CLKOUT0)
                                                     -3.425    37.903 r  system_i/clk_wiz_0/inst/mmcm_adv_inst/CLKOUT0
                         net (fo=1, routed)           1.725    39.628    system_i/clk_wiz_0/inst/clk_out1_system_clk_wiz_0_0
    BUFGCTRL_X0Y0        BUFG (Prop_bufg_I_O)         0.091    39.719 r  system_i/clk_wiz_0/inst/clkout1_buf/O
                         net (fo=625, routed)         1.471    41.190    system_i/v_axi4s_vid_out_0/inst/COUPLER_INST/generate_async_fifo.FIFO_INST/XPM_FIFO_ASYNC_INST/gnuram_async_fifo.xpm_fifo_base_inst/rdpp1_inst/rd_clk
    SLICE_X45Y81         FDRE                                         r  system_i/v_axi4s_vid_out_0/inst/COUPLER_INST/generate_async_fifo.FIFO_INST/XPM_FIFO_ASYNC_INST/gnuram_async_fifo.xpm_fifo_base_inst/rdpp1_inst/count_value_i_reg[10]/C
                         clock pessimism              0.014    41.204    
                         clock uncertainty           -0.119    41.085    
    SLICE_X45Y81         FDRE (Setup_fdre_C_CE)      -0.429    40.656    system_i/v_axi4s_vid_out_0/inst/COUPLER_INST/generate_async_fifo.FIFO_INST/XPM_FIFO_ASYNC_INST/gnuram_async_fifo.xpm_fifo_base_inst/rdpp1_inst/count_value_i_reg[10]
  -------------------------------------------------------------------
                         required time                         40.656    
                         arrival time                          -7.837    
  -------------------------------------------------------------------
                         slack                                 32.819    

Slack (MET) :             32.819ns  (required time - arrival time)
  Source:                 system_wrapper/system/system_v_tc_0_0/<hidden>/<hidden>/<hidden>
                            (rising edge-triggered cell FDRE clocked by clk_out1_system_clk_wiz_0_0  {rise@0.000ns fall@19.858ns period=39.716ns})
  Destination:            system_i/v_axi4s_vid_out_0/inst/COUPLER_INST/generate_async_fifo.FIFO_INST/XPM_FIFO_ASYNC_INST/gnuram_async_fifo.xpm_fifo_base_inst/rdpp1_inst/count_value_i_reg[11]/CE
                            (rising edge-triggered cell FDRE clocked by clk_out1_system_clk_wiz_0_0  {rise@0.000ns fall@19.858ns period=39.716ns})
  Path Group:             clk_out1_system_clk_wiz_0_0
  Path Type:              Setup (Max at Slow Process Corner)
  Requirement:            39.716ns  (clk_out1_system_clk_wiz_0_0 rise@39.716ns - clk_out1_system_clk_wiz_0_0 rise@0.000ns)
  Data Path Delay:        5.929ns  (logic 0.792ns (13.358%)  route 5.137ns (86.642%))
  Logic Levels:           2  (LUT4=1 LUT5=1)
  Clock Path Skew:        -0.420ns (DCD - SCD + CPR)
    Destination Clock Delay (DCD):    1.474ns = ( 41.190 - 39.716 ) 
    Source Clock Delay      (SCD):    1.908ns
    Clock Pessimism Removal (CPR):    0.014ns
  Clock Uncertainty:      0.119ns  ((TSJ^2 + DJ^2)^1/2) / 2 + PE
    Total System Jitter     (TSJ):    0.071ns
    Discrete Jitter          (DJ):    0.228ns
    Phase Error              (PE):    0.000ns

    Location             Delay type                Incr(ns)  Path(ns)    Netlist Resource(s)
  -------------------------------------------------------------------    -------------------
                         (clock clk_out1_system_clk_wiz_0_0 rise edge)
                                                      0.000     0.000 r  
    BUFGCTRL_X0Y16       BUFG                         0.000     0.000 r  system_i/processing_system7_0/inst/buffer_fclk_clk_0.FCLK_CLK_0_BUFG/O
                         net (fo=2984, routed)        1.806     1.806    system_i/clk_wiz_0/inst/clk_in1
    MMCME2_ADV_X1Y0      MMCME2_ADV (Prop_mmcme2_adv_CLKIN1_CLKOUT0)
                                                     -3.793    -1.987 r  system_i/clk_wiz_0/inst/mmcm_adv_inst/CLKOUT0
                         net (fo=1, routed)           1.889    -0.098    system_i/clk_wiz_0/inst/clk_out1_system_clk_wiz_0_0
    BUFGCTRL_X0Y0        BUFG (Prop_bufg_I_O)         0.101     0.003 r  system_i/clk_wiz_0/inst/clkout1_buf/O
                         net (fo=625, routed)         1.905     1.908    system_wrapper/system/system_v_tc_0_0/<hidden>/<hidden>/<hidden>
    SLICE_X54Y107        FDRE                                         r  system_wrapper/system/system_v_tc_0_0/<hidden>/<hidden>/<hidden>
  -------------------------------------------------------------------    -------------------
    SLICE_X54Y107        FDRE (Prop_fdre_C_Q)         0.518     2.426 r  system_wrapper/system/system_v_tc_0_0/<hidden>/<hidden>/<hidden>
                         net (fo=12, routed)          1.689     4.115    system_i/v_axi4s_vid_out_0/inst/SYNC_INST/vtg_active_video
    SLICE_X47Y96         LUT5 (Prop_lut5_I0_O)        0.124     4.239 r  system_i/v_axi4s_vid_out_0/inst/SYNC_INST/in_data_mux[23]_i_1/O
                         net (fo=37, routed)          1.992     6.231    system_i/v_axi4s_vid_out_0/inst/COUPLER_INST/generate_async_fifo.FIFO_INST/XPM_FIFO_ASYNC_INST/gnuram_async_fifo.xpm_fifo_base_inst/rdp_inst/rd_en
    SLICE_X46Y85         LUT4 (Prop_lut4_I2_O)        0.150     6.381 r  system_i/v_axi4s_vid_out_0/inst/COUPLER_INST/generate_async_fifo.FIFO_INST/XPM_FIFO_ASYNC_INST/gnuram_async_fifo.xpm_fifo_base_inst/rdp_inst/gen_sdpram.xpm_memory_base_inst_i_2/O
                         net (fo=28, routed)          1.456     7.837    system_i/v_axi4s_vid_out_0/inst/COUPLER_INST/generate_async_fifo.FIFO_INST/XPM_FIFO_ASYNC_INST/gnuram_async_fifo.xpm_fifo_base_inst/rdpp1_inst/E[0]
    SLICE_X45Y81         FDRE                                         r  system_i/v_axi4s_vid_out_0/inst/COUPLER_INST/generate_async_fifo.FIFO_INST/XPM_FIFO_ASYNC_INST/gnuram_async_fifo.xpm_fifo_base_inst/rdpp1_inst/count_value_i_reg[11]/CE
  -------------------------------------------------------------------    -------------------

                         (clock clk_out1_system_clk_wiz_0_0 rise edge)
                                                     39.716    39.716 r  
    BUFGCTRL_X0Y16       BUFG                         0.000    39.716 r  system_i/processing_system7_0/inst/buffer_fclk_clk_0.FCLK_CLK_0_BUFG/O
                         net (fo=2984, routed)        1.612    41.329    system_i/clk_wiz_0/inst/clk_in1
    MMCME2_ADV_X1Y0      MMCME2_ADV (Prop_mmcme2_adv_CLKIN1_CLKOUT0)
                                                     -3.425    37.903 r  system_i/clk_wiz_0/inst/mmcm_adv_inst/CLKOUT0
                         net (fo=1, routed)           1.725    39.628    system_i/clk_wiz_0/inst/clk_out1_system_clk_wiz_0_0
    BUFGCTRL_X0Y0        BUFG (Prop_bufg_I_O)         0.091    39.719 r  system_i/clk_wiz_0/inst/clkout1_buf/O
                         net (fo=625, routed)         1.471    41.190    system_i/v_axi4s_vid_out_0/inst/COUPLER_INST/generate_async_fifo.FIFO_INST/XPM_FIFO_ASYNC_INST/gnuram_async_fifo.xpm_fifo_base_inst/rdpp1_inst/rd_clk
    SLICE_X45Y81         FDRE                                         r  system_i/v_axi4s_vid_out_0/inst/COUPLER_INST/generate_async_fifo.FIFO_INST/XPM_FIFO_ASYNC_INST/gnuram_async_fifo.xpm_fifo_base_inst/rdpp1_inst/count_value_i_reg[11]/C
                         clock pessimism              0.014    41.204    
                         clock uncertainty           -0.119    41.085    
    SLICE_X45Y81         FDRE (Setup_fdre_C_CE)      -0.429    40.656    system_i/v_axi4s_vid_out_0/inst/COUPLER_INST/generate_async_fifo.FIFO_INST/XPM_FIFO_ASYNC_INST/gnuram_async_fifo.xpm_fifo_base_inst/rdpp1_inst/count_value_i_reg[11]
  -------------------------------------------------------------------
                         required time                         40.656    
                         arrival time                          -7.837    
  -------------------------------------------------------------------
                         slack                                 32.819    

Slack (MET) :             32.819ns  (required time - arrival time)
  Source:                 system_wrapper/system/system_v_tc_0_0/<hidden>/<hidden>/<hidden>
                            (rising edge-triggered cell FDRE clocked by clk_out1_system_clk_wiz_0_0  {rise@0.000ns fall@19.858ns period=39.716ns})
  Destination:            system_i/v_axi4s_vid_out_0/inst/COUPLER_INST/generate_async_fifo.FIFO_INST/XPM_FIFO_ASYNC_INST/gnuram_async_fifo.xpm_fifo_base_inst/rdpp1_inst/count_value_i_reg[8]/CE
                            (rising edge-triggered cell FDRE clocked by clk_out1_system_clk_wiz_0_0  {rise@0.000ns fall@19.858ns period=39.716ns})
  Path Group:             clk_out1_system_clk_wiz_0_0
  Path Type:              Setup (Max at Slow Process Corner)
  Requirement:            39.716ns  (clk_out1_system_clk_wiz_0_0 rise@39.716ns - clk_out1_system_clk_wiz_0_0 rise@0.000ns)
  Data Path Delay:        5.929ns  (logic 0.792ns (13.358%)  route 5.137ns (86.642%))
  Logic Levels:           2  (LUT4=1 LUT5=1)
  Clock Path Skew:        -0.420ns (DCD - SCD + CPR)
    Destination Clock Delay (DCD):    1.474ns = ( 41.190 - 39.716 ) 
    Source Clock Delay      (SCD):    1.908ns
    Clock Pessimism Removal (CPR):    0.014ns
  Clock Uncertainty:      0.119ns  ((TSJ^2 + DJ^2)^1/2) / 2 + PE
    Total System Jitter     (TSJ):    0.071ns
    Discrete Jitter          (DJ):    0.228ns
    Phase Error              (PE):    0.000ns

    Location             Delay type                Incr(ns)  Path(ns)    Netlist Resource(s)
  -------------------------------------------------------------------    -------------------
                         (clock clk_out1_system_clk_wiz_0_0 rise edge)
                                                      0.000     0.000 r  
    BUFGCTRL_X0Y16       BUFG                         0.000     0.000 r  system_i/processing_system7_0/inst/buffer_fclk_clk_0.FCLK_CLK_0_BUFG/O
                         net (fo=2984, routed)        1.806     1.806    system_i/clk_wiz_0/inst/clk_in1
    MMCME2_ADV_X1Y0      MMCME2_ADV (Prop_mmcme2_adv_CLKIN1_CLKOUT0)
                                                     -3.793    -1.987 r  system_i/clk_wiz_0/inst/mmcm_adv_inst/CLKOUT0
                         net (fo=1, routed)           1.889    -0.098    system_i/clk_wiz_0/inst/clk_out1_system_clk_wiz_0_0
    BUFGCTRL_X0Y0        BUFG (Prop_bufg_I_O)         0.101     0.003 r  system_i/clk_wiz_0/inst/clkout1_buf/O
                         net (fo=625, routed)         1.905     1.908    system_wrapper/system/system_v_tc_0_0/<hidden>/<hidden>/<hidden>
    SLICE_X54Y107        FDRE                                         r  system_wrapper/system/system_v_tc_0_0/<hidden>/<hidden>/<hidden>
  -------------------------------------------------------------------    -------------------
    SLICE_X54Y107        FDRE (Prop_fdre_C_Q)         0.518     2.426 r  system_wrapper/system/system_v_tc_0_0/<hidden>/<hidden>/<hidden>
                         net (fo=12, routed)          1.689     4.115    system_i/v_axi4s_vid_out_0/inst/SYNC_INST/vtg_active_video
    SLICE_X47Y96         LUT5 (Prop_lut5_I0_O)        0.124     4.239 r  system_i/v_axi4s_vid_out_0/inst/SYNC_INST/in_data_mux[23]_i_1/O
                         net (fo=37, routed)          1.992     6.231    system_i/v_axi4s_vid_out_0/inst/COUPLER_INST/generate_async_fifo.FIFO_INST/XPM_FIFO_ASYNC_INST/gnuram_async_fifo.xpm_fifo_base_inst/rdp_inst/rd_en
    SLICE_X46Y85         LUT4 (Prop_lut4_I2_O)        0.150     6.381 r  system_i/v_axi4s_vid_out_0/inst/COUPLER_INST/generate_async_fifo.FIFO_INST/XPM_FIFO_ASYNC_INST/gnuram_async_fifo.xpm_fifo_base_inst/rdp_inst/gen_sdpram.xpm_memory_base_inst_i_2/O
                         net (fo=28, routed)          1.456     7.837    system_i/v_axi4s_vid_out_0/inst/COUPLER_INST/generate_async_fifo.FIFO_INST/XPM_FIFO_ASYNC_INST/gnuram_async_fifo.xpm_fifo_base_inst/rdpp1_inst/E[0]
    SLICE_X45Y81         FDRE                                         r  system_i/v_axi4s_vid_out_0/inst/COUPLER_INST/generate_async_fifo.FIFO_INST/XPM_FIFO_ASYNC_INST/gnuram_async_fifo.xpm_fifo_base_inst/rdpp1_inst/count_value_i_reg[8]/CE
  -------------------------------------------------------------------    -------------------

                         (clock clk_out1_system_clk_wiz_0_0 rise edge)
                                                     39.716    39.716 r  
    BUFGCTRL_X0Y16       BUFG                         0.000    39.716 r  system_i/processing_system7_0/inst/buffer_fclk_clk_0.FCLK_CLK_0_BUFG/O
                         net (fo=2984, routed)        1.612    41.329    system_i/clk_wiz_0/inst/clk_in1
    MMCME2_ADV_X1Y0      MMCME2_ADV (Prop_mmcme2_adv_CLKIN1_CLKOUT0)
                                                     -3.425    37.903 r  system_i/clk_wiz_0/inst/mmcm_adv_inst/CLKOUT0
                         net (fo=1, routed)           1.725    39.628    system_i/clk_wiz_0/inst/clk_out1_system_clk_wiz_0_0
    BUFGCTRL_X0Y0        BUFG (Prop_bufg_I_O)         0.091    39.719 r  system_i/clk_wiz_0/inst/clkout1_buf/O
                         net (fo=625, routed)         1.471    41.190    system_i/v_axi4s_vid_out_0/inst/COUPLER_INST/generate_async_fifo.FIFO_INST/XPM_FIFO_ASYNC_INST/gnuram_async_fifo.xpm_fifo_base_inst/rdpp1_inst/rd_clk
    SLICE_X45Y81         FDRE                                         r  system_i/v_axi4s_vid_out_0/inst/COUPLER_INST/generate_async_fifo.FIFO_INST/XPM_FIFO_ASYNC_INST/gnuram_async_fifo.xpm_fifo_base_inst/rdpp1_inst/count_value_i_reg[8]/C
                         clock pessimism              0.014    41.204    
                         clock uncertainty           -0.119    41.085    
    SLICE_X45Y81         FDRE (Setup_fdre_C_CE)      -0.429    40.656    system_i/v_axi4s_vid_out_0/inst/COUPLER_INST/generate_async_fifo.FIFO_INST/XPM_FIFO_ASYNC_INST/gnuram_async_fifo.xpm_fifo_base_inst/rdpp1_inst/count_value_i_reg[8]
  -------------------------------------------------------------------
                         required time                         40.656    
                         arrival time                          -7.837    
  -------------------------------------------------------------------
                         slack                                 32.819    

Slack (MET) :             32.819ns  (required time - arrival time)
  Source:                 system_wrapper/system/system_v_tc_0_0/<hidden>/<hidden>/<hidden>
                            (rising edge-triggered cell FDRE clocked by clk_out1_system_clk_wiz_0_0  {rise@0.000ns fall@19.858ns period=39.716ns})
  Destination:            system_i/v_axi4s_vid_out_0/inst/COUPLER_INST/generate_async_fifo.FIFO_INST/XPM_FIFO_ASYNC_INST/gnuram_async_fifo.xpm_fifo_base_inst/rdpp1_inst/count_value_i_reg[9]/CE
                            (rising edge-triggered cell FDRE clocked by clk_out1_system_clk_wiz_0_0  {rise@0.000ns fall@19.858ns period=39.716ns})
  Path Group:             clk_out1_system_clk_wiz_0_0
  Path Type:              Setup (Max at Slow Process Corner)
  Requirement:            39.716ns  (clk_out1_system_clk_wiz_0_0 rise@39.716ns - clk_out1_system_clk_wiz_0_0 rise@0.000ns)
  Data Path Delay:        5.929ns  (logic 0.792ns (13.358%)  route 5.137ns (86.642%))
  Logic Levels:           2  (LUT4=1 LUT5=1)
  Clock Path Skew:        -0.420ns (DCD - SCD + CPR)
    Destination Clock Delay (DCD):    1.474ns = ( 41.190 - 39.716 ) 
    Source Clock Delay      (SCD):    1.908ns
    Clock Pessimism Removal (CPR):    0.014ns
  Clock Uncertainty:      0.119ns  ((TSJ^2 + DJ^2)^1/2) / 2 + PE
    Total System Jitter     (TSJ):    0.071ns
    Discrete Jitter          (DJ):    0.228ns
    Phase Error              (PE):    0.000ns

    Location             Delay type                Incr(ns)  Path(ns)    Netlist Resource(s)
  -------------------------------------------------------------------    -------------------
                         (clock clk_out1_system_clk_wiz_0_0 rise edge)
                                                      0.000     0.000 r  
    BUFGCTRL_X0Y16       BUFG                         0.000     0.000 r  system_i/processing_system7_0/inst/buffer_fclk_clk_0.FCLK_CLK_0_BUFG/O
                         net (fo=2984, routed)        1.806     1.806    system_i/clk_wiz_0/inst/clk_in1
    MMCME2_ADV_X1Y0      MMCME2_ADV (Prop_mmcme2_adv_CLKIN1_CLKOUT0)
                                                     -3.793    -1.987 r  system_i/clk_wiz_0/inst/mmcm_adv_inst/CLKOUT0
                         net (fo=1, routed)           1.889    -0.098    system_i/clk_wiz_0/inst/clk_out1_system_clk_wiz_0_0
    BUFGCTRL_X0Y0        BUFG (Prop_bufg_I_O)         0.101     0.003 r  system_i/clk_wiz_0/inst/clkout1_buf/O
                         net (fo=625, routed)         1.905     1.908    system_wrapper/system/system_v_tc_0_0/<hidden>/<hidden>/<hidden>
    SLICE_X54Y107        FDRE                                         r  system_wrapper/system/system_v_tc_0_0/<hidden>/<hidden>/<hidden>
  -------------------------------------------------------------------    -------------------
    SLICE_X54Y107        FDRE (Prop_fdre_C_Q)         0.518     2.426 r  system_wrapper/system/system_v_tc_0_0/<hidden>/<hidden>/<hidden>
                         net (fo=12, routed)          1.689     4.115    system_i/v_axi4s_vid_out_0/inst/SYNC_INST/vtg_active_video
    SLICE_X47Y96         LUT5 (Prop_lut5_I0_O)        0.124     4.239 r  system_i/v_axi4s_vid_out_0/inst/SYNC_INST/in_data_mux[23]_i_1/O
                         net (fo=37, routed)          1.992     6.231    system_i/v_axi4s_vid_out_0/inst/COUPLER_INST/generate_async_fifo.FIFO_INST/XPM_FIFO_ASYNC_INST/gnuram_async_fifo.xpm_fifo_base_inst/rdp_inst/rd_en
    SLICE_X46Y85         LUT4 (Prop_lut4_I2_O)        0.150     6.381 r  system_i/v_axi4s_vid_out_0/inst/COUPLER_INST/generate_async_fifo.FIFO_INST/XPM_FIFO_ASYNC_INST/gnuram_async_fifo.xpm_fifo_base_inst/rdp_inst/gen_sdpram.xpm_memory_base_inst_i_2/O
                         net (fo=28, routed)          1.456     7.837    system_i/v_axi4s_vid_out_0/inst/COUPLER_INST/generate_async_fifo.FIFO_INST/XPM_FIFO_ASYNC_INST/gnuram_async_fifo.xpm_fifo_base_inst/rdpp1_inst/E[0]
    SLICE_X45Y81         FDRE                                         r  system_i/v_axi4s_vid_out_0/inst/COUPLER_INST/generate_async_fifo.FIFO_INST/XPM_FIFO_ASYNC_INST/gnuram_async_fifo.xpm_fifo_base_inst/rdpp1_inst/count_value_i_reg[9]/CE
  -------------------------------------------------------------------    -------------------

                         (clock clk_out1_system_clk_wiz_0_0 rise edge)
                                                     39.716    39.716 r  
    BUFGCTRL_X0Y16       BUFG                         0.000    39.716 r  system_i/processing_system7_0/inst/buffer_fclk_clk_0.FCLK_CLK_0_BUFG/O
                         net (fo=2984, routed)        1.612    41.329    system_i/clk_wiz_0/inst/clk_in1
    MMCME2_ADV_X1Y0      MMCME2_ADV (Prop_mmcme2_adv_CLKIN1_CLKOUT0)
                                                     -3.425    37.903 r  system_i/clk_wiz_0/inst/mmcm_adv_inst/CLKOUT0
                         net (fo=1, routed)           1.725    39.628    system_i/clk_wiz_0/inst/clk_out1_system_clk_wiz_0_0
    BUFGCTRL_X0Y0        BUFG (Prop_bufg_I_O)         0.091    39.719 r  system_i/clk_wiz_0/inst/clkout1_buf/O
                         net (fo=625, routed)         1.471    41.190    system_i/v_axi4s_vid_out_0/inst/COUPLER_INST/generate_async_fifo.FIFO_INST/XPM_FIFO_ASYNC_INST/gnuram_async_fifo.xpm_fifo_base_inst/rdpp1_inst/rd_clk
    SLICE_X45Y81         FDRE                                         r  system_i/v_axi4s_vid_out_0/inst/COUPLER_INST/generate_async_fifo.FIFO_INST/XPM_FIFO_ASYNC_INST/gnuram_async_fifo.xpm_fifo_base_inst/rdpp1_inst/count_value_i_reg[9]/C
                         clock pessimism              0.014    41.204    
                         clock uncertainty           -0.119    41.085    
    SLICE_X45Y81         FDRE (Setup_fdre_C_CE)      -0.429    40.656    system_i/v_axi4s_vid_out_0/inst/COUPLER_INST/generate_async_fifo.FIFO_INST/XPM_FIFO_ASYNC_INST/gnuram_async_fifo.xpm_fifo_base_inst/rdpp1_inst/count_value_i_reg[9]
  -------------------------------------------------------------------
                         required time                         40.656    
                         arrival time                          -7.837    
  -------------------------------------------------------------------
                         slack                                 32.819    

Slack (MET) :             32.959ns  (required time - arrival time)
  Source:                 system_wrapper/system/system_v_tc_0_0/<hidden>/<hidden>/<hidden>
                            (rising edge-triggered cell FDRE clocked by clk_out1_system_clk_wiz_0_0  {rise@0.000ns fall@19.858ns period=39.716ns})
  Destination:            system_i/v_axi4s_vid_out_0/inst/COUPLER_INST/generate_async_fifo.FIFO_INST/XPM_FIFO_ASYNC_INST/gnuram_async_fifo.xpm_fifo_base_inst/gen_sdpram.xpm_memory_base_inst/gen_wr_a.gen_word_narrow.mem_reg_2/REGCEB
                            (rising edge-triggered cell RAMB36E1 clocked by clk_out1_system_clk_wiz_0_0  {rise@0.000ns fall@19.858ns period=39.716ns})
  Path Group:             clk_out1_system_clk_wiz_0_0
  Path Type:              Setup (Max at Slow Process Corner)
  Requirement:            39.716ns  (clk_out1_system_clk_wiz_0_0 rise@39.716ns - clk_out1_system_clk_wiz_0_0 rise@0.000ns)
  Data Path Delay:        5.903ns  (logic 0.766ns (12.977%)  route 5.137ns (87.023%))
  Logic Levels:           2  (LUT3=1 LUT5=1)
  Clock Path Skew:        -0.375ns (DCD - SCD + CPR)
    Destination Clock Delay (DCD):    1.519ns = ( 41.235 - 39.716 ) 
    Source Clock Delay      (SCD):    1.908ns
    Clock Pessimism Removal (CPR):    0.014ns
  Clock Uncertainty:      0.119ns  ((TSJ^2 + DJ^2)^1/2) / 2 + PE
    Total System Jitter     (TSJ):    0.071ns
    Discrete Jitter          (DJ):    0.228ns
    Phase Error              (PE):    0.000ns

    Location             Delay type                Incr(ns)  Path(ns)    Netlist Resource(s)
  -------------------------------------------------------------------    -------------------
                         (clock clk_out1_system_clk_wiz_0_0 rise edge)
                                                      0.000     0.000 r  
    BUFGCTRL_X0Y16       BUFG                         0.000     0.000 r  system_i/processing_system7_0/inst/buffer_fclk_clk_0.FCLK_CLK_0_BUFG/O
                         net (fo=2984, routed)        1.806     1.806    system_i/clk_wiz_0/inst/clk_in1
    MMCME2_ADV_X1Y0      MMCME2_ADV (Prop_mmcme2_adv_CLKIN1_CLKOUT0)
                                                     -3.793    -1.987 r  system_i/clk_wiz_0/inst/mmcm_adv_inst/CLKOUT0
                         net (fo=1, routed)           1.889    -0.098    system_i/clk_wiz_0/inst/clk_out1_system_clk_wiz_0_0
    BUFGCTRL_X0Y0        BUFG (Prop_bufg_I_O)         0.101     0.003 r  system_i/clk_wiz_0/inst/clkout1_buf/O
                         net (fo=625, routed)         1.905     1.908    system_wrapper/system/system_v_tc_0_0/<hidden>/<hidden>/<hidden>
    SLICE_X54Y107        FDRE                                         r  system_wrapper/system/system_v_tc_0_0/<hidden>/<hidden>/<hidden>
  -------------------------------------------------------------------    -------------------
    SLICE_X54Y107        FDRE (Prop_fdre_C_Q)         0.518     2.426 r  system_wrapper/system/system_v_tc_0_0/<hidden>/<hidden>/<hidden>
                         net (fo=12, routed)          1.689     4.115    system_i/v_axi4s_vid_out_0/inst/SYNC_INST/vtg_active_video
    SLICE_X47Y96         LUT5 (Prop_lut5_I0_O)        0.124     4.239 r  system_i/v_axi4s_vid_out_0/inst/SYNC_INST/in_data_mux[23]_i_1/O
                         net (fo=37, routed)          1.992     6.231    system_i/v_axi4s_vid_out_0/inst/COUPLER_INST/generate_async_fifo.FIFO_INST/XPM_FIFO_ASYNC_INST/gnuram_async_fifo.xpm_fifo_base_inst/rd_en
    SLICE_X46Y85         LUT3 (Prop_lut3_I2_O)        0.124     6.355 r  system_i/v_axi4s_vid_out_0/inst/COUPLER_INST/generate_async_fifo.FIFO_INST/XPM_FIFO_ASYNC_INST/gnuram_async_fifo.xpm_fifo_base_inst/gen_sdpram.xpm_memory_base_inst_i_3/O
                         net (fo=3, routed)           1.456     7.811    system_i/v_axi4s_vid_out_0/inst/COUPLER_INST/generate_async_fifo.FIFO_INST/XPM_FIFO_ASYNC_INST/gnuram_async_fifo.xpm_fifo_base_inst/gen_sdpram.xpm_memory_base_inst/regceb
    RAMB36_X2Y18         RAMB36E1                                     r  system_i/v_axi4s_vid_out_0/inst/COUPLER_INST/generate_async_fifo.FIFO_INST/XPM_FIFO_ASYNC_INST/gnuram_async_fifo.xpm_fifo_base_inst/gen_sdpram.xpm_memory_base_inst/gen_wr_a.gen_word_narrow.mem_reg_2/REGCEB
  -------------------------------------------------------------------    -------------------

                         (clock clk_out1_system_clk_wiz_0_0 rise edge)
                                                     39.716    39.716 r  
    BUFGCTRL_X0Y16       BUFG                         0.000    39.716 r  system_i/processing_system7_0/inst/buffer_fclk_clk_0.FCLK_CLK_0_BUFG/O
                         net (fo=2984, routed)        1.612    41.329    system_i/clk_wiz_0/inst/clk_in1
    MMCME2_ADV_X1Y0      MMCME2_ADV (Prop_mmcme2_adv_CLKIN1_CLKOUT0)
                                                     -3.425    37.903 r  system_i/clk_wiz_0/inst/mmcm_adv_inst/CLKOUT0
                         net (fo=1, routed)           1.725    39.628    system_i/clk_wiz_0/inst/clk_out1_system_clk_wiz_0_0
    BUFGCTRL_X0Y0        BUFG (Prop_bufg_I_O)         0.091    39.719 r  system_i/clk_wiz_0/inst/clkout1_buf/O
                         net (fo=625, routed)         1.516    41.235    system_i/v_axi4s_vid_out_0/inst/COUPLER_INST/generate_async_fifo.FIFO_INST/XPM_FIFO_ASYNC_INST/gnuram_async_fifo.xpm_fifo_base_inst/gen_sdpram.xpm_memory_base_inst/clkb
    RAMB36_X2Y18         RAMB36E1                                     r  system_i/v_axi4s_vid_out_0/inst/COUPLER_INST/generate_async_fifo.FIFO_INST/XPM_FIFO_ASYNC_INST/gnuram_async_fifo.xpm_fifo_base_inst/gen_sdpram.xpm_memory_base_inst/gen_wr_a.gen_word_narrow.mem_reg_2/CLKBWRCLK
                         clock pessimism              0.014    41.249    
                         clock uncertainty           -0.119    41.130    
    RAMB36_X2Y18         RAMB36E1 (Setup_ramb36e1_CLKBWRCLK_REGCEB)
                                                     -0.360    40.770    system_i/v_axi4s_vid_out_0/inst/COUPLER_INST/generate_async_fifo.FIFO_INST/XPM_FIFO_ASYNC_INST/gnuram_async_fifo.xpm_fifo_base_inst/gen_sdpram.xpm_memory_base_inst/gen_wr_a.gen_word_narrow.mem_reg_2
  -------------------------------------------------------------------
                         required time                         40.770    
                         arrival time                          -7.811    
  -------------------------------------------------------------------
                         slack                                 32.959    

Slack (MET) :             33.003ns  (required time - arrival time)
  Source:                 system_wrapper/system/system_v_tc_0_0/<hidden>/<hidden>/<hidden>
                            (rising edge-triggered cell FDRE clocked by clk_out1_system_clk_wiz_0_0  {rise@0.000ns fall@19.858ns period=39.716ns})
  Destination:            system_i/v_axi4s_vid_out_0/inst/COUPLER_INST/generate_async_fifo.FIFO_INST/XPM_FIFO_ASYNC_INST/gnuram_async_fifo.xpm_fifo_base_inst/gen_sdpram.xpm_memory_base_inst/gen_wr_a.gen_word_narrow.mem_reg_1/REGCEB
                            (rising edge-triggered cell RAMB36E1 clocked by clk_out1_system_clk_wiz_0_0  {rise@0.000ns fall@19.858ns period=39.716ns})
  Path Group:             clk_out1_system_clk_wiz_0_0
  Path Type:              Setup (Max at Slow Process Corner)
  Requirement:            39.716ns  (clk_out1_system_clk_wiz_0_0 rise@39.716ns - clk_out1_system_clk_wiz_0_0 rise@0.000ns)
  Data Path Delay:        5.849ns  (logic 0.766ns (13.095%)  route 5.083ns (86.905%))
  Logic Levels:           2  (LUT3=1 LUT5=1)
  Clock Path Skew:        -0.384ns (DCD - SCD + CPR)
    Destination Clock Delay (DCD):    1.510ns = ( 41.226 - 39.716 ) 
    Source Clock Delay      (SCD):    1.908ns
    Clock Pessimism Removal (CPR):    0.014ns
  Clock Uncertainty:      0.119ns  ((TSJ^2 + DJ^2)^1/2) / 2 + PE
    Total System Jitter     (TSJ):    0.071ns
    Discrete Jitter          (DJ):    0.228ns
    Phase Error              (PE):    0.000ns

    Location             Delay type                Incr(ns)  Path(ns)    Netlist Resource(s)
  -------------------------------------------------------------------    -------------------
                         (clock clk_out1_system_clk_wiz_0_0 rise edge)
                                                      0.000     0.000 r  
    BUFGCTRL_X0Y16       BUFG                         0.000     0.000 r  system_i/processing_system7_0/inst/buffer_fclk_clk_0.FCLK_CLK_0_BUFG/O
                         net (fo=2984, routed)        1.806     1.806    system_i/clk_wiz_0/inst/clk_in1
    MMCME2_ADV_X1Y0      MMCME2_ADV (Prop_mmcme2_adv_CLKIN1_CLKOUT0)
                                                     -3.793    -1.987 r  system_i/clk_wiz_0/inst/mmcm_adv_inst/CLKOUT0
                         net (fo=1, routed)           1.889    -0.098    system_i/clk_wiz_0/inst/clk_out1_system_clk_wiz_0_0
    BUFGCTRL_X0Y0        BUFG (Prop_bufg_I_O)         0.101     0.003 r  system_i/clk_wiz_0/inst/clkout1_buf/O
                         net (fo=625, routed)         1.905     1.908    system_wrapper/system/system_v_tc_0_0/<hidden>/<hidden>/<hidden>
    SLICE_X54Y107        FDRE                                         r  system_wrapper/system/system_v_tc_0_0/<hidden>/<hidden>/<hidden>
  -------------------------------------------------------------------    -------------------
    SLICE_X54Y107        FDRE (Prop_fdre_C_Q)         0.518     2.426 r  system_wrapper/system/system_v_tc_0_0/<hidden>/<hidden>/<hidden>
                         net (fo=12, routed)          1.689     4.115    system_i/v_axi4s_vid_out_0/inst/SYNC_INST/vtg_active_video
    SLICE_X47Y96         LUT5 (Prop_lut5_I0_O)        0.124     4.239 r  system_i/v_axi4s_vid_out_0/inst/SYNC_INST/in_data_mux[23]_i_1/O
                         net (fo=37, routed)          1.992     6.231    system_i/v_axi4s_vid_out_0/inst/COUPLER_INST/generate_async_fifo.FIFO_INST/XPM_FIFO_ASYNC_INST/gnuram_async_fifo.xpm_fifo_base_inst/rd_en
    SLICE_X46Y85         LUT3 (Prop_lut3_I2_O)        0.124     6.355 r  system_i/v_axi4s_vid_out_0/inst/COUPLER_INST/generate_async_fifo.FIFO_INST/XPM_FIFO_ASYNC_INST/gnuram_async_fifo.xpm_fifo_base_inst/gen_sdpram.xpm_memory_base_inst_i_3/O
                         net (fo=3, routed)           1.403     7.757    system_i/v_axi4s_vid_out_0/inst/COUPLER_INST/generate_async_fifo.FIFO_INST/XPM_FIFO_ASYNC_INST/gnuram_async_fifo.xpm_fifo_base_inst/gen_sdpram.xpm_memory_base_inst/regceb
    RAMB36_X2Y16         RAMB36E1                                     r  system_i/v_axi4s_vid_out_0/inst/COUPLER_INST/generate_async_fifo.FIFO_INST/XPM_FIFO_ASYNC_INST/gnuram_async_fifo.xpm_fifo_base_inst/gen_sdpram.xpm_memory_base_inst/gen_wr_a.gen_word_narrow.mem_reg_1/REGCEB
  -------------------------------------------------------------------    -------------------

                         (clock clk_out1_system_clk_wiz_0_0 rise edge)
                                                     39.716    39.716 r  
    BUFGCTRL_X0Y16       BUFG                         0.000    39.716 r  system_i/processing_system7_0/inst/buffer_fclk_clk_0.FCLK_CLK_0_BUFG/O
                         net (fo=2984, routed)        1.612    41.329    system_i/clk_wiz_0/inst/clk_in1
    MMCME2_ADV_X1Y0      MMCME2_ADV (Prop_mmcme2_adv_CLKIN1_CLKOUT0)
                                                     -3.425    37.903 r  system_i/clk_wiz_0/inst/mmcm_adv_inst/CLKOUT0
                         net (fo=1, routed)           1.725    39.628    system_i/clk_wiz_0/inst/clk_out1_system_clk_wiz_0_0
    BUFGCTRL_X0Y0        BUFG (Prop_bufg_I_O)         0.091    39.719 r  system_i/clk_wiz_0/inst/clkout1_buf/O
                         net (fo=625, routed)         1.507    41.226    system_i/v_axi4s_vid_out_0/inst/COUPLER_INST/generate_async_fifo.FIFO_INST/XPM_FIFO_ASYNC_INST/gnuram_async_fifo.xpm_fifo_base_inst/gen_sdpram.xpm_memory_base_inst/clkb
    RAMB36_X2Y16         RAMB36E1                                     r  system_i/v_axi4s_vid_out_0/inst/COUPLER_INST/generate_async_fifo.FIFO_INST/XPM_FIFO_ASYNC_INST/gnuram_async_fifo.xpm_fifo_base_inst/gen_sdpram.xpm_memory_base_inst/gen_wr_a.gen_word_narrow.mem_reg_1/CLKBWRCLK
                         clock pessimism              0.014    41.240    
                         clock uncertainty           -0.119    41.121    
    RAMB36_X2Y16         RAMB36E1 (Setup_ramb36e1_CLKBWRCLK_REGCEB)
                                                     -0.360    40.761    system_i/v_axi4s_vid_out_0/inst/COUPLER_INST/generate_async_fifo.FIFO_INST/XPM_FIFO_ASYNC_INST/gnuram_async_fifo.xpm_fifo_base_inst/gen_sdpram.xpm_memory_base_inst/gen_wr_a.gen_word_narrow.mem_reg_1
  -------------------------------------------------------------------
                         required time                         40.761    
                         arrival time                          -7.757    
  -------------------------------------------------------------------
                         slack                                 33.003    

Slack (MET) :             33.138ns  (required time - arrival time)
  Source:                 system_wrapper/system/system_v_tc_0_0/<hidden>/<hidden>/<hidden>
                            (rising edge-triggered cell FDRE clocked by clk_out1_system_clk_wiz_0_0  {rise@0.000ns fall@19.858ns period=39.716ns})
  Destination:            system_i/v_axi4s_vid_out_0/inst/COUPLER_INST/generate_async_fifo.FIFO_INST/XPM_FIFO_ASYNC_INST/gnuram_async_fifo.xpm_fifo_base_inst/gen_sdpram.xpm_memory_base_inst/gen_wr_a.gen_word_narrow.mem_reg_1/ENBWREN
                            (rising edge-triggered cell RAMB36E1 clocked by clk_out1_system_clk_wiz_0_0  {rise@0.000ns fall@19.858ns period=39.716ns})
  Path Group:             clk_out1_system_clk_wiz_0_0
  Path Type:              Setup (Max at Slow Process Corner)
  Requirement:            39.716ns  (clk_out1_system_clk_wiz_0_0 rise@39.716ns - clk_out1_system_clk_wiz_0_0 rise@0.000ns)
  Data Path Delay:        5.408ns  (logic 0.792ns (14.646%)  route 4.616ns (85.354%))
  Logic Levels:           2  (LUT4=1 LUT5=1)
  Clock Path Skew:        -0.384ns (DCD - SCD + CPR)
    Destination Clock Delay (DCD):    1.510ns = ( 41.226 - 39.716 ) 
    Source Clock Delay      (SCD):    1.908ns
    Clock Pessimism Removal (CPR):    0.014ns
  Clock Uncertainty:      0.119ns  ((TSJ^2 + DJ^2)^1/2) / 2 + PE
    Total System Jitter     (TSJ):    0.071ns
    Discrete Jitter          (DJ):    0.228ns
    Phase Error              (PE):    0.000ns

    Location             Delay type                Incr(ns)  Path(ns)    Netlist Resource(s)
  -------------------------------------------------------------------    -------------------
                         (clock clk_out1_system_clk_wiz_0_0 rise edge)
                                                      0.000     0.000 r  
    BUFGCTRL_X0Y16       BUFG                         0.000     0.000 r  system_i/processing_system7_0/inst/buffer_fclk_clk_0.FCLK_CLK_0_BUFG/O
                         net (fo=2984, routed)        1.806     1.806    system_i/clk_wiz_0/inst/clk_in1
    MMCME2_ADV_X1Y0      MMCME2_ADV (Prop_mmcme2_adv_CLKIN1_CLKOUT0)
                                                     -3.793    -1.987 r  system_i/clk_wiz_0/inst/mmcm_adv_inst/CLKOUT0
                         net (fo=1, routed)           1.889    -0.098    system_i/clk_wiz_0/inst/clk_out1_system_clk_wiz_0_0
    BUFGCTRL_X0Y0        BUFG (Prop_bufg_I_O)         0.101     0.003 r  system_i/clk_wiz_0/inst/clkout1_buf/O
                         net (fo=625, routed)         1.905     1.908    system_wrapper/system/system_v_tc_0_0/<hidden>/<hidden>/<hidden>
    SLICE_X54Y107        FDRE                                         r  system_wrapper/system/system_v_tc_0_0/<hidden>/<hidden>/<hidden>
  -------------------------------------------------------------------    -------------------
    SLICE_X54Y107        FDRE (Prop_fdre_C_Q)         0.518     2.426 r  system_wrapper/system/system_v_tc_0_0/<hidden>/<hidden>/<hidden>
                         net (fo=12, routed)          1.689     4.115    system_i/v_axi4s_vid_out_0/inst/SYNC_INST/vtg_active_video
    SLICE_X47Y96         LUT5 (Prop_lut5_I0_O)        0.124     4.239 r  system_i/v_axi4s_vid_out_0/inst/SYNC_INST/in_data_mux[23]_i_1/O
                         net (fo=37, routed)          1.992     6.231    system_i/v_axi4s_vid_out_0/inst/COUPLER_INST/generate_async_fifo.FIFO_INST/XPM_FIFO_ASYNC_INST/gnuram_async_fifo.xpm_fifo_base_inst/rdp_inst/rd_en
    SLICE_X46Y85         LUT4 (Prop_lut4_I2_O)        0.150     6.381 r  system_i/v_axi4s_vid_out_0/inst/COUPLER_INST/generate_async_fifo.FIFO_INST/XPM_FIFO_ASYNC_INST/gnuram_async_fifo.xpm_fifo_base_inst/rdp_inst/gen_sdpram.xpm_memory_base_inst_i_2/O
                         net (fo=28, routed)          0.935     7.316    system_i/v_axi4s_vid_out_0/inst/COUPLER_INST/generate_async_fifo.FIFO_INST/XPM_FIFO_ASYNC_INST/gnuram_async_fifo.xpm_fifo_base_inst/gen_sdpram.xpm_memory_base_inst/enb
    RAMB36_X2Y16         RAMB36E1                                     r  system_i/v_axi4s_vid_out_0/inst/COUPLER_INST/generate_async_fifo.FIFO_INST/XPM_FIFO_ASYNC_INST/gnuram_async_fifo.xpm_fifo_base_inst/gen_sdpram.xpm_memory_base_inst/gen_wr_a.gen_word_narrow.mem_reg_1/ENBWREN
  -------------------------------------------------------------------    -------------------

                         (clock clk_out1_system_clk_wiz_0_0 rise edge)
                                                     39.716    39.716 r  
    BUFGCTRL_X0Y16       BUFG                         0.000    39.716 r  system_i/processing_system7_0/inst/buffer_fclk_clk_0.FCLK_CLK_0_BUFG/O
                         net (fo=2984, routed)        1.612    41.329    system_i/clk_wiz_0/inst/clk_in1
    MMCME2_ADV_X1Y0      MMCME2_ADV (Prop_mmcme2_adv_CLKIN1_CLKOUT0)
                                                     -3.425    37.903 r  system_i/clk_wiz_0/inst/mmcm_adv_inst/CLKOUT0
                         net (fo=1, routed)           1.725    39.628    system_i/clk_wiz_0/inst/clk_out1_system_clk_wiz_0_0
    BUFGCTRL_X0Y0        BUFG (Prop_bufg_I_O)         0.091    39.719 r  system_i/clk_wiz_0/inst/clkout1_buf/O
                         net (fo=625, routed)         1.507    41.226    system_i/v_axi4s_vid_out_0/inst/COUPLER_INST/generate_async_fifo.FIFO_INST/XPM_FIFO_ASYNC_INST/gnuram_async_fifo.xpm_fifo_base_inst/gen_sdpram.xpm_memory_base_inst/clkb
    RAMB36_X2Y16         RAMB36E1                                     r  system_i/v_axi4s_vid_out_0/inst/COUPLER_INST/generate_async_fifo.FIFO_INST/XPM_FIFO_ASYNC_INST/gnuram_async_fifo.xpm_fifo_base_inst/gen_sdpram.xpm_memory_base_inst/gen_wr_a.gen_word_narrow.mem_reg_1/CLKBWRCLK
                         clock pessimism              0.014    41.240    
                         clock uncertainty           -0.119    41.121    
    RAMB36_X2Y16         RAMB36E1 (Setup_ramb36e1_CLKBWRCLK_ENBWREN)
                                                     -0.667    40.454    system_i/v_axi4s_vid_out_0/inst/COUPLER_INST/generate_async_fifo.FIFO_INST/XPM_FIFO_ASYNC_INST/gnuram_async_fifo.xpm_fifo_base_inst/gen_sdpram.xpm_memory_base_inst/gen_wr_a.gen_word_narrow.mem_reg_1
  -------------------------------------------------------------------
                         required time                         40.454    
                         arrival time                          -7.316    
  -------------------------------------------------------------------
                         slack                                 33.138    

Slack (MET) :             33.239ns  (required time - arrival time)
  Source:                 system_wrapper/system/system_v_tc_0_0/<hidden>/<hidden>/<hidden>
                            (rising edge-triggered cell FDRE clocked by clk_out1_system_clk_wiz_0_0  {rise@0.000ns fall@19.858ns period=39.716ns})
  Destination:            system_i/v_axi4s_vid_out_0/inst/COUPLER_INST/generate_async_fifo.FIFO_INST/XPM_FIFO_ASYNC_INST/gnuram_async_fifo.xpm_fifo_base_inst/rdpp1_inst/count_value_i_reg[0]/CE
                            (rising edge-triggered cell FDSE clocked by clk_out1_system_clk_wiz_0_0  {rise@0.000ns fall@19.858ns period=39.716ns})
  Path Group:             clk_out1_system_clk_wiz_0_0
  Path Type:              Setup (Max at Slow Process Corner)
  Requirement:            39.716ns  (clk_out1_system_clk_wiz_0_0 rise@39.716ns - clk_out1_system_clk_wiz_0_0 rise@0.000ns)
  Data Path Delay:        5.507ns  (logic 0.792ns (14.381%)  route 4.715ns (85.619%))
  Logic Levels:           2  (LUT4=1 LUT5=1)
  Clock Path Skew:        -0.421ns (DCD - SCD + CPR)
    Destination Clock Delay (DCD):    1.473ns = ( 41.189 - 39.716 ) 
    Source Clock Delay      (SCD):    1.908ns
    Clock Pessimism Removal (CPR):    0.014ns
  Clock Uncertainty:      0.119ns  ((TSJ^2 + DJ^2)^1/2) / 2 + PE
    Total System Jitter     (TSJ):    0.071ns
    Discrete Jitter          (DJ):    0.228ns
    Phase Error              (PE):    0.000ns

    Location             Delay type                Incr(ns)  Path(ns)    Netlist Resource(s)
  -------------------------------------------------------------------    -------------------
                         (clock clk_out1_system_clk_wiz_0_0 rise edge)
                                                      0.000     0.000 r  
    BUFGCTRL_X0Y16       BUFG                         0.000     0.000 r  system_i/processing_system7_0/inst/buffer_fclk_clk_0.FCLK_CLK_0_BUFG/O
                         net (fo=2984, routed)        1.806     1.806    system_i/clk_wiz_0/inst/clk_in1
    MMCME2_ADV_X1Y0      MMCME2_ADV (Prop_mmcme2_adv_CLKIN1_CLKOUT0)
                                                     -3.793    -1.987 r  system_i/clk_wiz_0/inst/mmcm_adv_inst/CLKOUT0
                         net (fo=1, routed)           1.889    -0.098    system_i/clk_wiz_0/inst/clk_out1_system_clk_wiz_0_0
    BUFGCTRL_X0Y0        BUFG (Prop_bufg_I_O)         0.101     0.003 r  system_i/clk_wiz_0/inst/clkout1_buf/O
                         net (fo=625, routed)         1.905     1.908    system_wrapper/system/system_v_tc_0_0/<hidden>/<hidden>/<hidden>
    SLICE_X54Y107        FDRE                                         r  system_wrapper/system/system_v_tc_0_0/<hidden>/<hidden>/<hidden>
  -------------------------------------------------------------------    -------------------
    SLICE_X54Y107        FDRE (Prop_fdre_C_Q)         0.518     2.426 r  system_wrapper/system/system_v_tc_0_0/<hidden>/<hidden>/<hidden>
                         net (fo=12, routed)          1.689     4.115    system_i/v_axi4s_vid_out_0/inst/SYNC_INST/vtg_active_video
    SLICE_X47Y96         LUT5 (Prop_lut5_I0_O)        0.124     4.239 r  system_i/v_axi4s_vid_out_0/inst/SYNC_INST/in_data_mux[23]_i_1/O
                         net (fo=37, routed)          1.992     6.231    system_i/v_axi4s_vid_out_0/inst/COUPLER_INST/generate_async_fifo.FIFO_INST/XPM_FIFO_ASYNC_INST/gnuram_async_fifo.xpm_fifo_base_inst/rdp_inst/rd_en
    SLICE_X46Y85         LUT4 (Prop_lut4_I2_O)        0.150     6.381 r  system_i/v_axi4s_vid_out_0/inst/COUPLER_INST/generate_async_fifo.FIFO_INST/XPM_FIFO_ASYNC_INST/gnuram_async_fifo.xpm_fifo_base_inst/rdp_inst/gen_sdpram.xpm_memory_base_inst_i_2/O
                         net (fo=28, routed)          1.034     7.415    system_i/v_axi4s_vid_out_0/inst/COUPLER_INST/generate_async_fifo.FIFO_INST/XPM_FIFO_ASYNC_INST/gnuram_async_fifo.xpm_fifo_base_inst/rdpp1_inst/E[0]
    SLICE_X45Y79         FDSE                                         r  system_i/v_axi4s_vid_out_0/inst/COUPLER_INST/generate_async_fifo.FIFO_INST/XPM_FIFO_ASYNC_INST/gnuram_async_fifo.xpm_fifo_base_inst/rdpp1_inst/count_value_i_reg[0]/CE
  -------------------------------------------------------------------    -------------------

                         (clock clk_out1_system_clk_wiz_0_0 rise edge)
                                                     39.716    39.716 r  
    BUFGCTRL_X0Y16       BUFG                         0.000    39.716 r  system_i/processing_system7_0/inst/buffer_fclk_clk_0.FCLK_CLK_0_BUFG/O
                         net (fo=2984, routed)        1.612    41.329    system_i/clk_wiz_0/inst/clk_in1
    MMCME2_ADV_X1Y0      MMCME2_ADV (Prop_mmcme2_adv_CLKIN1_CLKOUT0)
                                                     -3.425    37.903 r  system_i/clk_wiz_0/inst/mmcm_adv_inst/CLKOUT0
                         net (fo=1, routed)           1.725    39.628    system_i/clk_wiz_0/inst/clk_out1_system_clk_wiz_0_0
    BUFGCTRL_X0Y0        BUFG (Prop_bufg_I_O)         0.091    39.719 r  system_i/clk_wiz_0/inst/clkout1_buf/O
                         net (fo=625, routed)         1.470    41.189    system_i/v_axi4s_vid_out_0/inst/COUPLER_INST/generate_async_fifo.FIFO_INST/XPM_FIFO_ASYNC_INST/gnuram_async_fifo.xpm_fifo_base_inst/rdpp1_inst/rd_clk
    SLICE_X45Y79         FDSE                                         r  system_i/v_axi4s_vid_out_0/inst/COUPLER_INST/generate_async_fifo.FIFO_INST/XPM_FIFO_ASYNC_INST/gnuram_async_fifo.xpm_fifo_base_inst/rdpp1_inst/count_value_i_reg[0]/C
                         clock pessimism              0.014    41.203    
                         clock uncertainty           -0.119    41.084    
    SLICE_X45Y79         FDSE (Setup_fdse_C_CE)      -0.429    40.655    system_i/v_axi4s_vid_out_0/inst/COUPLER_INST/generate_async_fifo.FIFO_INST/XPM_FIFO_ASYNC_INST/gnuram_async_fifo.xpm_fifo_base_inst/rdpp1_inst/count_value_i_reg[0]
  -------------------------------------------------------------------
                         required time                         40.655    
                         arrival time                          -7.415    
  -------------------------------------------------------------------
                         slack                                 33.239    





Min Delay Paths
--------------------------------------------------------------------------------------
Slack (MET) :             0.083ns  (arrival time - required time)
  Source:                 system_i/v_axi4s_vid_out_0/inst/SYNC_INST/locked_reg/C
                            (rising edge-triggered cell FDRE clocked by clk_out1_system_clk_wiz_0_0  {rise@0.000ns fall@19.858ns period=39.716ns})
  Destination:            system_i/v_axi4s_vid_out_0/inst/FORMATTER_INST/fivid_reset_full_frame_reg/D
                            (rising edge-triggered cell FDRE clocked by clk_out1_system_clk_wiz_0_0  {rise@0.000ns fall@19.858ns period=39.716ns})
  Path Group:             clk_out1_system_clk_wiz_0_0
  Path Type:              Hold (Min at Fast Process Corner)
  Requirement:            0.000ns  (clk_out1_system_clk_wiz_0_0 rise@0.000ns - clk_out1_system_clk_wiz_0_0 rise@0.000ns)
  Data Path Delay:        0.520ns  (logic 0.227ns (43.646%)  route 0.293ns (56.354%))
  Logic Levels:           1  (LUT3=1)
  Clock Path Skew:        0.346ns (DCD - SCD - CPR)
    Destination Clock Delay (DCD):    0.911ns
    Source Clock Delay      (SCD):    0.560ns
    Clock Pessimism Removal (CPR):    0.005ns

    Location             Delay type                Incr(ns)  Path(ns)    Netlist Resource(s)
  -------------------------------------------------------------------    -------------------
                         (clock clk_out1_system_clk_wiz_0_0 rise edge)
                                                      0.000     0.000 r  
    BUFGCTRL_X0Y16       BUFG                         0.000     0.000 r  system_i/processing_system7_0/inst/buffer_fclk_clk_0.FCLK_CLK_0_BUFG/O
                         net (fo=2984, routed)        0.597     0.597    system_i/clk_wiz_0/inst/clk_in1
    MMCME2_ADV_X1Y0      MMCME2_ADV (Prop_mmcme2_adv_CLKIN1_CLKOUT0)
                                                     -1.150    -0.553 r  system_i/clk_wiz_0/inst/mmcm_adv_inst/CLKOUT0
                         net (fo=1, routed)           0.529    -0.024    system_i/clk_wiz_0/inst/clk_out1_system_clk_wiz_0_0
    BUFGCTRL_X0Y0        BUFG (Prop_bufg_I_O)         0.026     0.002 r  system_i/clk_wiz_0/inst/clkout1_buf/O
                         net (fo=625, routed)         0.558     0.560    system_i/v_axi4s_vid_out_0/inst/SYNC_INST/vid_io_out_clk
    SLICE_X47Y94         FDRE                                         r  system_i/v_axi4s_vid_out_0/inst/SYNC_INST/locked_reg/C
  -------------------------------------------------------------------    -------------------
    SLICE_X47Y94         FDRE (Prop_fdre_C_Q)         0.128     0.688 r  system_i/v_axi4s_vid_out_0/inst/SYNC_INST/locked_reg/Q
                         net (fo=3, routed)           0.293     0.981    system_i/v_axi4s_vid_out_0/inst/FORMATTER_INST/src_in
    SLICE_X53Y100        LUT3 (Prop_lut3_I2_O)        0.099     1.080 r  system_i/v_axi4s_vid_out_0/inst/FORMATTER_INST/fivid_reset_full_frame_i_1/O
                         net (fo=1, routed)           0.000     1.080    system_i/v_axi4s_vid_out_0/inst/FORMATTER_INST/fivid_reset_full_frame_i_1_n_0
    SLICE_X53Y100        FDRE                                         r  system_i/v_axi4s_vid_out_0/inst/FORMATTER_INST/fivid_reset_full_frame_reg/D
  -------------------------------------------------------------------    -------------------

                         (clock clk_out1_system_clk_wiz_0_0 rise edge)
                                                      0.000     0.000 r  
    BUFGCTRL_X0Y16       BUFG                         0.000     0.000 r  system_i/processing_system7_0/inst/buffer_fclk_clk_0.FCLK_CLK_0_BUFG/O
                         net (fo=2984, routed)        0.864     0.864    system_i/clk_wiz_0/inst/clk_in1
    MMCME2_ADV_X1Y0      MMCME2_ADV (Prop_mmcme2_adv_CLKIN1_CLKOUT0)
                                                     -1.467    -0.603 r  system_i/clk_wiz_0/inst/mmcm_adv_inst/CLKOUT0
                         net (fo=1, routed)           0.576    -0.027    system_i/clk_wiz_0/inst/clk_out1_system_clk_wiz_0_0
    BUFGCTRL_X0Y0        BUFG (Prop_bufg_I_O)         0.029     0.002 r  system_i/clk_wiz_0/inst/clkout1_buf/O
                         net (fo=625, routed)         0.909     0.911    system_i/v_axi4s_vid_out_0/inst/FORMATTER_INST/vid_io_out_clk
    SLICE_X53Y100        FDRE                                         r  system_i/v_axi4s_vid_out_0/inst/FORMATTER_INST/fivid_reset_full_frame_reg/C
                         clock pessimism             -0.005     0.906    
    SLICE_X53Y100        FDRE (Hold_fdre_C_D)         0.091     0.997    system_i/v_axi4s_vid_out_0/inst/FORMATTER_INST/fivid_reset_full_frame_reg
  -------------------------------------------------------------------
                         required time                         -0.997    
                         arrival time                           1.080    
  -------------------------------------------------------------------
                         slack                                  0.083    

Slack (MET) :             0.117ns  (arrival time - required time)
  Source:                 system_i/rst_pix/U0/EXT_LPF/lpf_asr_reg/C
                            (rising edge-triggered cell FDRE clocked by clk_out1_system_clk_wiz_0_0  {rise@0.000ns fall@19.858ns period=39.716ns})
  Destination:            system_i/rst_pix/U0/EXT_LPF/lpf_int_reg/D
                            (rising edge-triggered cell FDRE clocked by clk_out1_system_clk_wiz_0_0  {rise@0.000ns fall@19.858ns period=39.716ns})
  Path Group:             clk_out1_system_clk_wiz_0_0
  Path Type:              Hold (Min at Fast Process Corner)
  Requirement:            0.000ns  (clk_out1_system_clk_wiz_0_0 rise@0.000ns - clk_out1_system_clk_wiz_0_0 rise@0.000ns)
  Data Path Delay:        0.251ns  (logic 0.186ns (74.042%)  route 0.065ns (25.958%))
  Logic Levels:           1  (LUT4=1)
  Clock Path Skew:        0.013ns (DCD - SCD - CPR)
    Destination Clock Delay (DCD):    0.938ns
    Source Clock Delay      (SCD):    0.665ns
    Clock Pessimism Removal (CPR):    0.260ns

    Location             Delay type                Incr(ns)  Path(ns)    Netlist Resource(s)
  -------------------------------------------------------------------    -------------------
                         (clock clk_out1_system_clk_wiz_0_0 rise edge)
                                                      0.000     0.000 r  
    BUFGCTRL_X0Y16       BUFG                         0.000     0.000 r  system_i/processing_system7_0/inst/buffer_fclk_clk_0.FCLK_CLK_0_BUFG/O
                         net (fo=2984, routed)        0.597     0.597    system_i/clk_wiz_0/inst/clk_in1
    MMCME2_ADV_X1Y0      MMCME2_ADV (Prop_mmcme2_adv_CLKIN1_CLKOUT0)
                                                     -1.150    -0.553 r  system_i/clk_wiz_0/inst/mmcm_adv_inst/CLKOUT0
                         net (fo=1, routed)           0.529    -0.024    system_i/clk_wiz_0/inst/clk_out1_system_clk_wiz_0_0
    BUFGCTRL_X0Y0        BUFG (Prop_bufg_I_O)         0.026     0.002 r  system_i/clk_wiz_0/inst/clkout1_buf/O
                         net (fo=625, routed)         0.663     0.665    system_i/rst_pix/U0/EXT_LPF/slowest_sync_clk
    SLICE_X67Y103        FDRE                                         r  system_i/rst_pix/U0/EXT_LPF/lpf_asr_reg/C
  -------------------------------------------------------------------    -------------------
    SLICE_X67Y103        FDRE (Prop_fdre_C_Q)         0.141     0.806 r  system_i/rst_pix/U0/EXT_LPF/lpf_asr_reg/Q
                         net (fo=2, routed)           0.065     0.871    system_i/rst_pix/U0/EXT_LPF/lpf_asr
    SLICE_X66Y103        LUT4 (Prop_lut4_I2_O)        0.045     0.916 r  system_i/rst_pix/U0/EXT_LPF/lpf_int0/O
                         net (fo=1, routed)           0.000     0.916    system_i/rst_pix/U0/EXT_LPF/lpf_int0__0
    SLICE_X66Y103        FDRE                                         r  system_i/rst_pix/U0/EXT_LPF/lpf_int_reg/D
  -------------------------------------------------------------------    -------------------

                         (clock clk_out1_system_clk_wiz_0_0 rise edge)
                                                      0.000     0.000 r  
    BUFGCTRL_X0Y16       BUFG                         0.000     0.000 r  system_i/processing_system7_0/inst/buffer_fclk_clk_0.FCLK_CLK_0_BUFG/O
                         net (fo=2984, routed)        0.864     0.864    system_i/clk_wiz_0/inst/clk_in1
    MMCME2_ADV_X1Y0      MMCME2_ADV (Prop_mmcme2_adv_CLKIN1_CLKOUT0)
                                                     -1.467    -0.603 r  system_i/clk_wiz_0/inst/mmcm_adv_inst/CLKOUT0
                         net (fo=1, routed)           0.576    -0.027    system_i/clk_wiz_0/inst/clk_out1_system_clk_wiz_0_0
    BUFGCTRL_X0Y0        BUFG (Prop_bufg_I_O)         0.029     0.002 r  system_i/clk_wiz_0/inst/clkout1_buf/O
                         net (fo=625, routed)         0.936     0.938    system_i/rst_pix/U0/EXT_LPF/slowest_sync_clk
    SLICE_X66Y103        FDRE                                         r  system_i/rst_pix/U0/EXT_LPF/lpf_int_reg/C
                         clock pessimism             -0.260     0.678    
    SLICE_X66Y103        FDRE (Hold_fdre_C_D)         0.121     0.799    system_i/rst_pix/U0/EXT_LPF/lpf_int_reg
  -------------------------------------------------------------------
                         required time                         -0.799    
                         arrival time                           0.916    
  -------------------------------------------------------------------
                         slack                                  0.117    

Slack (MET) :             0.121ns  (arrival time - required time)
  Source:                 system_i/v_axi4s_vid_out_0/inst/COUPLER_INST/generate_async_fifo.FIFO_INST/XPM_FIFO_ASYNC_INST/gnuram_async_fifo.xpm_fifo_base_inst/gen_cdc_pntr.wr_pntr_cdc_inst/dest_graysync_ff_reg[0][1]/C
                            (rising edge-triggered cell FDRE clocked by clk_out1_system_clk_wiz_0_0  {rise@0.000ns fall@19.858ns period=39.716ns})
  Destination:            system_i/v_axi4s_vid_out_0/inst/COUPLER_INST/generate_async_fifo.FIFO_INST/XPM_FIFO_ASYNC_INST/gnuram_async_fifo.xpm_fifo_base_inst/gen_cdc_pntr.wr_pntr_cdc_inst/dest_graysync_ff_reg[1][1]/D
                            (rising edge-triggered cell FDRE clocked by clk_out1_system_clk_wiz_0_0  {rise@0.000ns fall@19.858ns period=39.716ns})
  Path Group:             clk_out1_system_clk_wiz_0_0
  Path Type:              Hold (Min at Fast Process Corner)
  Requirement:            0.000ns  (clk_out1_system_clk_wiz_0_0 rise@0.000ns - clk_out1_system_clk_wiz_0_0 rise@0.000ns)
  Data Path Delay:        0.197ns  (logic 0.141ns (71.611%)  route 0.056ns (28.389%))
  Logic Levels:           0  
  Clock Path Skew:        0.000ns (DCD - SCD - CPR)
    Destination Clock Delay (DCD):    0.819ns
    Source Clock Delay      (SCD):    0.553ns
    Clock Pessimism Removal (CPR):    0.266ns

    Location             Delay type                Incr(ns)  Path(ns)    Netlist Resource(s)
  -------------------------------------------------------------------    -------------------
                         (clock clk_out1_system_clk_wiz_0_0 rise edge)
                                                      0.000     0.000 r  
    BUFGCTRL_X0Y16       BUFG                         0.000     0.000 r  system_i/processing_system7_0/inst/buffer_fclk_clk_0.FCLK_CLK_0_BUFG/O
                         net (fo=2984, routed)        0.597     0.597    system_i/clk_wiz_0/inst/clk_in1
    MMCME2_ADV_X1Y0      MMCME2_ADV (Prop_mmcme2_adv_CLKIN1_CLKOUT0)
                                                     -1.150    -0.553 r  system_i/clk_wiz_0/inst/mmcm_adv_inst/CLKOUT0
                         net (fo=1, routed)           0.529    -0.024    system_i/clk_wiz_0/inst/clk_out1_system_clk_wiz_0_0
    BUFGCTRL_X0Y0        BUFG (Prop_bufg_I_O)         0.026     0.002 r  system_i/clk_wiz_0/inst/clkout1_buf/O
                         net (fo=625, routed)         0.551     0.553    system_i/v_axi4s_vid_out_0/inst/COUPLER_INST/generate_async_fifo.FIFO_INST/XPM_FIFO_ASYNC_INST/gnuram_async_fifo.xpm_fifo_base_inst/gen_cdc_pntr.wr_pntr_cdc_inst/dest_clk
    SLICE_X39Y81         FDRE                                         r  system_i/v_axi4s_vid_out_0/inst/COUPLER_INST/generate_async_fifo.FIFO_INST/XPM_FIFO_ASYNC_INST/gnuram_async_fifo.xpm_fifo_base_inst/gen_cdc_pntr.wr_pntr_cdc_inst/dest_graysync_ff_reg[0][1]/C
  -------------------------------------------------------------------    -------------------
    SLICE_X39Y81         FDRE (Prop_fdre_C_Q)         0.141     0.694 r  system_i/v_axi4s_vid_out_0/inst/COUPLER_INST/generate_async_fifo.FIFO_INST/XPM_FIFO_ASYNC_INST/gnuram_async_fifo.xpm_fifo_base_inst/gen_cdc_pntr.wr_pntr_cdc_inst/dest_graysync_ff_reg[0][1]/Q
                         net (fo=1, routed)           0.056     0.750    system_i/v_axi4s_vid_out_0/inst/COUPLER_INST/generate_async_fifo.FIFO_INST/XPM_FIFO_ASYNC_INST/gnuram_async_fifo.xpm_fifo_base_inst/gen_cdc_pntr.wr_pntr_cdc_inst/dest_graysync_ff[0][1]
    SLICE_X39Y81         FDRE                                         r  system_i/v_axi4s_vid_out_0/inst/COUPLER_INST/generate_async_fifo.FIFO_INST/XPM_FIFO_ASYNC_INST/gnuram_async_fifo.xpm_fifo_base_inst/gen_cdc_pntr.wr_pntr_cdc_inst/dest_graysync_ff_reg[1][1]/D
  -------------------------------------------------------------------    -------------------

                         (clock clk_out1_system_clk_wiz_0_0 rise edge)
                                                      0.000     0.000 r  
    BUFGCTRL_X0Y16       BUFG                         0.000     0.000 r  system_i/processing_system7_0/inst/buffer_fclk_clk_0.FCLK_CLK_0_BUFG/O
                         net (fo=2984, routed)        0.864     0.864    system_i/clk_wiz_0/inst/clk_in1
    MMCME2_ADV_X1Y0      MMCME2_ADV (Prop_mmcme2_adv_CLKIN1_CLKOUT0)
                                                     -1.467    -0.603 r  system_i/clk_wiz_0/inst/mmcm_adv_inst/CLKOUT0
                         net (fo=1, routed)           0.576    -0.027    system_i/clk_wiz_0/inst/clk_out1_system_clk_wiz_0_0
    BUFGCTRL_X0Y0        BUFG (Prop_bufg_I_O)         0.029     0.002 r  system_i/clk_wiz_0/inst/clkout1_buf/O
                         net (fo=625, routed)         0.817     0.819    system_i/v_axi4s_vid_out_0/inst/COUPLER_INST/generate_async_fifo.FIFO_INST/XPM_FIFO_ASYNC_INST/gnuram_async_fifo.xpm_fifo_base_inst/gen_cdc_pntr.wr_pntr_cdc_inst/dest_clk
    SLICE_X39Y81         FDRE                                         r  system_i/v_axi4s_vid_out_0/inst/COUPLER_INST/generate_async_fifo.FIFO_INST/XPM_FIFO_ASYNC_INST/gnuram_async_fifo.xpm_fifo_base_inst/gen_cdc_pntr.wr_pntr_cdc_inst/dest_graysync_ff_reg[1][1]/C
                         clock pessimism             -0.266     0.553    
    SLICE_X39Y81         FDRE (Hold_fdre_C_D)         0.076     0.629    system_i/v_axi4s_vid_out_0/inst/COUPLER_INST/generate_async_fifo.FIFO_INST/XPM_FIFO_ASYNC_INST/gnuram_async_fifo.xpm_fifo_base_inst/gen_cdc_pntr.wr_pntr_cdc_inst/dest_graysync_ff_reg[1][1]
  -------------------------------------------------------------------
                         required time                         -0.629    
                         arrival time                           0.750    
  -------------------------------------------------------------------
                         slack                                  0.121    

Slack (MET) :             0.122ns  (arrival time - required time)
  Source:                 system_i/rgb2dvi_0/U0/LockLostReset/SyncAsyncx/oSyncStages_reg[0]/C
                            (rising edge-triggered cell FDPE clocked by clk_out1_system_clk_wiz_0_0  {rise@0.000ns fall@19.858ns period=39.716ns})
  Destination:            system_i/rgb2dvi_0/U0/LockLostReset/SyncAsyncx/oSyncStages_reg[1]/D
                            (rising edge-triggered cell FDPE clocked by clk_out1_system_clk_wiz_0_0  {rise@0.000ns fall@19.858ns period=39.716ns})
  Path Group:             clk_out1_system_clk_wiz_0_0
  Path Type:              Hold (Min at Fast Process Corner)
  Requirement:            0.000ns  (clk_out1_system_clk_wiz_0_0 rise@0.000ns - clk_out1_system_clk_wiz_0_0 rise@0.000ns)
  Data Path Delay:        0.197ns  (logic 0.141ns (71.611%)  route 0.056ns (28.389%))
  Logic Levels:           0  
  Clock Path Skew:        0.000ns (DCD - SCD - CPR)
    Destination Clock Delay (DCD):    0.983ns
    Source Clock Delay      (SCD):    0.710ns
    Clock Pessimism Removal (CPR):    0.273ns

    Location             Delay type                Incr(ns)  Path(ns)    Netlist Resource(s)
  -------------------------------------------------------------------    -------------------
                         (clock clk_out1_system_clk_wiz_0_0 rise edge)
                                                      0.000     0.000 r  
    BUFGCTRL_X0Y16       BUFG                         0.000     0.000 r  system_i/processing_system7_0/inst/buffer_fclk_clk_0.FCLK_CLK_0_BUFG/O
                         net (fo=2984, routed)        0.597     0.597    system_i/clk_wiz_0/inst/clk_in1
    MMCME2_ADV_X1Y0      MMCME2_ADV (Prop_mmcme2_adv_CLKIN1_CLKOUT0)
                                                     -1.150    -0.553 r  system_i/clk_wiz_0/inst/mmcm_adv_inst/CLKOUT0
                         net (fo=1, routed)           0.529    -0.024    system_i/clk_wiz_0/inst/clk_out1_system_clk_wiz_0_0
    BUFGCTRL_X0Y0        BUFG (Prop_bufg_I_O)         0.026     0.002 r  system_i/clk_wiz_0/inst/clkout1_buf/O
                         net (fo=625, routed)         0.708     0.710    system_i/rgb2dvi_0/U0/LockLostReset/SyncAsyncx/PixelClk
    SLICE_X113Y123       FDPE                                         r  system_i/rgb2dvi_0/U0/LockLostReset/SyncAsyncx/oSyncStages_reg[0]/C
  -------------------------------------------------------------------    -------------------
    SLICE_X113Y123       FDPE (Prop_fdpe_C_Q)         0.141     0.851 r  system_i/rgb2dvi_0/U0/LockLostReset/SyncAsyncx/oSyncStages_reg[0]/Q
                         net (fo=1, routed)           0.056     0.907    system_i/rgb2dvi_0/U0/LockLostReset/SyncAsyncx/oSyncStages[0]
    SLICE_X113Y123       FDPE                                         r  system_i/rgb2dvi_0/U0/LockLostReset/SyncAsyncx/oSyncStages_reg[1]/D
  -------------------------------------------------------------------    -------------------

                         (clock clk_out1_system_clk_wiz_0_0 rise edge)
                                                      0.000     0.000 r  
    BUFGCTRL_X0Y16       BUFG                         0.000     0.000 r  system_i/processing_system7_0/inst/buffer_fclk_clk_0.FCLK_CLK_0_BUFG/O
                         net (fo=2984, routed)        0.864     0.864    system_i/clk_wiz_0/inst/clk_in1
    MMCME2_ADV_X1Y0      MMCME2_ADV (Prop_mmcme2_adv_CLKIN1_CLKOUT0)
                                                     -1.467    -0.603 r  system_i/clk_wiz_0/inst/mmcm_adv_inst/CLKOUT0
                         net (fo=1, routed)           0.576    -0.027    system_i/clk_wiz_0/inst/clk_out1_system_clk_wiz_0_0
    BUFGCTRL_X0Y0        BUFG (Prop_bufg_I_O)         0.029     0.002 r  system_i/clk_wiz_0/inst/clkout1_buf/O
                         net (fo=625, routed)         0.981     0.983    system_i/rgb2dvi_0/U0/LockLostReset/SyncAsyncx/PixelClk
    SLICE_X113Y123       FDPE                                         r  system_i/rgb2dvi_0/U0/LockLostReset/SyncAsyncx/oSyncStages_reg[1]/C
                         clock pessimism             -0.273     0.710    
    SLICE_X113Y123       FDPE (Hold_fdpe_C_D)         0.075     0.785    system_i/rgb2dvi_0/U0/LockLostReset/SyncAsyncx/oSyncStages_reg[1]
  -------------------------------------------------------------------
                         required time                         -0.785    
                         arrival time                           0.907    
  -------------------------------------------------------------------
                         slack                                  0.122    

Slack (MET) :             0.122ns  (arrival time - required time)
  Source:                 system_i/rst_pix/U0/EXT_LPF/ACTIVE_LOW_AUX.ACT_LO_AUX/syncstages_ff_reg[0]/C
                            (rising edge-triggered cell FDRE clocked by clk_out1_system_clk_wiz_0_0  {rise@0.000ns fall@19.858ns period=39.716ns})
  Destination:            system_i/rst_pix/U0/EXT_LPF/ACTIVE_LOW_AUX.ACT_LO_AUX/syncstages_ff_reg[1]/D
                            (rising edge-triggered cell FDRE clocked by clk_out1_system_clk_wiz_0_0  {rise@0.000ns fall@19.858ns period=39.716ns})
  Path Group:             clk_out1_system_clk_wiz_0_0
  Path Type:              Hold (Min at Fast Process Corner)
  Requirement:            0.000ns  (clk_out1_system_clk_wiz_0_0 rise@0.000ns - clk_out1_system_clk_wiz_0_0 rise@0.000ns)
  Data Path Delay:        0.197ns  (logic 0.141ns (71.611%)  route 0.056ns (28.389%))
  Logic Levels:           0  
  Clock Path Skew:        0.000ns (DCD - SCD - CPR)
    Destination Clock Delay (DCD):    0.938ns
    Source Clock Delay      (SCD):    0.665ns
    Clock Pessimism Removal (CPR):    0.273ns

    Location             Delay type                Incr(ns)  Path(ns)    Netlist Resource(s)
  -------------------------------------------------------------------    -------------------
                         (clock clk_out1_system_clk_wiz_0_0 rise edge)
                                                      0.000     0.000 r  
    BUFGCTRL_X0Y16       BUFG                         0.000     0.000 r  system_i/processing_system7_0/inst/buffer_fclk_clk_0.FCLK_CLK_0_BUFG/O
                         net (fo=2984, routed)        0.597     0.597    system_i/clk_wiz_0/inst/clk_in1
    MMCME2_ADV_X1Y0      MMCME2_ADV (Prop_mmcme2_adv_CLKIN1_CLKOUT0)
                                                     -1.150    -0.553 r  system_i/clk_wiz_0/inst/mmcm_adv_inst/CLKOUT0
                         net (fo=1, routed)           0.529    -0.024    system_i/clk_wiz_0/inst/clk_out1_system_clk_wiz_0_0
    BUFGCTRL_X0Y0        BUFG (Prop_bufg_I_O)         0.026     0.002 r  system_i/clk_wiz_0/inst/clkout1_buf/O
                         net (fo=625, routed)         0.663     0.665    system_i/rst_pix/U0/EXT_LPF/ACTIVE_LOW_AUX.ACT_LO_AUX/dest_clk
    SLICE_X67Y103        FDRE                                         r  system_i/rst_pix/U0/EXT_LPF/ACTIVE_LOW_AUX.ACT_LO_AUX/syncstages_ff_reg[0]/C
  -------------------------------------------------------------------    -------------------
    SLICE_X67Y103        FDRE (Prop_fdre_C_Q)         0.141     0.806 r  system_i/rst_pix/U0/EXT_LPF/ACTIVE_LOW_AUX.ACT_LO_AUX/syncstages_ff_reg[0]/Q
                         net (fo=1, routed)           0.056     0.862    system_i/rst_pix/U0/EXT_LPF/ACTIVE_LOW_AUX.ACT_LO_AUX/syncstages_ff[0]
    SLICE_X67Y103        FDRE                                         r  system_i/rst_pix/U0/EXT_LPF/ACTIVE_LOW_AUX.ACT_LO_AUX/syncstages_ff_reg[1]/D
  -------------------------------------------------------------------    -------------------

                         (clock clk_out1_system_clk_wiz_0_0 rise edge)
                                                      0.000     0.000 r  
    BUFGCTRL_X0Y16       BUFG                         0.000     0.000 r  system_i/processing_system7_0/inst/buffer_fclk_clk_0.FCLK_CLK_0_BUFG/O
                         net (fo=2984, routed)        0.864     0.864    system_i/clk_wiz_0/inst/clk_in1
    MMCME2_ADV_X1Y0      MMCME2_ADV (Prop_mmcme2_adv_CLKIN1_CLKOUT0)
                                                     -1.467    -0.603 r  system_i/clk_wiz_0/inst/mmcm_adv_inst/CLKOUT0
                         net (fo=1, routed)           0.576    -0.027    system_i/clk_wiz_0/inst/clk_out1_system_clk_wiz_0_0
    BUFGCTRL_X0Y0        BUFG (Prop_bufg_I_O)         0.029     0.002 r  system_i/clk_wiz_0/inst/clkout1_buf/O
                         net (fo=625, routed)         0.936     0.938    system_i/rst_pix/U0/EXT_LPF/ACTIVE_LOW_AUX.ACT_LO_AUX/dest_clk
    SLICE_X67Y103        FDRE                                         r  system_i/rst_pix/U0/EXT_LPF/ACTIVE_LOW_AUX.ACT_LO_AUX/syncstages_ff_reg[1]/C
                         clock pessimism             -0.273     0.665    
    SLICE_X67Y103        FDRE (Hold_fdre_C_D)         0.075     0.740    system_i/rst_pix/U0/EXT_LPF/ACTIVE_LOW_AUX.ACT_LO_AUX/syncstages_ff_reg[1]
  -------------------------------------------------------------------
                         required time                         -0.740    
                         arrival time                           0.862    
  -------------------------------------------------------------------
                         slack                                  0.122    

Slack (MET) :             0.122ns  (arrival time - required time)
  Source:                 system_i/v_axi4s_vid_out_0/inst/COUPLER_INST/generate_async_fifo.FIFO_INST/XPM_FIFO_ASYNC_INST/gnuram_async_fifo.xpm_fifo_base_inst/gen_cdc_pntr.wr_pntr_cdc_dc_inst/dest_graysync_ff_reg[0][11]/C
                            (rising edge-triggered cell FDRE clocked by clk_out1_system_clk_wiz_0_0  {rise@0.000ns fall@19.858ns period=39.716ns})
  Destination:            system_i/v_axi4s_vid_out_0/inst/COUPLER_INST/generate_async_fifo.FIFO_INST/XPM_FIFO_ASYNC_INST/gnuram_async_fifo.xpm_fifo_base_inst/gen_cdc_pntr.wr_pntr_cdc_dc_inst/dest_graysync_ff_reg[1][11]/D
                            (rising edge-triggered cell FDRE clocked by clk_out1_system_clk_wiz_0_0  {rise@0.000ns fall@19.858ns period=39.716ns})
  Path Group:             clk_out1_system_clk_wiz_0_0
  Path Type:              Hold (Min at Fast Process Corner)
  Requirement:            0.000ns  (clk_out1_system_clk_wiz_0_0 rise@0.000ns - clk_out1_system_clk_wiz_0_0 rise@0.000ns)
  Data Path Delay:        0.197ns  (logic 0.141ns (71.611%)  route 0.056ns (28.389%))
  Logic Levels:           0  
  Clock Path Skew:        0.000ns (DCD - SCD - CPR)
    Destination Clock Delay (DCD):    0.824ns
    Source Clock Delay      (SCD):    0.556ns
    Clock Pessimism Removal (CPR):    0.268ns

    Location             Delay type                Incr(ns)  Path(ns)    Netlist Resource(s)
  -------------------------------------------------------------------    -------------------
                         (clock clk_out1_system_clk_wiz_0_0 rise edge)
                                                      0.000     0.000 r  
    BUFGCTRL_X0Y16       BUFG                         0.000     0.000 r  system_i/processing_system7_0/inst/buffer_fclk_clk_0.FCLK_CLK_0_BUFG/O
                         net (fo=2984, routed)        0.597     0.597    system_i/clk_wiz_0/inst/clk_in1
    MMCME2_ADV_X1Y0      MMCME2_ADV (Prop_mmcme2_adv_CLKIN1_CLKOUT0)
                                                     -1.150    -0.553 r  system_i/clk_wiz_0/inst/mmcm_adv_inst/CLKOUT0
                         net (fo=1, routed)           0.529    -0.024    system_i/clk_wiz_0/inst/clk_out1_system_clk_wiz_0_0
    BUFGCTRL_X0Y0        BUFG (Prop_bufg_I_O)         0.026     0.002 r  system_i/clk_wiz_0/inst/clkout1_buf/O
                         net (fo=625, routed)         0.554     0.556    system_i/v_axi4s_vid_out_0/inst/COUPLER_INST/generate_async_fifo.FIFO_INST/XPM_FIFO_ASYNC_INST/gnuram_async_fifo.xpm_fifo_base_inst/gen_cdc_pntr.wr_pntr_cdc_dc_inst/dest_clk
    SLICE_X49Y87         FDRE                                         r  system_i/v_axi4s_vid_out_0/inst/COUPLER_INST/generate_async_fifo.FIFO_INST/XPM_FIFO_ASYNC_INST/gnuram_async_fifo.xpm_fifo_base_inst/gen_cdc_pntr.wr_pntr_cdc_dc_inst/dest_graysync_ff_reg[0][11]/C
  -------------------------------------------------------------------    -------------------
    SLICE_X49Y87         FDRE (Prop_fdre_C_Q)         0.141     0.697 r  system_i/v_axi4s_vid_out_0/inst/COUPLER_INST/generate_async_fifo.FIFO_INST/XPM_FIFO_ASYNC_INST/gnuram_async_fifo.xpm_fifo_base_inst/gen_cdc_pntr.wr_pntr_cdc_dc_inst/dest_graysync_ff_reg[0][11]/Q
                         net (fo=1, routed)           0.056     0.753    system_i/v_axi4s_vid_out_0/inst/COUPLER_INST/generate_async_fifo.FIFO_INST/XPM_FIFO_ASYNC_INST/gnuram_async_fifo.xpm_fifo_base_inst/gen_cdc_pntr.wr_pntr_cdc_dc_inst/dest_graysync_ff[0][11]
    SLICE_X49Y87         FDRE                                         r  system_i/v_axi4s_vid_out_0/inst/COUPLER_INST/generate_async_fifo.FIFO_INST/XPM_FIFO_ASYNC_INST/gnuram_async_fifo.xpm_fifo_base_inst/gen_cdc_pntr.wr_pntr_cdc_dc_inst/dest_graysync_ff_reg[1][11]/D
  -------------------------------------------------------------------    -------------------

                         (clock clk_out1_system_clk_wiz_0_0 rise edge)
                                                      0.000     0.000 r  
    BUFGCTRL_X0Y16       BUFG                         0.000     0.000 r  system_i/processing_system7_0/inst/buffer_fclk_clk_0.FCLK_CLK_0_BUFG/O
                         net (fo=2984, routed)        0.864     0.864    system_i/clk_wiz_0/inst/clk_in1
    MMCME2_ADV_X1Y0      MMCME2_ADV (Prop_mmcme2_adv_CLKIN1_CLKOUT0)
                                                     -1.467    -0.603 r  system_i/clk_wiz_0/inst/mmcm_adv_inst/CLKOUT0
                         net (fo=1, routed)           0.576    -0.027    system_i/clk_wiz_0/inst/clk_out1_system_clk_wiz_0_0
    BUFGCTRL_X0Y0        BUFG (Prop_bufg_I_O)         0.029     0.002 r  system_i/clk_wiz_0/inst/clkout1_buf/O
                         net (fo=625, routed)         0.822     0.824    system_i/v_axi4s_vid_out_0/inst/COUPLER_INST/generate_async_fifo.FIFO_INST/XPM_FIFO_ASYNC_INST/gnuram_async_fifo.xpm_fifo_base_inst/gen_cdc_pntr.wr_pntr_cdc_dc_inst/dest_clk
    SLICE_X49Y87         FDRE                                         r  system_i/v_axi4s_vid_out_0/inst/COUPLER_INST/generate_async_fifo.FIFO_INST/XPM_FIFO_ASYNC_INST/gnuram_async_fifo.xpm_fifo_base_inst/gen_cdc_pntr.wr_pntr_cdc_dc_inst/dest_graysync_ff_reg[1][11]/C
                         clock pessimism             -0.268     0.556    
    SLICE_X49Y87         FDRE (Hold_fdre_C_D)         0.075     0.631    system_i/v_axi4s_vid_out_0/inst/COUPLER_INST/generate_async_fifo.FIFO_INST/XPM_FIFO_ASYNC_INST/gnuram_async_fifo.xpm_fifo_base_inst/gen_cdc_pntr.wr_pntr_cdc_dc_inst/dest_graysync_ff_reg[1][11]
  -------------------------------------------------------------------
                         required time                         -0.631    
                         arrival time                           0.753    
  -------------------------------------------------------------------
                         slack                                  0.122    

Slack (MET) :             0.122ns  (arrival time - required time)
  Source:                 system_i/v_axi4s_vid_out_0/inst/COUPLER_INST/generate_async_fifo.FIFO_INST/XPM_FIFO_ASYNC_INST/gnuram_async_fifo.xpm_fifo_base_inst/gen_cdc_pntr.wr_pntr_cdc_inst/dest_graysync_ff_reg[0][0]/C
                            (rising edge-triggered cell FDRE clocked by clk_out1_system_clk_wiz_0_0  {rise@0.000ns fall@19.858ns period=39.716ns})
  Destination:            system_i/v_axi4s_vid_out_0/inst/COUPLER_INST/generate_async_fifo.FIFO_INST/XPM_FIFO_ASYNC_INST/gnuram_async_fifo.xpm_fifo_base_inst/gen_cdc_pntr.wr_pntr_cdc_inst/dest_graysync_ff_reg[1][0]/D
                            (rising edge-triggered cell FDRE clocked by clk_out1_system_clk_wiz_0_0  {rise@0.000ns fall@19.858ns period=39.716ns})
  Path Group:             clk_out1_system_clk_wiz_0_0
  Path Type:              Hold (Min at Fast Process Corner)
  Requirement:            0.000ns  (clk_out1_system_clk_wiz_0_0 rise@0.000ns - clk_out1_system_clk_wiz_0_0 rise@0.000ns)
  Data Path Delay:        0.197ns  (logic 0.141ns (71.611%)  route 0.056ns (28.389%))
  Logic Levels:           0  
  Clock Path Skew:        0.000ns (DCD - SCD - CPR)
    Destination Clock Delay (DCD):    0.819ns
    Source Clock Delay      (SCD):    0.553ns
    Clock Pessimism Removal (CPR):    0.266ns

    Location             Delay type                Incr(ns)  Path(ns)    Netlist Resource(s)
  -------------------------------------------------------------------    -------------------
                         (clock clk_out1_system_clk_wiz_0_0 rise edge)
                                                      0.000     0.000 r  
    BUFGCTRL_X0Y16       BUFG                         0.000     0.000 r  system_i/processing_system7_0/inst/buffer_fclk_clk_0.FCLK_CLK_0_BUFG/O
                         net (fo=2984, routed)        0.597     0.597    system_i/clk_wiz_0/inst/clk_in1
    MMCME2_ADV_X1Y0      MMCME2_ADV (Prop_mmcme2_adv_CLKIN1_CLKOUT0)
                                                     -1.150    -0.553 r  system_i/clk_wiz_0/inst/mmcm_adv_inst/CLKOUT0
                         net (fo=1, routed)           0.529    -0.024    system_i/clk_wiz_0/inst/clk_out1_system_clk_wiz_0_0
    BUFGCTRL_X0Y0        BUFG (Prop_bufg_I_O)         0.026     0.002 r  system_i/clk_wiz_0/inst/clkout1_buf/O
                         net (fo=625, routed)         0.551     0.553    system_i/v_axi4s_vid_out_0/inst/COUPLER_INST/generate_async_fifo.FIFO_INST/XPM_FIFO_ASYNC_INST/gnuram_async_fifo.xpm_fifo_base_inst/gen_cdc_pntr.wr_pntr_cdc_inst/dest_clk
    SLICE_X39Y81         FDRE                                         r  system_i/v_axi4s_vid_out_0/inst/COUPLER_INST/generate_async_fifo.FIFO_INST/XPM_FIFO_ASYNC_INST/gnuram_async_fifo.xpm_fifo_base_inst/gen_cdc_pntr.wr_pntr_cdc_inst/dest_graysync_ff_reg[0][0]/C
  -------------------------------------------------------------------    -------------------
    SLICE_X39Y81         FDRE (Prop_fdre_C_Q)         0.141     0.694 r  system_i/v_axi4s_vid_out_0/inst/COUPLER_INST/generate_async_fifo.FIFO_INST/XPM_FIFO_ASYNC_INST/gnuram_async_fifo.xpm_fifo_base_inst/gen_cdc_pntr.wr_pntr_cdc_inst/dest_graysync_ff_reg[0][0]/Q
                         net (fo=1, routed)           0.056     0.750    system_i/v_axi4s_vid_out_0/inst/COUPLER_INST/generate_async_fifo.FIFO_INST/XPM_FIFO_ASYNC_INST/gnuram_async_fifo.xpm_fifo_base_inst/gen_cdc_pntr.wr_pntr_cdc_inst/dest_graysync_ff[0][0]
    SLICE_X39Y81         FDRE                                         r  system_i/v_axi4s_vid_out_0/inst/COUPLER_INST/generate_async_fifo.FIFO_INST/XPM_FIFO_ASYNC_INST/gnuram_async_fifo.xpm_fifo_base_inst/gen_cdc_pntr.wr_pntr_cdc_inst/dest_graysync_ff_reg[1][0]/D
  -------------------------------------------------------------------    -------------------

                         (clock clk_out1_system_clk_wiz_0_0 rise edge)
                                                      0.000     0.000 r  
    BUFGCTRL_X0Y16       BUFG                         0.000     0.000 r  system_i/processing_system7_0/inst/buffer_fclk_clk_0.FCLK_CLK_0_BUFG/O
                         net (fo=2984, routed)        0.864     0.864    system_i/clk_wiz_0/inst/clk_in1
    MMCME2_ADV_X1Y0      MMCME2_ADV (Prop_mmcme2_adv_CLKIN1_CLKOUT0)
                                                     -1.467    -0.603 r  system_i/clk_wiz_0/inst/mmcm_adv_inst/CLKOUT0
                         net (fo=1, routed)           0.576    -0.027    system_i/clk_wiz_0/inst/clk_out1_system_clk_wiz_0_0
    BUFGCTRL_X0Y0        BUFG (Prop_bufg_I_O)         0.029     0.002 r  system_i/clk_wiz_0/inst/clkout1_buf/O
                         net (fo=625, routed)         0.817     0.819    system_i/v_axi4s_vid_out_0/inst/COUPLER_INST/generate_async_fifo.FIFO_INST/XPM_FIFO_ASYNC_INST/gnuram_async_fifo.xpm_fifo_base_inst/gen_cdc_pntr.wr_pntr_cdc_inst/dest_clk
    SLICE_X39Y81         FDRE                                         r  system_i/v_axi4s_vid_out_0/inst/COUPLER_INST/generate_async_fifo.FIFO_INST/XPM_FIFO_ASYNC_INST/gnuram_async_fifo.xpm_fifo_base_inst/gen_cdc_pntr.wr_pntr_cdc_inst/dest_graysync_ff_reg[1][0]/C
                         clock pessimism             -0.266     0.553    
    SLICE_X39Y81         FDRE (Hold_fdre_C_D)         0.075     0.628    system_i/v_axi4s_vid_out_0/inst/COUPLER_INST/generate_async_fifo.FIFO_INST/XPM_FIFO_ASYNC_INST/gnuram_async_fifo.xpm_fifo_base_inst/gen_cdc_pntr.wr_pntr_cdc_inst/dest_graysync_ff_reg[1][0]
  -------------------------------------------------------------------
                         required time                         -0.628    
                         arrival time                           0.750    
  -------------------------------------------------------------------
                         slack                                  0.122    

Slack (MET) :             0.122ns  (arrival time - required time)
  Source:                 system_i/v_axi4s_vid_out_0/inst/COUPLER_INST/generate_async_fifo.FIFO_INST/XPM_FIFO_ASYNC_INST/gnuram_async_fifo.xpm_fifo_base_inst/gen_cdc_pntr.wr_pntr_cdc_inst/dest_graysync_ff_reg[0][10]/C
                            (rising edge-triggered cell FDRE clocked by clk_out1_system_clk_wiz_0_0  {rise@0.000ns fall@19.858ns period=39.716ns})
  Destination:            system_i/v_axi4s_vid_out_0/inst/COUPLER_INST/generate_async_fifo.FIFO_INST/XPM_FIFO_ASYNC_INST/gnuram_async_fifo.xpm_fifo_base_inst/gen_cdc_pntr.wr_pntr_cdc_inst/dest_graysync_ff_reg[1][10]/D
                            (rising edge-triggered cell FDRE clocked by clk_out1_system_clk_wiz_0_0  {rise@0.000ns fall@19.858ns period=39.716ns})
  Path Group:             clk_out1_system_clk_wiz_0_0
  Path Type:              Hold (Min at Fast Process Corner)
  Requirement:            0.000ns  (clk_out1_system_clk_wiz_0_0 rise@0.000ns - clk_out1_system_clk_wiz_0_0 rise@0.000ns)
  Data Path Delay:        0.197ns  (logic 0.141ns (71.611%)  route 0.056ns (28.389%))
  Logic Levels:           0  
  Clock Path Skew:        0.000ns (DCD - SCD - CPR)
    Destination Clock Delay (DCD):    0.820ns
    Source Clock Delay      (SCD):    0.554ns
    Clock Pessimism Removal (CPR):    0.266ns

    Location             Delay type                Incr(ns)  Path(ns)    Netlist Resource(s)
  -------------------------------------------------------------------    -------------------
                         (clock clk_out1_system_clk_wiz_0_0 rise edge)
                                                      0.000     0.000 r  
    BUFGCTRL_X0Y16       BUFG                         0.000     0.000 r  system_i/processing_system7_0/inst/buffer_fclk_clk_0.FCLK_CLK_0_BUFG/O
                         net (fo=2984, routed)        0.597     0.597    system_i/clk_wiz_0/inst/clk_in1
    MMCME2_ADV_X1Y0      MMCME2_ADV (Prop_mmcme2_adv_CLKIN1_CLKOUT0)
                                                     -1.150    -0.553 r  system_i/clk_wiz_0/inst/mmcm_adv_inst/CLKOUT0
                         net (fo=1, routed)           0.529    -0.024    system_i/clk_wiz_0/inst/clk_out1_system_clk_wiz_0_0
    BUFGCTRL_X0Y0        BUFG (Prop_bufg_I_O)         0.026     0.002 r  system_i/clk_wiz_0/inst/clkout1_buf/O
                         net (fo=625, routed)         0.552     0.554    system_i/v_axi4s_vid_out_0/inst/COUPLER_INST/generate_async_fifo.FIFO_INST/XPM_FIFO_ASYNC_INST/gnuram_async_fifo.xpm_fifo_base_inst/gen_cdc_pntr.wr_pntr_cdc_inst/dest_clk
    SLICE_X43Y82         FDRE                                         r  system_i/v_axi4s_vid_out_0/inst/COUPLER_INST/generate_async_fifo.FIFO_INST/XPM_FIFO_ASYNC_INST/gnuram_async_fifo.xpm_fifo_base_inst/gen_cdc_pntr.wr_pntr_cdc_inst/dest_graysync_ff_reg[0][10]/C
  -------------------------------------------------------------------    -------------------
    SLICE_X43Y82         FDRE (Prop_fdre_C_Q)         0.141     0.695 r  system_i/v_axi4s_vid_out_0/inst/COUPLER_INST/generate_async_fifo.FIFO_INST/XPM_FIFO_ASYNC_INST/gnuram_async_fifo.xpm_fifo_base_inst/gen_cdc_pntr.wr_pntr_cdc_inst/dest_graysync_ff_reg[0][10]/Q
                         net (fo=1, routed)           0.056     0.751    system_i/v_axi4s_vid_out_0/inst/COUPLER_INST/generate_async_fifo.FIFO_INST/XPM_FIFO_ASYNC_INST/gnuram_async_fifo.xpm_fifo_base_inst/gen_cdc_pntr.wr_pntr_cdc_inst/dest_graysync_ff[0][10]
    SLICE_X43Y82         FDRE                                         r  system_i/v_axi4s_vid_out_0/inst/COUPLER_INST/generate_async_fifo.FIFO_INST/XPM_FIFO_ASYNC_INST/gnuram_async_fifo.xpm_fifo_base_inst/gen_cdc_pntr.wr_pntr_cdc_inst/dest_graysync_ff_reg[1][10]/D
  -------------------------------------------------------------------    -------------------

                         (clock clk_out1_system_clk_wiz_0_0 rise edge)
                                                      0.000     0.000 r  
    BUFGCTRL_X0Y16       BUFG                         0.000     0.000 r  system_i/processing_system7_0/inst/buffer_fclk_clk_0.FCLK_CLK_0_BUFG/O
                         net (fo=2984, routed)        0.864     0.864    system_i/clk_wiz_0/inst/clk_in1
    MMCME2_ADV_X1Y0      MMCME2_ADV (Prop_mmcme2_adv_CLKIN1_CLKOUT0)
                                                     -1.467    -0.603 r  system_i/clk_wiz_0/inst/mmcm_adv_inst/CLKOUT0
                         net (fo=1, routed)           0.576    -0.027    system_i/clk_wiz_0/inst/clk_out1_system_clk_wiz_0_0
    BUFGCTRL_X0Y0        BUFG (Prop_bufg_I_O)         0.029     0.002 r  system_i/clk_wiz_0/inst/clkout1_buf/O
                         net (fo=625, routed)         0.818     0.820    system_i/v_axi4s_vid_out_0/inst/COUPLER_INST/generate_async_fifo.FIFO_INST/XPM_FIFO_ASYNC_INST/gnuram_async_fifo.xpm_fifo_base_inst/gen_cdc_pntr.wr_pntr_cdc_inst/dest_clk
    SLICE_X43Y82         FDRE                                         r  system_i/v_axi4s_vid_out_0/inst/COUPLER_INST/generate_async_fifo.FIFO_INST/XPM_FIFO_ASYNC_INST/gnuram_async_fifo.xpm_fifo_base_inst/gen_cdc_pntr.wr_pntr_cdc_inst/dest_graysync_ff_reg[1][10]/C
                         clock pessimism             -0.266     0.554    
    SLICE_X43Y82         FDRE (Hold_fdre_C_D)         0.075     0.629    system_i/v_axi4s_vid_out_0/inst/COUPLER_INST/generate_async_fifo.FIFO_INST/XPM_FIFO_ASYNC_INST/gnuram_async_fifo.xpm_fifo_base_inst/gen_cdc_pntr.wr_pntr_cdc_inst/dest_graysync_ff_reg[1][10]
  -------------------------------------------------------------------
                         required time                         -0.629    
                         arrival time                           0.751    
  -------------------------------------------------------------------
                         slack                                  0.122    

Slack (MET) :             0.122ns  (arrival time - required time)
  Source:                 system_i/v_axi4s_vid_out_0/inst/COUPLER_INST/generate_async_fifo.FIFO_INST/XPM_FIFO_ASYNC_INST/gnuram_async_fifo.xpm_fifo_base_inst/gen_cdc_pntr.wr_pntr_cdc_inst/dest_graysync_ff_reg[0][5]/C
                            (rising edge-triggered cell FDRE clocked by clk_out1_system_clk_wiz_0_0  {rise@0.000ns fall@19.858ns period=39.716ns})
  Destination:            system_i/v_axi4s_vid_out_0/inst/COUPLER_INST/generate_async_fifo.FIFO_INST/XPM_FIFO_ASYNC_INST/gnuram_async_fifo.xpm_fifo_base_inst/gen_cdc_pntr.wr_pntr_cdc_inst/dest_graysync_ff_reg[1][5]/D
                            (rising edge-triggered cell FDRE clocked by clk_out1_system_clk_wiz_0_0  {rise@0.000ns fall@19.858ns period=39.716ns})
  Path Group:             clk_out1_system_clk_wiz_0_0
  Path Type:              Hold (Min at Fast Process Corner)
  Requirement:            0.000ns  (clk_out1_system_clk_wiz_0_0 rise@0.000ns - clk_out1_system_clk_wiz_0_0 rise@0.000ns)
  Data Path Delay:        0.197ns  (logic 0.141ns (71.611%)  route 0.056ns (28.389%))
  Logic Levels:           0  
  Clock Path Skew:        0.000ns (DCD - SCD - CPR)
    Destination Clock Delay (DCD):    0.819ns
    Source Clock Delay      (SCD):    0.553ns
    Clock Pessimism Removal (CPR):    0.266ns

    Location             Delay type                Incr(ns)  Path(ns)    Netlist Resource(s)
  -------------------------------------------------------------------    -------------------
                         (clock clk_out1_system_clk_wiz_0_0 rise edge)
                                                      0.000     0.000 r  
    BUFGCTRL_X0Y16       BUFG                         0.000     0.000 r  system_i/processing_system7_0/inst/buffer_fclk_clk_0.FCLK_CLK_0_BUFG/O
                         net (fo=2984, routed)        0.597     0.597    system_i/clk_wiz_0/inst/clk_in1
    MMCME2_ADV_X1Y0      MMCME2_ADV (Prop_mmcme2_adv_CLKIN1_CLKOUT0)
                                                     -1.150    -0.553 r  system_i/clk_wiz_0/inst/mmcm_adv_inst/CLKOUT0
                         net (fo=1, routed)           0.529    -0.024    system_i/clk_wiz_0/inst/clk_out1_system_clk_wiz_0_0
    BUFGCTRL_X0Y0        BUFG (Prop_bufg_I_O)         0.026     0.002 r  system_i/clk_wiz_0/inst/clkout1_buf/O
                         net (fo=625, routed)         0.551     0.553    system_i/v_axi4s_vid_out_0/inst/COUPLER_INST/generate_async_fifo.FIFO_INST/XPM_FIFO_ASYNC_INST/gnuram_async_fifo.xpm_fifo_base_inst/gen_cdc_pntr.wr_pntr_cdc_inst/dest_clk
    SLICE_X41Y81         FDRE                                         r  system_i/v_axi4s_vid_out_0/inst/COUPLER_INST/generate_async_fifo.FIFO_INST/XPM_FIFO_ASYNC_INST/gnuram_async_fifo.xpm_fifo_base_inst/gen_cdc_pntr.wr_pntr_cdc_inst/dest_graysync_ff_reg[0][5]/C
  -------------------------------------------------------------------    -------------------
    SLICE_X41Y81         FDRE (Prop_fdre_C_Q)         0.141     0.694 r  system_i/v_axi4s_vid_out_0/inst/COUPLER_INST/generate_async_fifo.FIFO_INST/XPM_FIFO_ASYNC_INST/gnuram_async_fifo.xpm_fifo_base_inst/gen_cdc_pntr.wr_pntr_cdc_inst/dest_graysync_ff_reg[0][5]/Q
                         net (fo=1, routed)           0.056     0.750    system_i/v_axi4s_vid_out_0/inst/COUPLER_INST/generate_async_fifo.FIFO_INST/XPM_FIFO_ASYNC_INST/gnuram_async_fifo.xpm_fifo_base_inst/gen_cdc_pntr.wr_pntr_cdc_inst/dest_graysync_ff[0][5]
    SLICE_X41Y81         FDRE                                         r  system_i/v_axi4s_vid_out_0/inst/COUPLER_INST/generate_async_fifo.FIFO_INST/XPM_FIFO_ASYNC_INST/gnuram_async_fifo.xpm_fifo_base_inst/gen_cdc_pntr.wr_pntr_cdc_inst/dest_graysync_ff_reg[1][5]/D
  -------------------------------------------------------------------    -------------------

                         (clock clk_out1_system_clk_wiz_0_0 rise edge)
                                                      0.000     0.000 r  
    BUFGCTRL_X0Y16       BUFG                         0.000     0.000 r  system_i/processing_system7_0/inst/buffer_fclk_clk_0.FCLK_CLK_0_BUFG/O
                         net (fo=2984, routed)        0.864     0.864    system_i/clk_wiz_0/inst/clk_in1
    MMCME2_ADV_X1Y0      MMCME2_ADV (Prop_mmcme2_adv_CLKIN1_CLKOUT0)
                                                     -1.467    -0.603 r  system_i/clk_wiz_0/inst/mmcm_adv_inst/CLKOUT0
                         net (fo=1, routed)           0.576    -0.027    system_i/clk_wiz_0/inst/clk_out1_system_clk_wiz_0_0
    BUFGCTRL_X0Y0        BUFG (Prop_bufg_I_O)         0.029     0.002 r  system_i/clk_wiz_0/inst/clkout1_buf/O
                         net (fo=625, routed)         0.817     0.819    system_i/v_axi4s_vid_out_0/inst/COUPLER_INST/generate_async_fifo.FIFO_INST/XPM_FIFO_ASYNC_INST/gnuram_async_fifo.xpm_fifo_base_inst/gen_cdc_pntr.wr_pntr_cdc_inst/dest_clk
    SLICE_X41Y81         FDRE                                         r  system_i/v_axi4s_vid_out_0/inst/COUPLER_INST/generate_async_fifo.FIFO_INST/XPM_FIFO_ASYNC_INST/gnuram_async_fifo.xpm_fifo_base_inst/gen_cdc_pntr.wr_pntr_cdc_inst/dest_graysync_ff_reg[1][5]/C
                         clock pessimism             -0.266     0.553    
    SLICE_X41Y81         FDRE (Hold_fdre_C_D)         0.075     0.628    system_i/v_axi4s_vid_out_0/inst/COUPLER_INST/generate_async_fifo.FIFO_INST/XPM_FIFO_ASYNC_INST/gnuram_async_fifo.xpm_fifo_base_inst/gen_cdc_pntr.wr_pntr_cdc_inst/dest_graysync_ff_reg[1][5]
  -------------------------------------------------------------------
                         required time                         -0.628    
                         arrival time                           0.750    
  -------------------------------------------------------------------
                         slack                                  0.122    

Slack (MET) :             0.122ns  (arrival time - required time)
  Source:                 system_i/v_axi4s_vid_out_0/inst/COUPLER_INST/generate_async_fifo.FIFO_INST/XPM_FIFO_ASYNC_INST/gnuram_async_fifo.xpm_fifo_base_inst/gen_cdc_pntr.wr_pntr_cdc_inst/dest_graysync_ff_reg[0][6]/C
                            (rising edge-triggered cell FDRE clocked by clk_out1_system_clk_wiz_0_0  {rise@0.000ns fall@19.858ns period=39.716ns})
  Destination:            system_i/v_axi4s_vid_out_0/inst/COUPLER_INST/generate_async_fifo.FIFO_INST/XPM_FIFO_ASYNC_INST/gnuram_async_fifo.xpm_fifo_base_inst/gen_cdc_pntr.wr_pntr_cdc_inst/dest_graysync_ff_reg[1][6]/D
                            (rising edge-triggered cell FDRE clocked by clk_out1_system_clk_wiz_0_0  {rise@0.000ns fall@19.858ns period=39.716ns})
  Path Group:             clk_out1_system_clk_wiz_0_0
  Path Type:              Hold (Min at Fast Process Corner)
  Requirement:            0.000ns  (clk_out1_system_clk_wiz_0_0 rise@0.000ns - clk_out1_system_clk_wiz_0_0 rise@0.000ns)
  Data Path Delay:        0.197ns  (logic 0.141ns (71.611%)  route 0.056ns (28.389%))
  Logic Levels:           0  
  Clock Path Skew:        0.000ns (DCD - SCD - CPR)
    Destination Clock Delay (DCD):    0.820ns
    Source Clock Delay      (SCD):    0.554ns
    Clock Pessimism Removal (CPR):    0.266ns

    Location             Delay type                Incr(ns)  Path(ns)    Netlist Resource(s)
  -------------------------------------------------------------------    -------------------
                         (clock clk_out1_system_clk_wiz_0_0 rise edge)
                                                      0.000     0.000 r  
    BUFGCTRL_X0Y16       BUFG                         0.000     0.000 r  system_i/processing_system7_0/inst/buffer_fclk_clk_0.FCLK_CLK_0_BUFG/O
                         net (fo=2984, routed)        0.597     0.597    system_i/clk_wiz_0/inst/clk_in1
    MMCME2_ADV_X1Y0      MMCME2_ADV (Prop_mmcme2_adv_CLKIN1_CLKOUT0)
                                                     -1.150    -0.553 r  system_i/clk_wiz_0/inst/mmcm_adv_inst/CLKOUT0
                         net (fo=1, routed)           0.529    -0.024    system_i/clk_wiz_0/inst/clk_out1_system_clk_wiz_0_0
    BUFGCTRL_X0Y0        BUFG (Prop_bufg_I_O)         0.026     0.002 r  system_i/clk_wiz_0/inst/clkout1_buf/O
                         net (fo=625, routed)         0.552     0.554    system_i/v_axi4s_vid_out_0/inst/COUPLER_INST/generate_async_fifo.FIFO_INST/XPM_FIFO_ASYNC_INST/gnuram_async_fifo.xpm_fifo_base_inst/gen_cdc_pntr.wr_pntr_cdc_inst/dest_clk
    SLICE_X47Y82         FDRE                                         r  system_i/v_axi4s_vid_out_0/inst/COUPLER_INST/generate_async_fifo.FIFO_INST/XPM_FIFO_ASYNC_INST/gnuram_async_fifo.xpm_fifo_base_inst/gen_cdc_pntr.wr_pntr_cdc_inst/dest_graysync_ff_reg[0][6]/C
  -------------------------------------------------------------------    -------------------
    SLICE_X47Y82         FDRE (Prop_fdre_C_Q)         0.141     0.695 r  system_i/v_axi4s_vid_out_0/inst/COUPLER_INST/generate_async_fifo.FIFO_INST/XPM_FIFO_ASYNC_INST/gnuram_async_fifo.xpm_fifo_base_inst/gen_cdc_pntr.wr_pntr_cdc_inst/dest_graysync_ff_reg[0][6]/Q
                         net (fo=1, routed)           0.056     0.751    system_i/v_axi4s_vid_out_0/inst/COUPLER_INST/generate_async_fifo.FIFO_INST/XPM_FIFO_ASYNC_INST/gnuram_async_fifo.xpm_fifo_base_inst/gen_cdc_pntr.wr_pntr_cdc_inst/dest_graysync_ff[0][6]
    SLICE_X47Y82         FDRE                                         r  system_i/v_axi4s_vid_out_0/inst/COUPLER_INST/generate_async_fifo.FIFO_INST/XPM_FIFO_ASYNC_INST/gnuram_async_fifo.xpm_fifo_base_inst/gen_cdc_pntr.wr_pntr_cdc_inst/dest_graysync_ff_reg[1][6]/D
  -------------------------------------------------------------------    -------------------

                         (clock clk_out1_system_clk_wiz_0_0 rise edge)
                                                      0.000     0.000 r  
    BUFGCTRL_X0Y16       BUFG                         0.000     0.000 r  system_i/processing_system7_0/inst/buffer_fclk_clk_0.FCLK_CLK_0_BUFG/O
                         net (fo=2984, routed)        0.864     0.864    system_i/clk_wiz_0/inst/clk_in1
    MMCME2_ADV_X1Y0      MMCME2_ADV (Prop_mmcme2_adv_CLKIN1_CLKOUT0)
                                                     -1.467    -0.603 r  system_i/clk_wiz_0/inst/mmcm_adv_inst/CLKOUT0
                         net (fo=1, routed)           0.576    -0.027    system_i/clk_wiz_0/inst/clk_out1_system_clk_wiz_0_0
    BUFGCTRL_X0Y0        BUFG (Prop_bufg_I_O)         0.029     0.002 r  system_i/clk_wiz_0/inst/clkout1_buf/O
                         net (fo=625, routed)         0.818     0.820    system_i/v_axi4s_vid_out_0/inst/COUPLER_INST/generate_async_fifo.FIFO_INST/XPM_FIFO_ASYNC_INST/gnuram_async_fifo.xpm_fifo_base_inst/gen_cdc_pntr.wr_pntr_cdc_inst/dest_clk
    SLICE_X47Y82         FDRE                                         r  system_i/v_axi4s_vid_out_0/inst/COUPLER_INST/generate_async_fifo.FIFO_INST/XPM_FIFO_ASYNC_INST/gnuram_async_fifo.xpm_fifo_base_inst/gen_cdc_pntr.wr_pntr_cdc_inst/dest_graysync_ff_reg[1][6]/C
                         clock pessimism             -0.266     0.554    
    SLICE_X47Y82         FDRE (Hold_fdre_C_D)         0.075     0.629    system_i/v_axi4s_vid_out_0/inst/COUPLER_INST/generate_async_fifo.FIFO_INST/XPM_FIFO_ASYNC_INST/gnuram_async_fifo.xpm_fifo_base_inst/gen_cdc_pntr.wr_pntr_cdc_inst/dest_graysync_ff_reg[1][6]
  -------------------------------------------------------------------
                         required time                         -0.629    
                         arrival time                           0.751    
  -------------------------------------------------------------------
                         slack                                  0.122    





Pulse Width Checks
--------------------------------------------------------------------------------------
Clock Name:         clk_out1_system_clk_wiz_0_0
Waveform(ns):       { 0.000 19.858 }
Period(ns):         39.716
Sources:            { system_i/clk_wiz_0/inst/mmcm_adv_inst/CLKOUT0 }

Check Type        Corner  Lib Pin             Reference Pin  Required(ns)  Actual(ns)  Slack(ns)  Location         Pin
Min Period        n/a     RAMB36E1/CLKBWRCLK  n/a            2.576         39.716      37.140     RAMB36_X2Y17     system_i/v_axi4s_vid_out_0/inst/COUPLER_INST/generate_async_fifo.FIFO_INST/XPM_FIFO_ASYNC_INST/gnuram_async_fifo.xpm_fifo_base_inst/gen_sdpram.xpm_memory_base_inst/gen_wr_a.gen_word_narrow.mem_reg_0/CLKBWRCLK
Min Period        n/a     RAMB36E1/CLKBWRCLK  n/a            2.576         39.716      37.140     RAMB36_X2Y16     system_i/v_axi4s_vid_out_0/inst/COUPLER_INST/generate_async_fifo.FIFO_INST/XPM_FIFO_ASYNC_INST/gnuram_async_fifo.xpm_fifo_base_inst/gen_sdpram.xpm_memory_base_inst/gen_wr_a.gen_word_narrow.mem_reg_1/CLKBWRCLK
Min Period        n/a     RAMB36E1/CLKBWRCLK  n/a            2.576         39.716      37.140     RAMB36_X2Y18     system_i/v_axi4s_vid_out_0/inst/COUPLER_INST/generate_async_fifo.FIFO_INST/XPM_FIFO_ASYNC_INST/gnuram_async_fifo.xpm_fifo_base_inst/gen_sdpram.xpm_memory_base_inst/gen_wr_a.gen_word_narrow.mem_reg_2/CLKBWRCLK
Min Period        n/a     BUFG/I              n/a            2.155         39.716      37.561     BUFGCTRL_X0Y0    system_i/clk_wiz_0/inst/clkout1_buf/I
Min Period        n/a     OSERDESE2/CLKDIV    n/a            1.667         39.716      38.049     OLOGIC_X1Y124    system_i/rgb2dvi_0/U0/ClockSerializer/SerializerMaster/CLKDIV
Min Period        n/a     OSERDESE2/CLKDIV    n/a            1.667         39.716      38.049     OLOGIC_X1Y123    system_i/rgb2dvi_0/U0/ClockSerializer/SerializerSlave/CLKDIV
Min Period        n/a     OSERDESE2/CLKDIV    n/a            1.667         39.716      38.049     OLOGIC_X1Y142    system_i/rgb2dvi_0/U0/DataEncoders[0].DataSerializer/SerializerMaster/CLKDIV
Min Period        n/a     OSERDESE2/CLKDIV    n/a            1.667         39.716      38.049     OLOGIC_X1Y141    system_i/rgb2dvi_0/U0/DataEncoders[0].DataSerializer/SerializerSlave/CLKDIV
Min Period        n/a     OSERDESE2/CLKDIV    n/a            1.667         39.716      38.049     OLOGIC_X1Y148    system_i/rgb2dvi_0/U0/DataEncoders[1].DataSerializer/SerializerMaster/CLKDIV
Min Period        n/a     OSERDESE2/CLKDIV    n/a            1.667         39.716      38.049     OLOGIC_X1Y147    system_i/rgb2dvi_0/U0/DataEncoders[1].DataSerializer/SerializerSlave/CLKDIV
Max Period        n/a     MMCME2_ADV/CLKOUT0  n/a            213.360       39.716      173.644    MMCME2_ADV_X1Y0  system_i/clk_wiz_0/inst/mmcm_adv_inst/CLKOUT0
Low Pulse Width   Slow    SRL16E/CLK          n/a            0.980         19.858      18.878     SLICE_X66Y104    system_i/rst_pix/U0/EXT_LPF/POR_SRL_I/CLK
Low Pulse Width   Fast    SRL16E/CLK          n/a            0.980         19.858      18.878     SLICE_X66Y104    system_i/rst_pix/U0/EXT_LPF/POR_SRL_I/CLK
Low Pulse Width   Slow    FDRE/C              n/a            0.500         19.858      19.358     SLICE_X93Y122    system_i/rgb2dvi_0/U0/DataEncoders[0].DataEncoder/cnt_t_3_reg[1]/C
Low Pulse Width   Fast    FDRE/C              n/a            0.500         19.858      19.358     SLICE_X93Y122    system_i/rgb2dvi_0/U0/DataEncoders[0].DataEncoder/cnt_t_3_reg[1]/C
Low Pulse Width   Slow    FDRE/C              n/a            0.500         19.858      19.358     SLICE_X93Y122    system_i/rgb2dvi_0/U0/DataEncoders[0].DataEncoder/cnt_t_3_reg[2]/C
Low Pulse Width   Fast    FDRE/C              n/a            0.500         19.858      19.358     SLICE_X93Y122    system_i/rgb2dvi_0/U0/DataEncoders[0].DataEncoder/cnt_t_3_reg[2]/C
Low Pulse Width   Slow    FDRE/C              n/a            0.500         19.858      19.358     SLICE_X93Y123    system_i/rgb2dvi_0/U0/DataEncoders[0].DataEncoder/cnt_t_3_reg[3]/C
Low Pulse Width   Fast    FDRE/C              n/a            0.500         19.858      19.358     SLICE_X93Y123    system_i/rgb2dvi_0/U0/DataEncoders[0].DataEncoder/cnt_t_3_reg[3]/C
Low Pulse Width   Slow    FDRE/C              n/a            0.500         19.858      19.358     SLICE_X92Y122    system_i/rgb2dvi_0/U0/DataEncoders[0].DataEncoder/cnt_t_3_reg[4]/C
Low Pulse Width   Fast    FDRE/C              n/a            0.500         19.858      19.358     SLICE_X92Y122    system_i/rgb2dvi_0/U0/DataEncoders[0].DataEncoder/cnt_t_3_reg[4]/C
High Pulse Width  Slow    SRL16E/CLK          n/a            0.980         19.858      18.878     SLICE_X66Y104    system_i/rst_pix/U0/EXT_LPF/POR_SRL_I/CLK
High Pulse Width  Fast    SRL16E/CLK          n/a            0.980         19.858      18.878     SLICE_X66Y104    system_i/rst_pix/U0/EXT_LPF/POR_SRL_I/CLK
High Pulse Width  Slow    FDRE/C              n/a            0.500         19.858      19.358     SLICE_X93Y122    system_i/rgb2dvi_0/U0/DataEncoders[0].DataEncoder/cnt_t_3_reg[1]/C
High Pulse Width  Fast    FDRE/C              n/a            0.500         19.858      19.358     SLICE_X93Y122    system_i/rgb2dvi_0/U0/DataEncoders[0].DataEncoder/cnt_t_3_reg[1]/C
High Pulse Width  Slow    FDRE/C              n/a            0.500         19.858      19.358     SLICE_X93Y122    system_i/rgb2dvi_0/U0/DataEncoders[0].DataEncoder/cnt_t_3_reg[2]/C
High Pulse Width  Fast    FDRE/C              n/a            0.500         19.858      19.358     SLICE_X93Y122    system_i/rgb2dvi_0/U0/DataEncoders[0].DataEncoder/cnt_t_3_reg[2]/C
High Pulse Width  Slow    FDRE/C              n/a            0.500         19.858      19.358     SLICE_X93Y123    system_i/rgb2dvi_0/U0/DataEncoders[0].DataEncoder/cnt_t_3_reg[3]/C
High Pulse Width  Fast    FDRE/C              n/a            0.500         19.858      19.358     SLICE_X93Y123    system_i/rgb2dvi_0/U0/DataEncoders[0].DataEncoder/cnt_t_3_reg[3]/C
High Pulse Width  Slow    FDRE/C              n/a            0.500         19.858      19.358     SLICE_X92Y122    system_i/rgb2dvi_0/U0/DataEncoders[0].DataEncoder/cnt_t_3_reg[4]/C
High Pulse Width  Fast    FDRE/C              n/a            0.500         19.858      19.358     SLICE_X92Y122    system_i/rgb2dvi_0/U0/DataEncoders[0].DataEncoder/cnt_t_3_reg[4]/C



---------------------------------------------------------------------------------------------------
From Clock:  clk_out2_system_clk_wiz_0_0
  To Clock:  clk_out2_system_clk_wiz_0_0

Setup :           NA  Failing Endpoints,  Worst Slack           NA  ,  Total Violation           NA
Hold  :           NA  Failing Endpoints,  Worst Slack           NA  ,  Total Violation           NA
PW    :            0  Failing Endpoints,  Worst Slack        5.788ns,  Total Violation        0.000ns
---------------------------------------------------------------------------------------------------


Pulse Width Checks
--------------------------------------------------------------------------------------
Clock Name:         clk_out2_system_clk_wiz_0_0
Waveform(ns):       { 0.000 3.972 }
Period(ns):         7.943
Sources:            { system_i/clk_wiz_0/inst/mmcm_adv_inst/CLKOUT1 }

Check Type  Corner  Lib Pin             Reference Pin  Required(ns)  Actual(ns)  Slack(ns)  Location         Pin
Min Period  n/a     BUFG/I              n/a            2.155         7.943       5.788      BUFGCTRL_X0Y1    system_i/clk_wiz_0/inst/clkout2_buf/I
Min Period  n/a     OSERDESE2/CLK       n/a            1.667         7.943       6.276      OLOGIC_X1Y124    system_i/rgb2dvi_0/U0/ClockSerializer/SerializerMaster/CLK
Min Period  n/a     OSERDESE2/CLK       n/a            1.667         7.943       6.276      OLOGIC_X1Y123    system_i/rgb2dvi_0/U0/ClockSerializer/SerializerSlave/CLK
Min Period  n/a     OSERDESE2/CLK       n/a            1.667         7.943       6.276      OLOGIC_X1Y142    system_i/rgb2dvi_0/U0/DataEncoders[0].DataSerializer/SerializerMaster/CLK
Min Period  n/a     OSERDESE2/CLK       n/a            1.667         7.943       6.276      OLOGIC_X1Y141    system_i/rgb2dvi_0/U0/DataEncoders[0].DataSerializer/SerializerSlave/CLK
Min Period  n/a     OSERDESE2/CLK       n/a            1.667         7.943       6.276      OLOGIC_X1Y148    system_i/rgb2dvi_0/U0/DataEncoders[1].DataSerializer/SerializerMaster/CLK
Min Period  n/a     OSERDESE2/CLK       n/a            1.667         7.943       6.276      OLOGIC_X1Y147    system_i/rgb2dvi_0/U0/DataEncoders[1].DataSerializer/SerializerSlave/CLK
Min Period  n/a     OSERDESE2/CLK       n/a            1.667         7.943       6.276      OLOGIC_X1Y146    system_i/rgb2dvi_0/U0/DataEncoders[2].DataSerializer/SerializerMaster/CLK
Min Period  n/a     OSERDESE2/CLK       n/a            1.667         7.943       6.276      OLOGIC_X1Y145    system_i/rgb2dvi_0/U0/DataEncoders[2].DataSerializer/SerializerSlave/CLK
Min Period  n/a     MMCME2_ADV/CLKOUT1  n/a            1.249         7.943       6.694      MMCME2_ADV_X1Y0  system_i/clk_wiz_0/inst/mmcm_adv_inst/CLKOUT1
Max Period  n/a     MMCME2_ADV/CLKOUT1  n/a            213.360       7.943       205.417    MMCME2_ADV_X1Y0  system_i/clk_wiz_0/inst/mmcm_adv_inst/CLKOUT1



---------------------------------------------------------------------------------------------------
From Clock:  clkfbout_system_clk_wiz_0_0
  To Clock:  clkfbout_system_clk_wiz_0_0

Setup :           NA  Failing Endpoints,  Worst Slack           NA  ,  Total Violation           NA
Hold  :           NA  Failing Endpoints,  Worst Slack           NA  ,  Total Violation           NA
PW    :            0  Failing Endpoints,  Worst Slack       17.845ns,  Total Violation        0.000ns
---------------------------------------------------------------------------------------------------


Pulse Width Checks
--------------------------------------------------------------------------------------
Clock Name:         clkfbout_system_clk_wiz_0_0
Waveform(ns):       { 0.000 10.000 }
Period(ns):         20.000
Sources:            { system_i/clk_wiz_0/inst/mmcm_adv_inst/CLKFBOUT }

Check Type  Corner  Lib Pin              Reference Pin  Required(ns)  Actual(ns)  Slack(ns)  Location         Pin
Min Period  n/a     BUFG/I               n/a            2.155         20.000      17.845     BUFGCTRL_X0Y2    system_i/clk_wiz_0/inst/clkf_buf/I
Min Period  n/a     MMCME2_ADV/CLKFBOUT  n/a            1.249         20.000      18.751     MMCME2_ADV_X1Y0  system_i/clk_wiz_0/inst/mmcm_adv_inst/CLKFBOUT
Min Period  n/a     MMCME2_ADV/CLKFBIN   n/a            1.249         20.000      18.751     MMCME2_ADV_X1Y0  system_i/clk_wiz_0/inst/mmcm_adv_inst/CLKFBIN
Max Period  n/a     MMCME2_ADV/CLKFBIN   n/a            100.000       20.000      80.000     MMCME2_ADV_X1Y0  system_i/clk_wiz_0/inst/mmcm_adv_inst/CLKFBIN
Max Period  n/a     MMCME2_ADV/CLKFBOUT  n/a            213.360       20.000      193.360    MMCME2_ADV_X1Y0  system_i/clk_wiz_0/inst/mmcm_adv_inst/CLKFBOUT



---------------------------------------------------------------------------------------------------
From Clock:  clk_out1_system_clk_wiz_0_0
  To Clock:  clk_fpga_0

Setup :            0  Failing Endpoints,  Worst Slack       38.219ns,  Total Violation        0.000ns
Hold  :           NA  Failing Endpoints,  Worst Slack           NA  ,  Total Violation           NA
---------------------------------------------------------------------------------------------------


Max Delay Paths
--------------------------------------------------------------------------------------
Slack (MET) :             38.219ns  (required time - arrival time)
  Source:                 system_i/v_axi4s_vid_out_0/inst/COUPLER_INST/generate_async_fifo.FIFO_INST/XPM_FIFO_ASYNC_INST/gnuram_async_fifo.xpm_fifo_base_inst/gen_cdc_pntr.rd_pntr_cdc_inst/src_gray_ff_reg[9]/C
                            (rising edge-triggered cell FDRE clocked by clk_out1_system_clk_wiz_0_0  {rise@0.000ns fall@19.858ns period=39.716ns})
  Destination:            system_i/v_axi4s_vid_out_0/inst/COUPLER_INST/generate_async_fifo.FIFO_INST/XPM_FIFO_ASYNC_INST/gnuram_async_fifo.xpm_fifo_base_inst/gen_cdc_pntr.rd_pntr_cdc_inst/dest_graysync_ff_reg[0][9]/D
                            (rising edge-triggered cell FDRE clocked by clk_fpga_0  {rise@0.000ns fall@5.000ns period=10.000ns})
  Path Group:             clk_fpga_0
  Path Type:              Setup (Max at Slow Process Corner)
  Requirement:            39.716ns  (MaxDelay Path 39.716ns)
  Data Path Delay:        1.227ns  (logic 0.478ns (38.956%)  route 0.749ns (61.044%))
  Logic Levels:           0  
  Timing Exception:       MaxDelay Path 39.716ns -datapath_only

    Location             Delay type                Incr(ns)  Path(ns)    Netlist Resource(s)
  -------------------------------------------------------------------    -------------------
    SLICE_X34Y88                                      0.000     0.000 r  system_i/v_axi4s_vid_out_0/inst/COUPLER_INST/generate_async_fifo.FIFO_INST/XPM_FIFO_ASYNC_INST/gnuram_async_fifo.xpm_fifo_base_inst/gen_cdc_pntr.rd_pntr_cdc_inst/src_gray_ff_reg[9]/C
    SLICE_X34Y88         FDRE (Prop_fdre_C_Q)         0.478     0.478 r  system_i/v_axi4s_vid_out_0/inst/COUPLER_INST/generate_async_fifo.FIFO_INST/XPM_FIFO_ASYNC_INST/gnuram_async_fifo.xpm_fifo_base_inst/gen_cdc_pntr.rd_pntr_cdc_inst/src_gray_ff_reg[9]/Q
                         net (fo=1, routed)           0.749     1.227    system_i/v_axi4s_vid_out_0/inst/COUPLER_INST/generate_async_fifo.FIFO_INST/XPM_FIFO_ASYNC_INST/gnuram_async_fifo.xpm_fifo_base_inst/gen_cdc_pntr.rd_pntr_cdc_inst/async_path[9]
    SLICE_X35Y88         FDRE                                         r  system_i/v_axi4s_vid_out_0/inst/COUPLER_INST/generate_async_fifo.FIFO_INST/XPM_FIFO_ASYNC_INST/gnuram_async_fifo.xpm_fifo_base_inst/gen_cdc_pntr.rd_pntr_cdc_inst/dest_graysync_ff_reg[0][9]/D
  -------------------------------------------------------------------    -------------------

                         max delay                   39.716    39.716    
    SLICE_X35Y88         FDRE (Setup_fdre_C_D)       -0.270    39.446    system_i/v_axi4s_vid_out_0/inst/COUPLER_INST/generate_async_fifo.FIFO_INST/XPM_FIFO_ASYNC_INST/gnuram_async_fifo.xpm_fifo_base_inst/gen_cdc_pntr.rd_pntr_cdc_inst/dest_graysync_ff_reg[0][9]
  -------------------------------------------------------------------
                         required time                         39.446    
                         arrival time                          -1.227    
  -------------------------------------------------------------------
                         slack                                 38.219    

Slack (MET) :             38.269ns  (required time - arrival time)
  Source:                 system_i/v_axi4s_vid_out_0/inst/COUPLER_INST/generate_async_fifo.FIFO_INST/XPM_FIFO_ASYNC_INST/gnuram_async_fifo.xpm_fifo_base_inst/gen_cdc_pntr.rd_pntr_cdc_inst/src_gray_ff_reg[5]/C
                            (rising edge-triggered cell FDRE clocked by clk_out1_system_clk_wiz_0_0  {rise@0.000ns fall@19.858ns period=39.716ns})
  Destination:            system_i/v_axi4s_vid_out_0/inst/COUPLER_INST/generate_async_fifo.FIFO_INST/XPM_FIFO_ASYNC_INST/gnuram_async_fifo.xpm_fifo_base_inst/gen_cdc_pntr.rd_pntr_cdc_inst/dest_graysync_ff_reg[0][5]/D
                            (rising edge-triggered cell FDRE clocked by clk_fpga_0  {rise@0.000ns fall@5.000ns period=10.000ns})
  Path Group:             clk_fpga_0
  Path Type:              Setup (Max at Slow Process Corner)
  Requirement:            39.716ns  (MaxDelay Path 39.716ns)
  Data Path Delay:        1.225ns  (logic 0.478ns (39.017%)  route 0.747ns (60.983%))
  Logic Levels:           0  
  Timing Exception:       MaxDelay Path 39.716ns -datapath_only

    Location             Delay type                Incr(ns)  Path(ns)    Netlist Resource(s)
  -------------------------------------------------------------------    -------------------
    SLICE_X38Y85                                      0.000     0.000 r  system_i/v_axi4s_vid_out_0/inst/COUPLER_INST/generate_async_fifo.FIFO_INST/XPM_FIFO_ASYNC_INST/gnuram_async_fifo.xpm_fifo_base_inst/gen_cdc_pntr.rd_pntr_cdc_inst/src_gray_ff_reg[5]/C
    SLICE_X38Y85         FDRE (Prop_fdre_C_Q)         0.478     0.478 r  system_i/v_axi4s_vid_out_0/inst/COUPLER_INST/generate_async_fifo.FIFO_INST/XPM_FIFO_ASYNC_INST/gnuram_async_fifo.xpm_fifo_base_inst/gen_cdc_pntr.rd_pntr_cdc_inst/src_gray_ff_reg[5]/Q
                         net (fo=1, routed)           0.747     1.225    system_i/v_axi4s_vid_out_0/inst/COUPLER_INST/generate_async_fifo.FIFO_INST/XPM_FIFO_ASYNC_INST/gnuram_async_fifo.xpm_fifo_base_inst/gen_cdc_pntr.rd_pntr_cdc_inst/async_path[5]
    SLICE_X38Y86         FDRE                                         r  system_i/v_axi4s_vid_out_0/inst/COUPLER_INST/generate_async_fifo.FIFO_INST/XPM_FIFO_ASYNC_INST/gnuram_async_fifo.xpm_fifo_base_inst/gen_cdc_pntr.rd_pntr_cdc_inst/dest_graysync_ff_reg[0][5]/D
  -------------------------------------------------------------------    -------------------

                         max delay                   39.716    39.716    
    SLICE_X38Y86         FDRE (Setup_fdre_C_D)       -0.222    39.494    system_i/v_axi4s_vid_out_0/inst/COUPLER_INST/generate_async_fifo.FIFO_INST/XPM_FIFO_ASYNC_INST/gnuram_async_fifo.xpm_fifo_base_inst/gen_cdc_pntr.rd_pntr_cdc_inst/dest_graysync_ff_reg[0][5]
  -------------------------------------------------------------------
                         required time                         39.494    
                         arrival time                          -1.225    
  -------------------------------------------------------------------
                         slack                                 38.269    

Slack (MET) :             38.306ns  (required time - arrival time)
  Source:                 system_i/v_axi4s_vid_out_0/inst/COUPLER_INST/generate_async_fifo.FIFO_INST/XPM_FIFO_ASYNC_INST/gnuram_async_fifo.xpm_fifo_base_inst/gen_cdc_pntr.rd_pntr_cdc_dc_inst/src_gray_ff_reg[3]/C
                            (rising edge-triggered cell FDRE clocked by clk_out1_system_clk_wiz_0_0  {rise@0.000ns fall@19.858ns period=39.716ns})
  Destination:            system_i/v_axi4s_vid_out_0/inst/COUPLER_INST/generate_async_fifo.FIFO_INST/XPM_FIFO_ASYNC_INST/gnuram_async_fifo.xpm_fifo_base_inst/gen_cdc_pntr.rd_pntr_cdc_dc_inst/dest_graysync_ff_reg[0][3]/D
                            (rising edge-triggered cell FDRE clocked by clk_fpga_0  {rise@0.000ns fall@5.000ns period=10.000ns})
  Path Group:             clk_fpga_0
  Path Type:              Setup (Max at Slow Process Corner)
  Requirement:            39.716ns  (MaxDelay Path 39.716ns)
  Data Path Delay:        1.145ns  (logic 0.419ns (36.581%)  route 0.726ns (63.419%))
  Logic Levels:           0  
  Timing Exception:       MaxDelay Path 39.716ns -datapath_only

    Location             Delay type                Incr(ns)  Path(ns)    Netlist Resource(s)
  -------------------------------------------------------------------    -------------------
    SLICE_X43Y83                                      0.000     0.000 r  system_i/v_axi4s_vid_out_0/inst/COUPLER_INST/generate_async_fifo.FIFO_INST/XPM_FIFO_ASYNC_INST/gnuram_async_fifo.xpm_fifo_base_inst/gen_cdc_pntr.rd_pntr_cdc_dc_inst/src_gray_ff_reg[3]/C
    SLICE_X43Y83         FDRE (Prop_fdre_C_Q)         0.419     0.419 r  system_i/v_axi4s_vid_out_0/inst/COUPLER_INST/generate_async_fifo.FIFO_INST/XPM_FIFO_ASYNC_INST/gnuram_async_fifo.xpm_fifo_base_inst/gen_cdc_pntr.rd_pntr_cdc_dc_inst/src_gray_ff_reg[3]/Q
                         net (fo=1, routed)           0.726     1.145    system_i/v_axi4s_vid_out_0/inst/COUPLER_INST/generate_async_fifo.FIFO_INST/XPM_FIFO_ASYNC_INST/gnuram_async_fifo.xpm_fifo_base_inst/gen_cdc_pntr.rd_pntr_cdc_dc_inst/async_path[3]
    SLICE_X45Y83         FDRE                                         r  system_i/v_axi4s_vid_out_0/inst/COUPLER_INST/generate_async_fifo.FIFO_INST/XPM_FIFO_ASYNC_INST/gnuram_async_fifo.xpm_fifo_base_inst/gen_cdc_pntr.rd_pntr_cdc_dc_inst/dest_graysync_ff_reg[0][3]/D
  -------------------------------------------------------------------    -------------------

                         max delay                   39.716    39.716    
    SLICE_X45Y83         FDRE (Setup_fdre_C_D)       -0.265    39.451    system_i/v_axi4s_vid_out_0/inst/COUPLER_INST/generate_async_fifo.FIFO_INST/XPM_FIFO_ASYNC_INST/gnuram_async_fifo.xpm_fifo_base_inst/gen_cdc_pntr.rd_pntr_cdc_dc_inst/dest_graysync_ff_reg[0][3]
  -------------------------------------------------------------------
                         required time                         39.451    
                         arrival time                          -1.145    
  -------------------------------------------------------------------
                         slack                                 38.306    

Slack (MET) :             38.319ns  (required time - arrival time)
  Source:                 system_i/v_axi4s_vid_out_0/inst/COUPLER_INST/generate_async_fifo.FIFO_INST/XPM_FIFO_ASYNC_INST/gnuram_async_fifo.xpm_fifo_base_inst/gen_cdc_pntr.rd_pntr_cdc_dc_inst/src_gray_ff_reg[10]/C
                            (rising edge-triggered cell FDRE clocked by clk_out1_system_clk_wiz_0_0  {rise@0.000ns fall@19.858ns period=39.716ns})
  Destination:            system_i/v_axi4s_vid_out_0/inst/COUPLER_INST/generate_async_fifo.FIFO_INST/XPM_FIFO_ASYNC_INST/gnuram_async_fifo.xpm_fifo_base_inst/gen_cdc_pntr.rd_pntr_cdc_dc_inst/dest_graysync_ff_reg[0][10]/D
                            (rising edge-triggered cell FDRE clocked by clk_fpga_0  {rise@0.000ns fall@5.000ns period=10.000ns})
  Path Group:             clk_fpga_0
  Path Type:              Setup (Max at Slow Process Corner)
  Requirement:            39.716ns  (MaxDelay Path 39.716ns)
  Data Path Delay:        1.302ns  (logic 0.456ns (35.025%)  route 0.846ns (64.975%))
  Logic Levels:           0  
  Timing Exception:       MaxDelay Path 39.716ns -datapath_only

    Location             Delay type                Incr(ns)  Path(ns)    Netlist Resource(s)
  -------------------------------------------------------------------    -------------------
    SLICE_X43Y88                                      0.000     0.000 r  system_i/v_axi4s_vid_out_0/inst/COUPLER_INST/generate_async_fifo.FIFO_INST/XPM_FIFO_ASYNC_INST/gnuram_async_fifo.xpm_fifo_base_inst/gen_cdc_pntr.rd_pntr_cdc_dc_inst/src_gray_ff_reg[10]/C
    SLICE_X43Y88         FDRE (Prop_fdre_C_Q)         0.456     0.456 r  system_i/v_axi4s_vid_out_0/inst/COUPLER_INST/generate_async_fifo.FIFO_INST/XPM_FIFO_ASYNC_INST/gnuram_async_fifo.xpm_fifo_base_inst/gen_cdc_pntr.rd_pntr_cdc_dc_inst/src_gray_ff_reg[10]/Q
                         net (fo=1, routed)           0.846     1.302    system_i/v_axi4s_vid_out_0/inst/COUPLER_INST/generate_async_fifo.FIFO_INST/XPM_FIFO_ASYNC_INST/gnuram_async_fifo.xpm_fifo_base_inst/gen_cdc_pntr.rd_pntr_cdc_dc_inst/async_path[10]
    SLICE_X43Y89         FDRE                                         r  system_i/v_axi4s_vid_out_0/inst/COUPLER_INST/generate_async_fifo.FIFO_INST/XPM_FIFO_ASYNC_INST/gnuram_async_fifo.xpm_fifo_base_inst/gen_cdc_pntr.rd_pntr_cdc_dc_inst/dest_graysync_ff_reg[0][10]/D
  -------------------------------------------------------------------    -------------------

                         max delay                   39.716    39.716    
    SLICE_X43Y89         FDRE (Setup_fdre_C_D)       -0.095    39.621    system_i/v_axi4s_vid_out_0/inst/COUPLER_INST/generate_async_fifo.FIFO_INST/XPM_FIFO_ASYNC_INST/gnuram_async_fifo.xpm_fifo_base_inst/gen_cdc_pntr.rd_pntr_cdc_dc_inst/dest_graysync_ff_reg[0][10]
  -------------------------------------------------------------------
                         required time                         39.621    
                         arrival time                          -1.302    
  -------------------------------------------------------------------
                         slack                                 38.319    

Slack (MET) :             38.368ns  (required time - arrival time)
  Source:                 system_i/v_axi4s_vid_out_0/inst/COUPLER_INST/generate_async_fifo.FIFO_INST/XPM_FIFO_ASYNC_INST/gnuram_async_fifo.xpm_fifo_base_inst/gen_cdc_pntr.rd_pntr_cdc_inst/src_gray_ff_reg[1]/C
                            (rising edge-triggered cell FDRE clocked by clk_out1_system_clk_wiz_0_0  {rise@0.000ns fall@19.858ns period=39.716ns})
  Destination:            system_i/v_axi4s_vid_out_0/inst/COUPLER_INST/generate_async_fifo.FIFO_INST/XPM_FIFO_ASYNC_INST/gnuram_async_fifo.xpm_fifo_base_inst/gen_cdc_pntr.rd_pntr_cdc_inst/dest_graysync_ff_reg[0][1]/D
                            (rising edge-triggered cell FDRE clocked by clk_fpga_0  {rise@0.000ns fall@5.000ns period=10.000ns})
  Path Group:             clk_fpga_0
  Path Type:              Setup (Max at Slow Process Corner)
  Requirement:            39.716ns  (MaxDelay Path 39.716ns)
  Data Path Delay:        1.082ns  (logic 0.478ns (44.185%)  route 0.604ns (55.815%))
  Logic Levels:           0  
  Timing Exception:       MaxDelay Path 39.716ns -datapath_only

    Location             Delay type                Incr(ns)  Path(ns)    Netlist Resource(s)
  -------------------------------------------------------------------    -------------------
    SLICE_X38Y85                                      0.000     0.000 r  system_i/v_axi4s_vid_out_0/inst/COUPLER_INST/generate_async_fifo.FIFO_INST/XPM_FIFO_ASYNC_INST/gnuram_async_fifo.xpm_fifo_base_inst/gen_cdc_pntr.rd_pntr_cdc_inst/src_gray_ff_reg[1]/C
    SLICE_X38Y85         FDRE (Prop_fdre_C_Q)         0.478     0.478 r  system_i/v_axi4s_vid_out_0/inst/COUPLER_INST/generate_async_fifo.FIFO_INST/XPM_FIFO_ASYNC_INST/gnuram_async_fifo.xpm_fifo_base_inst/gen_cdc_pntr.rd_pntr_cdc_inst/src_gray_ff_reg[1]/Q
                         net (fo=1, routed)           0.604     1.082    system_i/v_axi4s_vid_out_0/inst/COUPLER_INST/generate_async_fifo.FIFO_INST/XPM_FIFO_ASYNC_INST/gnuram_async_fifo.xpm_fifo_base_inst/gen_cdc_pntr.rd_pntr_cdc_inst/async_path[1]
    SLICE_X41Y85         FDRE                                         r  system_i/v_axi4s_vid_out_0/inst/COUPLER_INST/generate_async_fifo.FIFO_INST/XPM_FIFO_ASYNC_INST/gnuram_async_fifo.xpm_fifo_base_inst/gen_cdc_pntr.rd_pntr_cdc_inst/dest_graysync_ff_reg[0][1]/D
  -------------------------------------------------------------------    -------------------

                         max delay                   39.716    39.716    
    SLICE_X41Y85         FDRE (Setup_fdre_C_D)       -0.266    39.450    system_i/v_axi4s_vid_out_0/inst/COUPLER_INST/generate_async_fifo.FIFO_INST/XPM_FIFO_ASYNC_INST/gnuram_async_fifo.xpm_fifo_base_inst/gen_cdc_pntr.rd_pntr_cdc_inst/dest_graysync_ff_reg[0][1]
  -------------------------------------------------------------------
                         required time                         39.450    
                         arrival time                          -1.082    
  -------------------------------------------------------------------
                         slack                                 38.368    

Slack (MET) :             38.415ns  (required time - arrival time)
  Source:                 system_i/v_axi4s_vid_out_0/inst/COUPLER_INST/generate_async_fifo.FIFO_INST/XPM_FIFO_ASYNC_INST/gnuram_async_fifo.xpm_fifo_base_inst/gen_cdc_pntr.rd_pntr_cdc_inst/src_gray_ff_reg[7]/C
                            (rising edge-triggered cell FDRE clocked by clk_out1_system_clk_wiz_0_0  {rise@0.000ns fall@19.858ns period=39.716ns})
  Destination:            system_i/v_axi4s_vid_out_0/inst/COUPLER_INST/generate_async_fifo.FIFO_INST/XPM_FIFO_ASYNC_INST/gnuram_async_fifo.xpm_fifo_base_inst/gen_cdc_pntr.rd_pntr_cdc_inst/dest_graysync_ff_reg[0][7]/D
                            (rising edge-triggered cell FDRE clocked by clk_fpga_0  {rise@0.000ns fall@5.000ns period=10.000ns})
  Path Group:             clk_fpga_0
  Path Type:              Setup (Max at Slow Process Corner)
  Requirement:            39.716ns  (MaxDelay Path 39.716ns)
  Data Path Delay:        1.083ns  (logic 0.478ns (44.141%)  route 0.605ns (55.859%))
  Logic Levels:           0  
  Timing Exception:       MaxDelay Path 39.716ns -datapath_only

    Location             Delay type                Incr(ns)  Path(ns)    Netlist Resource(s)
  -------------------------------------------------------------------    -------------------
    SLICE_X34Y88                                      0.000     0.000 r  system_i/v_axi4s_vid_out_0/inst/COUPLER_INST/generate_async_fifo.FIFO_INST/XPM_FIFO_ASYNC_INST/gnuram_async_fifo.xpm_fifo_base_inst/gen_cdc_pntr.rd_pntr_cdc_inst/src_gray_ff_reg[7]/C
    SLICE_X34Y88         FDRE (Prop_fdre_C_Q)         0.478     0.478 r  system_i/v_axi4s_vid_out_0/inst/COUPLER_INST/generate_async_fifo.FIFO_INST/XPM_FIFO_ASYNC_INST/gnuram_async_fifo.xpm_fifo_base_inst/gen_cdc_pntr.rd_pntr_cdc_inst/src_gray_ff_reg[7]/Q
                         net (fo=1, routed)           0.605     1.083    system_i/v_axi4s_vid_out_0/inst/COUPLER_INST/generate_async_fifo.FIFO_INST/XPM_FIFO_ASYNC_INST/gnuram_async_fifo.xpm_fifo_base_inst/gen_cdc_pntr.rd_pntr_cdc_inst/async_path[7]
    SLICE_X34Y87         FDRE                                         r  system_i/v_axi4s_vid_out_0/inst/COUPLER_INST/generate_async_fifo.FIFO_INST/XPM_FIFO_ASYNC_INST/gnuram_async_fifo.xpm_fifo_base_inst/gen_cdc_pntr.rd_pntr_cdc_inst/dest_graysync_ff_reg[0][7]/D
  -------------------------------------------------------------------    -------------------

                         max delay                   39.716    39.716    
    SLICE_X34Y87         FDRE (Setup_fdre_C_D)       -0.218    39.498    system_i/v_axi4s_vid_out_0/inst/COUPLER_INST/generate_async_fifo.FIFO_INST/XPM_FIFO_ASYNC_INST/gnuram_async_fifo.xpm_fifo_base_inst/gen_cdc_pntr.rd_pntr_cdc_inst/dest_graysync_ff_reg[0][7]
  -------------------------------------------------------------------
                         required time                         39.498    
                         arrival time                          -1.083    
  -------------------------------------------------------------------
                         slack                                 38.415    

Slack (MET) :             38.417ns  (required time - arrival time)
  Source:                 system_i/v_axi4s_vid_out_0/inst/COUPLER_INST/generate_async_fifo.FIFO_INST/XPM_FIFO_ASYNC_INST/gnuram_async_fifo.xpm_fifo_base_inst/gen_cdc_pntr.rd_pntr_cdc_dc_inst/src_gray_ff_reg[1]/C
                            (rising edge-triggered cell FDRE clocked by clk_out1_system_clk_wiz_0_0  {rise@0.000ns fall@19.858ns period=39.716ns})
  Destination:            system_i/v_axi4s_vid_out_0/inst/COUPLER_INST/generate_async_fifo.FIFO_INST/XPM_FIFO_ASYNC_INST/gnuram_async_fifo.xpm_fifo_base_inst/gen_cdc_pntr.rd_pntr_cdc_dc_inst/dest_graysync_ff_reg[0][1]/D
                            (rising edge-triggered cell FDRE clocked by clk_fpga_0  {rise@0.000ns fall@5.000ns period=10.000ns})
  Path Group:             clk_fpga_0
  Path Type:              Setup (Max at Slow Process Corner)
  Requirement:            39.716ns  (MaxDelay Path 39.716ns)
  Data Path Delay:        1.029ns  (logic 0.419ns (40.700%)  route 0.610ns (59.300%))
  Logic Levels:           0  
  Timing Exception:       MaxDelay Path 39.716ns -datapath_only

    Location             Delay type                Incr(ns)  Path(ns)    Netlist Resource(s)
  -------------------------------------------------------------------    -------------------
    SLICE_X43Y83                                      0.000     0.000 r  system_i/v_axi4s_vid_out_0/inst/COUPLER_INST/generate_async_fifo.FIFO_INST/XPM_FIFO_ASYNC_INST/gnuram_async_fifo.xpm_fifo_base_inst/gen_cdc_pntr.rd_pntr_cdc_dc_inst/src_gray_ff_reg[1]/C
    SLICE_X43Y83         FDRE (Prop_fdre_C_Q)         0.419     0.419 r  system_i/v_axi4s_vid_out_0/inst/COUPLER_INST/generate_async_fifo.FIFO_INST/XPM_FIFO_ASYNC_INST/gnuram_async_fifo.xpm_fifo_base_inst/gen_cdc_pntr.rd_pntr_cdc_dc_inst/src_gray_ff_reg[1]/Q
                         net (fo=1, routed)           0.610     1.029    system_i/v_axi4s_vid_out_0/inst/COUPLER_INST/generate_async_fifo.FIFO_INST/XPM_FIFO_ASYNC_INST/gnuram_async_fifo.xpm_fifo_base_inst/gen_cdc_pntr.rd_pntr_cdc_dc_inst/async_path[1]
    SLICE_X44Y83         FDRE                                         r  system_i/v_axi4s_vid_out_0/inst/COUPLER_INST/generate_async_fifo.FIFO_INST/XPM_FIFO_ASYNC_INST/gnuram_async_fifo.xpm_fifo_base_inst/gen_cdc_pntr.rd_pntr_cdc_dc_inst/dest_graysync_ff_reg[0][1]/D
  -------------------------------------------------------------------    -------------------

                         max delay                   39.716    39.716    
    SLICE_X44Y83         FDRE (Setup_fdre_C_D)       -0.270    39.446    system_i/v_axi4s_vid_out_0/inst/COUPLER_INST/generate_async_fifo.FIFO_INST/XPM_FIFO_ASYNC_INST/gnuram_async_fifo.xpm_fifo_base_inst/gen_cdc_pntr.rd_pntr_cdc_dc_inst/dest_graysync_ff_reg[0][1]
  -------------------------------------------------------------------
                         required time                         39.446    
                         arrival time                          -1.029    
  -------------------------------------------------------------------
                         slack                                 38.417    

Slack (MET) :             38.418ns  (required time - arrival time)
  Source:                 system_i/v_axi4s_vid_out_0/inst/COUPLER_INST/generate_async_fifo.FIFO_INST/XPM_FIFO_ASYNC_INST/gnuram_async_fifo.xpm_fifo_base_inst/gen_cdc_pntr.rd_pntr_cdc_dc_inst/src_gray_ff_reg[9]/C
                            (rising edge-triggered cell FDRE clocked by clk_out1_system_clk_wiz_0_0  {rise@0.000ns fall@19.858ns period=39.716ns})
  Destination:            system_i/v_axi4s_vid_out_0/inst/COUPLER_INST/generate_async_fifo.FIFO_INST/XPM_FIFO_ASYNC_INST/gnuram_async_fifo.xpm_fifo_base_inst/gen_cdc_pntr.rd_pntr_cdc_dc_inst/dest_graysync_ff_reg[0][9]/D
                            (rising edge-triggered cell FDRE clocked by clk_fpga_0  {rise@0.000ns fall@5.000ns period=10.000ns})
  Path Group:             clk_fpga_0
  Path Type:              Setup (Max at Slow Process Corner)
  Requirement:            39.716ns  (MaxDelay Path 39.716ns)
  Data Path Delay:        1.032ns  (logic 0.419ns (40.605%)  route 0.613ns (59.395%))
  Logic Levels:           0  
  Timing Exception:       MaxDelay Path 39.716ns -datapath_only

    Location             Delay type                Incr(ns)  Path(ns)    Netlist Resource(s)
  -------------------------------------------------------------------    -------------------
    SLICE_X43Y88                                      0.000     0.000 r  system_i/v_axi4s_vid_out_0/inst/COUPLER_INST/generate_async_fifo.FIFO_INST/XPM_FIFO_ASYNC_INST/gnuram_async_fifo.xpm_fifo_base_inst/gen_cdc_pntr.rd_pntr_cdc_dc_inst/src_gray_ff_reg[9]/C
    SLICE_X43Y88         FDRE (Prop_fdre_C_Q)         0.419     0.419 r  system_i/v_axi4s_vid_out_0/inst/COUPLER_INST/generate_async_fifo.FIFO_INST/XPM_FIFO_ASYNC_INST/gnuram_async_fifo.xpm_fifo_base_inst/gen_cdc_pntr.rd_pntr_cdc_dc_inst/src_gray_ff_reg[9]/Q
                         net (fo=1, routed)           0.613     1.032    system_i/v_axi4s_vid_out_0/inst/COUPLER_INST/generate_async_fifo.FIFO_INST/XPM_FIFO_ASYNC_INST/gnuram_async_fifo.xpm_fifo_base_inst/gen_cdc_pntr.rd_pntr_cdc_dc_inst/async_path[9]
    SLICE_X44Y88         FDRE                                         r  system_i/v_axi4s_vid_out_0/inst/COUPLER_INST/generate_async_fifo.FIFO_INST/XPM_FIFO_ASYNC_INST/gnuram_async_fifo.xpm_fifo_base_inst/gen_cdc_pntr.rd_pntr_cdc_dc_inst/dest_graysync_ff_reg[0][9]/D
  -------------------------------------------------------------------    -------------------

                         max delay                   39.716    39.716    
    SLICE_X44Y88         FDRE (Setup_fdre_C_D)       -0.266    39.450    system_i/v_axi4s_vid_out_0/inst/COUPLER_INST/generate_async_fifo.FIFO_INST/XPM_FIFO_ASYNC_INST/gnuram_async_fifo.xpm_fifo_base_inst/gen_cdc_pntr.rd_pntr_cdc_dc_inst/dest_graysync_ff_reg[0][9]
  -------------------------------------------------------------------
                         required time                         39.450    
                         arrival time                          -1.032    
  -------------------------------------------------------------------
                         slack                                 38.418    

Slack (MET) :             38.423ns  (required time - arrival time)
  Source:                 system_i/v_axi4s_vid_out_0/inst/COUPLER_INST/generate_async_fifo.FIFO_INST/XPM_FIFO_ASYNC_INST/gnuram_async_fifo.xpm_fifo_base_inst/gen_cdc_pntr.rd_pntr_cdc_inst/src_gray_ff_reg[10]/C
                            (rising edge-triggered cell FDRE clocked by clk_out1_system_clk_wiz_0_0  {rise@0.000ns fall@19.858ns period=39.716ns})
  Destination:            system_i/v_axi4s_vid_out_0/inst/COUPLER_INST/generate_async_fifo.FIFO_INST/XPM_FIFO_ASYNC_INST/gnuram_async_fifo.xpm_fifo_base_inst/gen_cdc_pntr.rd_pntr_cdc_inst/dest_graysync_ff_reg[0][10]/D
                            (rising edge-triggered cell FDRE clocked by clk_fpga_0  {rise@0.000ns fall@5.000ns period=10.000ns})
  Path Group:             clk_fpga_0
  Path Type:              Setup (Max at Slow Process Corner)
  Requirement:            39.716ns  (MaxDelay Path 39.716ns)
  Data Path Delay:        1.198ns  (logic 0.456ns (38.050%)  route 0.742ns (61.950%))
  Logic Levels:           0  
  Timing Exception:       MaxDelay Path 39.716ns -datapath_only

    Location             Delay type                Incr(ns)  Path(ns)    Netlist Resource(s)
  -------------------------------------------------------------------    -------------------
    SLICE_X41Y90                                      0.000     0.000 r  system_i/v_axi4s_vid_out_0/inst/COUPLER_INST/generate_async_fifo.FIFO_INST/XPM_FIFO_ASYNC_INST/gnuram_async_fifo.xpm_fifo_base_inst/gen_cdc_pntr.rd_pntr_cdc_inst/src_gray_ff_reg[10]/C
    SLICE_X41Y90         FDRE (Prop_fdre_C_Q)         0.456     0.456 r  system_i/v_axi4s_vid_out_0/inst/COUPLER_INST/generate_async_fifo.FIFO_INST/XPM_FIFO_ASYNC_INST/gnuram_async_fifo.xpm_fifo_base_inst/gen_cdc_pntr.rd_pntr_cdc_inst/src_gray_ff_reg[10]/Q
                         net (fo=1, routed)           0.742     1.198    system_i/v_axi4s_vid_out_0/inst/COUPLER_INST/generate_async_fifo.FIFO_INST/XPM_FIFO_ASYNC_INST/gnuram_async_fifo.xpm_fifo_base_inst/gen_cdc_pntr.rd_pntr_cdc_inst/async_path[10]
    SLICE_X40Y90         FDRE                                         r  system_i/v_axi4s_vid_out_0/inst/COUPLER_INST/generate_async_fifo.FIFO_INST/XPM_FIFO_ASYNC_INST/gnuram_async_fifo.xpm_fifo_base_inst/gen_cdc_pntr.rd_pntr_cdc_inst/dest_graysync_ff_reg[0][10]/D
  -------------------------------------------------------------------    -------------------

                         max delay                   39.716    39.716    
    SLICE_X40Y90         FDRE (Setup_fdre_C_D)       -0.095    39.621    system_i/v_axi4s_vid_out_0/inst/COUPLER_INST/generate_async_fifo.FIFO_INST/XPM_FIFO_ASYNC_INST/gnuram_async_fifo.xpm_fifo_base_inst/gen_cdc_pntr.rd_pntr_cdc_inst/dest_graysync_ff_reg[0][10]
  -------------------------------------------------------------------
                         required time                         39.621    
                         arrival time                          -1.198    
  -------------------------------------------------------------------
                         slack                                 38.423    

Slack (MET) :             38.443ns  (required time - arrival time)
  Source:                 system_i/v_axi4s_vid_out_0/inst/COUPLER_INST/generate_async_fifo.FIFO_INST/XPM_FIFO_ASYNC_INST/gnuram_async_fifo.xpm_fifo_base_inst/gen_cdc_pntr.rd_pntr_cdc_dc_inst/src_gray_ff_reg[7]/C
                            (rising edge-triggered cell FDRE clocked by clk_out1_system_clk_wiz_0_0  {rise@0.000ns fall@19.858ns period=39.716ns})
  Destination:            system_i/v_axi4s_vid_out_0/inst/COUPLER_INST/generate_async_fifo.FIFO_INST/XPM_FIFO_ASYNC_INST/gnuram_async_fifo.xpm_fifo_base_inst/gen_cdc_pntr.rd_pntr_cdc_dc_inst/dest_graysync_ff_reg[0][7]/D
                            (rising edge-triggered cell FDRE clocked by clk_fpga_0  {rise@0.000ns fall@5.000ns period=10.000ns})
  Path Group:             clk_fpga_0
  Path Type:              Setup (Max at Slow Process Corner)
  Requirement:            39.716ns  (MaxDelay Path 39.716ns)
  Data Path Delay:        1.006ns  (logic 0.419ns (41.644%)  route 0.587ns (58.356%))
  Logic Levels:           0  
  Timing Exception:       MaxDelay Path 39.716ns -datapath_only

    Location             Delay type                Incr(ns)  Path(ns)    Netlist Resource(s)
  -------------------------------------------------------------------    -------------------
    SLICE_X43Y88                                      0.000     0.000 r  system_i/v_axi4s_vid_out_0/inst/COUPLER_INST/generate_async_fifo.FIFO_INST/XPM_FIFO_ASYNC_INST/gnuram_async_fifo.xpm_fifo_base_inst/gen_cdc_pntr.rd_pntr_cdc_dc_inst/src_gray_ff_reg[7]/C
    SLICE_X43Y88         FDRE (Prop_fdre_C_Q)         0.419     0.419 r  system_i/v_axi4s_vid_out_0/inst/COUPLER_INST/generate_async_fifo.FIFO_INST/XPM_FIFO_ASYNC_INST/gnuram_async_fifo.xpm_fifo_base_inst/gen_cdc_pntr.rd_pntr_cdc_dc_inst/src_gray_ff_reg[7]/Q
                         net (fo=1, routed)           0.587     1.006    system_i/v_axi4s_vid_out_0/inst/COUPLER_INST/generate_async_fifo.FIFO_INST/XPM_FIFO_ASYNC_INST/gnuram_async_fifo.xpm_fifo_base_inst/gen_cdc_pntr.rd_pntr_cdc_dc_inst/async_path[7]
    SLICE_X45Y88         FDRE                                         r  system_i/v_axi4s_vid_out_0/inst/COUPLER_INST/generate_async_fifo.FIFO_INST/XPM_FIFO_ASYNC_INST/gnuram_async_fifo.xpm_fifo_base_inst/gen_cdc_pntr.rd_pntr_cdc_dc_inst/dest_graysync_ff_reg[0][7]/D
  -------------------------------------------------------------------    -------------------

                         max delay                   39.716    39.716    
    SLICE_X45Y88         FDRE (Setup_fdre_C_D)       -0.267    39.449    system_i/v_axi4s_vid_out_0/inst/COUPLER_INST/generate_async_fifo.FIFO_INST/XPM_FIFO_ASYNC_INST/gnuram_async_fifo.xpm_fifo_base_inst/gen_cdc_pntr.rd_pntr_cdc_dc_inst/dest_graysync_ff_reg[0][7]
  -------------------------------------------------------------------
                         required time                         39.449    
                         arrival time                          -1.006    
  -------------------------------------------------------------------
                         slack                                 38.443    





---------------------------------------------------------------------------------------------------
From Clock:  clk_fpga_0
  To Clock:  clk_out1_system_clk_wiz_0_0

Setup :            0  Failing Endpoints,  Worst Slack        8.445ns,  Total Violation        0.000ns
Hold  :           NA  Failing Endpoints,  Worst Slack           NA  ,  Total Violation           NA
---------------------------------------------------------------------------------------------------


Max Delay Paths
--------------------------------------------------------------------------------------
Slack (MET) :             8.445ns  (required time - arrival time)
  Source:                 system_i/v_axi4s_vid_out_0/inst/COUPLER_INST/generate_async_fifo.FIFO_INST/XPM_FIFO_ASYNC_INST/gnuram_async_fifo.xpm_fifo_base_inst/gen_cdc_pntr.wr_pntr_cdc_inst/src_gray_ff_reg[1]/C
                            (rising edge-triggered cell FDRE clocked by clk_fpga_0  {rise@0.000ns fall@5.000ns period=10.000ns})
  Destination:            system_i/v_axi4s_vid_out_0/inst/COUPLER_INST/generate_async_fifo.FIFO_INST/XPM_FIFO_ASYNC_INST/gnuram_async_fifo.xpm_fifo_base_inst/gen_cdc_pntr.wr_pntr_cdc_inst/dest_graysync_ff_reg[0][1]/D
                            (rising edge-triggered cell FDRE clocked by clk_out1_system_clk_wiz_0_0  {rise@0.000ns fall@19.858ns period=39.716ns})
  Path Group:             clk_out1_system_clk_wiz_0_0
  Path Type:              Setup (Max at Slow Process Corner)
  Requirement:            10.000ns  (MaxDelay Path 10.000ns)
  Data Path Delay:        1.287ns  (logic 0.419ns (32.568%)  route 0.868ns (67.432%))
  Logic Levels:           0  
  Timing Exception:       MaxDelay Path 10.000ns -datapath_only

    Location             Delay type                Incr(ns)  Path(ns)    Netlist Resource(s)
  -------------------------------------------------------------------    -------------------
    SLICE_X39Y82                                      0.000     0.000 r  system_i/v_axi4s_vid_out_0/inst/COUPLER_INST/generate_async_fifo.FIFO_INST/XPM_FIFO_ASYNC_INST/gnuram_async_fifo.xpm_fifo_base_inst/gen_cdc_pntr.wr_pntr_cdc_inst/src_gray_ff_reg[1]/C
    SLICE_X39Y82         FDRE (Prop_fdre_C_Q)         0.419     0.419 r  system_i/v_axi4s_vid_out_0/inst/COUPLER_INST/generate_async_fifo.FIFO_INST/XPM_FIFO_ASYNC_INST/gnuram_async_fifo.xpm_fifo_base_inst/gen_cdc_pntr.wr_pntr_cdc_inst/src_gray_ff_reg[1]/Q
                         net (fo=1, routed)           0.868     1.287    system_i/v_axi4s_vid_out_0/inst/COUPLER_INST/generate_async_fifo.FIFO_INST/XPM_FIFO_ASYNC_INST/gnuram_async_fifo.xpm_fifo_base_inst/gen_cdc_pntr.wr_pntr_cdc_inst/async_path[1]
    SLICE_X39Y81         FDRE                                         r  system_i/v_axi4s_vid_out_0/inst/COUPLER_INST/generate_async_fifo.FIFO_INST/XPM_FIFO_ASYNC_INST/gnuram_async_fifo.xpm_fifo_base_inst/gen_cdc_pntr.wr_pntr_cdc_inst/dest_graysync_ff_reg[0][1]/D
  -------------------------------------------------------------------    -------------------

                         max delay                   10.000    10.000    
    SLICE_X39Y81         FDRE (Setup_fdre_C_D)       -0.268     9.732    system_i/v_axi4s_vid_out_0/inst/COUPLER_INST/generate_async_fifo.FIFO_INST/XPM_FIFO_ASYNC_INST/gnuram_async_fifo.xpm_fifo_base_inst/gen_cdc_pntr.wr_pntr_cdc_inst/dest_graysync_ff_reg[0][1]
  -------------------------------------------------------------------
                         required time                          9.732    
                         arrival time                          -1.287    
  -------------------------------------------------------------------
                         slack                                  8.445    

Slack (MET) :             8.572ns  (required time - arrival time)
  Source:                 system_i/v_axi4s_vid_out_0/inst/COUPLER_INST/generate_async_fifo.FIFO_INST/XPM_FIFO_ASYNC_INST/gnuram_async_fifo.xpm_fifo_base_inst/gen_cdc_pntr.wr_pntr_cdc_inst/src_gray_ff_reg[9]/C
                            (rising edge-triggered cell FDRE clocked by clk_fpga_0  {rise@0.000ns fall@5.000ns period=10.000ns})
  Destination:            system_i/v_axi4s_vid_out_0/inst/COUPLER_INST/generate_async_fifo.FIFO_INST/XPM_FIFO_ASYNC_INST/gnuram_async_fifo.xpm_fifo_base_inst/gen_cdc_pntr.wr_pntr_cdc_inst/dest_graysync_ff_reg[0][9]/D
                            (rising edge-triggered cell FDRE clocked by clk_out1_system_clk_wiz_0_0  {rise@0.000ns fall@19.858ns period=39.716ns})
  Path Group:             clk_out1_system_clk_wiz_0_0
  Path Type:              Setup (Max at Slow Process Corner)
  Requirement:            10.000ns  (MaxDelay Path 10.000ns)
  Data Path Delay:        1.162ns  (logic 0.419ns (36.070%)  route 0.743ns (63.930%))
  Logic Levels:           0  
  Timing Exception:       MaxDelay Path 10.000ns -datapath_only

    Location             Delay type                Incr(ns)  Path(ns)    Netlist Resource(s)
  -------------------------------------------------------------------    -------------------
    SLICE_X41Y82                                      0.000     0.000 r  system_i/v_axi4s_vid_out_0/inst/COUPLER_INST/generate_async_fifo.FIFO_INST/XPM_FIFO_ASYNC_INST/gnuram_async_fifo.xpm_fifo_base_inst/gen_cdc_pntr.wr_pntr_cdc_inst/src_gray_ff_reg[9]/C
    SLICE_X41Y82         FDRE (Prop_fdre_C_Q)         0.419     0.419 r  system_i/v_axi4s_vid_out_0/inst/COUPLER_INST/generate_async_fifo.FIFO_INST/XPM_FIFO_ASYNC_INST/gnuram_async_fifo.xpm_fifo_base_inst/gen_cdc_pntr.wr_pntr_cdc_inst/src_gray_ff_reg[9]/Q
                         net (fo=1, routed)           0.743     1.162    system_i/v_axi4s_vid_out_0/inst/COUPLER_INST/generate_async_fifo.FIFO_INST/XPM_FIFO_ASYNC_INST/gnuram_async_fifo.xpm_fifo_base_inst/gen_cdc_pntr.wr_pntr_cdc_inst/async_path[9]
    SLICE_X40Y82         FDRE                                         r  system_i/v_axi4s_vid_out_0/inst/COUPLER_INST/generate_async_fifo.FIFO_INST/XPM_FIFO_ASYNC_INST/gnuram_async_fifo.xpm_fifo_base_inst/gen_cdc_pntr.wr_pntr_cdc_inst/dest_graysync_ff_reg[0][9]/D
  -------------------------------------------------------------------    -------------------

                         max delay                   10.000    10.000    
    SLICE_X40Y82         FDRE (Setup_fdre_C_D)       -0.266     9.734    system_i/v_axi4s_vid_out_0/inst/COUPLER_INST/generate_async_fifo.FIFO_INST/XPM_FIFO_ASYNC_INST/gnuram_async_fifo.xpm_fifo_base_inst/gen_cdc_pntr.wr_pntr_cdc_inst/dest_graysync_ff_reg[0][9]
  -------------------------------------------------------------------
                         required time                          9.734    
                         arrival time                          -1.162    
  -------------------------------------------------------------------
                         slack                                  8.572    

Slack (MET) :             8.643ns  (required time - arrival time)
  Source:                 system_i/v_axi4s_vid_out_0/inst/COUPLER_INST/generate_async_fifo.FIFO_INST/XPM_FIFO_ASYNC_INST/gnuram_async_fifo.xpm_fifo_base_inst/gen_cdc_pntr.wr_pntr_cdc_dc_inst/src_gray_ff_reg[8]/C
                            (rising edge-triggered cell FDRE clocked by clk_fpga_0  {rise@0.000ns fall@5.000ns period=10.000ns})
  Destination:            system_i/v_axi4s_vid_out_0/inst/COUPLER_INST/generate_async_fifo.FIFO_INST/XPM_FIFO_ASYNC_INST/gnuram_async_fifo.xpm_fifo_base_inst/gen_cdc_pntr.wr_pntr_cdc_dc_inst/dest_graysync_ff_reg[0][8]/D
                            (rising edge-triggered cell FDRE clocked by clk_out1_system_clk_wiz_0_0  {rise@0.000ns fall@19.858ns period=39.716ns})
  Path Group:             clk_out1_system_clk_wiz_0_0
  Path Type:              Setup (Max at Slow Process Corner)
  Requirement:            10.000ns  (MaxDelay Path 10.000ns)
  Data Path Delay:        1.262ns  (logic 0.518ns (41.061%)  route 0.744ns (58.939%))
  Logic Levels:           0  
  Timing Exception:       MaxDelay Path 10.000ns -datapath_only

    Location             Delay type                Incr(ns)  Path(ns)    Netlist Resource(s)
  -------------------------------------------------------------------    -------------------
    SLICE_X46Y85                                      0.000     0.000 r  system_i/v_axi4s_vid_out_0/inst/COUPLER_INST/generate_async_fifo.FIFO_INST/XPM_FIFO_ASYNC_INST/gnuram_async_fifo.xpm_fifo_base_inst/gen_cdc_pntr.wr_pntr_cdc_dc_inst/src_gray_ff_reg[8]/C
    SLICE_X46Y85         FDRE (Prop_fdre_C_Q)         0.518     0.518 r  system_i/v_axi4s_vid_out_0/inst/COUPLER_INST/generate_async_fifo.FIFO_INST/XPM_FIFO_ASYNC_INST/gnuram_async_fifo.xpm_fifo_base_inst/gen_cdc_pntr.wr_pntr_cdc_dc_inst/src_gray_ff_reg[8]/Q
                         net (fo=1, routed)           0.744     1.262    system_i/v_axi4s_vid_out_0/inst/COUPLER_INST/generate_async_fifo.FIFO_INST/XPM_FIFO_ASYNC_INST/gnuram_async_fifo.xpm_fifo_base_inst/gen_cdc_pntr.wr_pntr_cdc_dc_inst/async_path[8]
    SLICE_X49Y85         FDRE                                         r  system_i/v_axi4s_vid_out_0/inst/COUPLER_INST/generate_async_fifo.FIFO_INST/XPM_FIFO_ASYNC_INST/gnuram_async_fifo.xpm_fifo_base_inst/gen_cdc_pntr.wr_pntr_cdc_dc_inst/dest_graysync_ff_reg[0][8]/D
  -------------------------------------------------------------------    -------------------

                         max delay                   10.000    10.000    
    SLICE_X49Y85         FDRE (Setup_fdre_C_D)       -0.095     9.905    system_i/v_axi4s_vid_out_0/inst/COUPLER_INST/generate_async_fifo.FIFO_INST/XPM_FIFO_ASYNC_INST/gnuram_async_fifo.xpm_fifo_base_inst/gen_cdc_pntr.wr_pntr_cdc_dc_inst/dest_graysync_ff_reg[0][8]
  -------------------------------------------------------------------
                         required time                          9.905    
                         arrival time                          -1.262    
  -------------------------------------------------------------------
                         slack                                  8.643    

Slack (MET) :             8.643ns  (required time - arrival time)
  Source:                 system_i/v_axi4s_vid_out_0/inst/COUPLER_INST/generate_async_fifo.FIFO_INST/XPM_FIFO_ASYNC_INST/gnuram_async_fifo.xpm_fifo_base_inst/gen_cdc_pntr.wr_pntr_cdc_dc_inst/src_gray_ff_reg[9]/C
                            (rising edge-triggered cell FDRE clocked by clk_fpga_0  {rise@0.000ns fall@5.000ns period=10.000ns})
  Destination:            system_i/v_axi4s_vid_out_0/inst/COUPLER_INST/generate_async_fifo.FIFO_INST/XPM_FIFO_ASYNC_INST/gnuram_async_fifo.xpm_fifo_base_inst/gen_cdc_pntr.wr_pntr_cdc_dc_inst/dest_graysync_ff_reg[0][9]/D
                            (rising edge-triggered cell FDRE clocked by clk_out1_system_clk_wiz_0_0  {rise@0.000ns fall@19.858ns period=39.716ns})
  Path Group:             clk_out1_system_clk_wiz_0_0
  Path Type:              Setup (Max at Slow Process Corner)
  Requirement:            10.000ns  (MaxDelay Path 10.000ns)
  Data Path Delay:        1.091ns  (logic 0.478ns (43.832%)  route 0.613ns (56.168%))
  Logic Levels:           0  
  Timing Exception:       MaxDelay Path 10.000ns -datapath_only

    Location             Delay type                Incr(ns)  Path(ns)    Netlist Resource(s)
  -------------------------------------------------------------------    -------------------
    SLICE_X46Y85                                      0.000     0.000 r  system_i/v_axi4s_vid_out_0/inst/COUPLER_INST/generate_async_fifo.FIFO_INST/XPM_FIFO_ASYNC_INST/gnuram_async_fifo.xpm_fifo_base_inst/gen_cdc_pntr.wr_pntr_cdc_dc_inst/src_gray_ff_reg[9]/C
    SLICE_X46Y85         FDRE (Prop_fdre_C_Q)         0.478     0.478 r  system_i/v_axi4s_vid_out_0/inst/COUPLER_INST/generate_async_fifo.FIFO_INST/XPM_FIFO_ASYNC_INST/gnuram_async_fifo.xpm_fifo_base_inst/gen_cdc_pntr.wr_pntr_cdc_dc_inst/src_gray_ff_reg[9]/Q
                         net (fo=1, routed)           0.613     1.091    system_i/v_axi4s_vid_out_0/inst/COUPLER_INST/generate_async_fifo.FIFO_INST/XPM_FIFO_ASYNC_INST/gnuram_async_fifo.xpm_fifo_base_inst/gen_cdc_pntr.wr_pntr_cdc_dc_inst/async_path[9]
    SLICE_X48Y85         FDRE                                         r  system_i/v_axi4s_vid_out_0/inst/COUPLER_INST/generate_async_fifo.FIFO_INST/XPM_FIFO_ASYNC_INST/gnuram_async_fifo.xpm_fifo_base_inst/gen_cdc_pntr.wr_pntr_cdc_dc_inst/dest_graysync_ff_reg[0][9]/D
  -------------------------------------------------------------------    -------------------

                         max delay                   10.000    10.000    
    SLICE_X48Y85         FDRE (Setup_fdre_C_D)       -0.266     9.734    system_i/v_axi4s_vid_out_0/inst/COUPLER_INST/generate_async_fifo.FIFO_INST/XPM_FIFO_ASYNC_INST/gnuram_async_fifo.xpm_fifo_base_inst/gen_cdc_pntr.wr_pntr_cdc_dc_inst/dest_graysync_ff_reg[0][9]
  -------------------------------------------------------------------
                         required time                          9.734    
                         arrival time                          -1.091    
  -------------------------------------------------------------------
                         slack                                  8.643    

Slack (MET) :             8.652ns  (required time - arrival time)
  Source:                 system_i/v_axi4s_vid_out_0/inst/COUPLER_INST/generate_async_fifo.FIFO_INST/XPM_FIFO_ASYNC_INST/gnuram_async_fifo.xpm_fifo_base_inst/gen_cdc_pntr.wr_pntr_cdc_inst/src_gray_ff_reg[5]/C
                            (rising edge-triggered cell FDRE clocked by clk_fpga_0  {rise@0.000ns fall@5.000ns period=10.000ns})
  Destination:            system_i/v_axi4s_vid_out_0/inst/COUPLER_INST/generate_async_fifo.FIFO_INST/XPM_FIFO_ASYNC_INST/gnuram_async_fifo.xpm_fifo_base_inst/gen_cdc_pntr.wr_pntr_cdc_inst/dest_graysync_ff_reg[0][5]/D
                            (rising edge-triggered cell FDRE clocked by clk_out1_system_clk_wiz_0_0  {rise@0.000ns fall@19.858ns period=39.716ns})
  Path Group:             clk_out1_system_clk_wiz_0_0
  Path Type:              Setup (Max at Slow Process Corner)
  Requirement:            10.000ns  (MaxDelay Path 10.000ns)
  Data Path Delay:        1.082ns  (logic 0.478ns (44.185%)  route 0.604ns (55.815%))
  Logic Levels:           0  
  Timing Exception:       MaxDelay Path 10.000ns -datapath_only

    Location             Delay type                Incr(ns)  Path(ns)    Netlist Resource(s)
  -------------------------------------------------------------------    -------------------
    SLICE_X38Y81                                      0.000     0.000 r  system_i/v_axi4s_vid_out_0/inst/COUPLER_INST/generate_async_fifo.FIFO_INST/XPM_FIFO_ASYNC_INST/gnuram_async_fifo.xpm_fifo_base_inst/gen_cdc_pntr.wr_pntr_cdc_inst/src_gray_ff_reg[5]/C
    SLICE_X38Y81         FDRE (Prop_fdre_C_Q)         0.478     0.478 r  system_i/v_axi4s_vid_out_0/inst/COUPLER_INST/generate_async_fifo.FIFO_INST/XPM_FIFO_ASYNC_INST/gnuram_async_fifo.xpm_fifo_base_inst/gen_cdc_pntr.wr_pntr_cdc_inst/src_gray_ff_reg[5]/Q
                         net (fo=1, routed)           0.604     1.082    system_i/v_axi4s_vid_out_0/inst/COUPLER_INST/generate_async_fifo.FIFO_INST/XPM_FIFO_ASYNC_INST/gnuram_async_fifo.xpm_fifo_base_inst/gen_cdc_pntr.wr_pntr_cdc_inst/async_path[5]
    SLICE_X41Y81         FDRE                                         r  system_i/v_axi4s_vid_out_0/inst/COUPLER_INST/generate_async_fifo.FIFO_INST/XPM_FIFO_ASYNC_INST/gnuram_async_fifo.xpm_fifo_base_inst/gen_cdc_pntr.wr_pntr_cdc_inst/dest_graysync_ff_reg[0][5]/D
  -------------------------------------------------------------------    -------------------

                         max delay                   10.000    10.000    
    SLICE_X41Y81         FDRE (Setup_fdre_C_D)       -0.266     9.734    system_i/v_axi4s_vid_out_0/inst/COUPLER_INST/generate_async_fifo.FIFO_INST/XPM_FIFO_ASYNC_INST/gnuram_async_fifo.xpm_fifo_base_inst/gen_cdc_pntr.wr_pntr_cdc_inst/dest_graysync_ff_reg[0][5]
  -------------------------------------------------------------------
                         required time                          9.734    
                         arrival time                          -1.082    
  -------------------------------------------------------------------
                         slack                                  8.652    

Slack (MET) :             8.670ns  (required time - arrival time)
  Source:                 system_i/v_axi4s_vid_out_0/inst/COUPLER_INST/generate_async_fifo.FIFO_INST/XPM_FIFO_ASYNC_INST/gnuram_async_fifo.xpm_fifo_base_inst/gen_cdc_pntr.wr_pntr_cdc_inst/src_gray_ff_reg[3]/C
                            (rising edge-triggered cell FDRE clocked by clk_fpga_0  {rise@0.000ns fall@5.000ns period=10.000ns})
  Destination:            system_i/v_axi4s_vid_out_0/inst/COUPLER_INST/generate_async_fifo.FIFO_INST/XPM_FIFO_ASYNC_INST/gnuram_async_fifo.xpm_fifo_base_inst/gen_cdc_pntr.wr_pntr_cdc_inst/dest_graysync_ff_reg[0][3]/D
                            (rising edge-triggered cell FDRE clocked by clk_out1_system_clk_wiz_0_0  {rise@0.000ns fall@19.858ns period=39.716ns})
  Path Group:             clk_out1_system_clk_wiz_0_0
  Path Type:              Setup (Max at Slow Process Corner)
  Requirement:            10.000ns  (MaxDelay Path 10.000ns)
  Data Path Delay:        1.063ns  (logic 0.419ns (39.404%)  route 0.644ns (60.596%))
  Logic Levels:           0  
  Timing Exception:       MaxDelay Path 10.000ns -datapath_only

    Location             Delay type                Incr(ns)  Path(ns)    Netlist Resource(s)
  -------------------------------------------------------------------    -------------------
    SLICE_X39Y82                                      0.000     0.000 r  system_i/v_axi4s_vid_out_0/inst/COUPLER_INST/generate_async_fifo.FIFO_INST/XPM_FIFO_ASYNC_INST/gnuram_async_fifo.xpm_fifo_base_inst/gen_cdc_pntr.wr_pntr_cdc_inst/src_gray_ff_reg[3]/C
    SLICE_X39Y82         FDRE (Prop_fdre_C_Q)         0.419     0.419 r  system_i/v_axi4s_vid_out_0/inst/COUPLER_INST/generate_async_fifo.FIFO_INST/XPM_FIFO_ASYNC_INST/gnuram_async_fifo.xpm_fifo_base_inst/gen_cdc_pntr.wr_pntr_cdc_inst/src_gray_ff_reg[3]/Q
                         net (fo=1, routed)           0.644     1.063    system_i/v_axi4s_vid_out_0/inst/COUPLER_INST/generate_async_fifo.FIFO_INST/XPM_FIFO_ASYNC_INST/gnuram_async_fifo.xpm_fifo_base_inst/gen_cdc_pntr.wr_pntr_cdc_inst/async_path[3]
    SLICE_X40Y82         FDRE                                         r  system_i/v_axi4s_vid_out_0/inst/COUPLER_INST/generate_async_fifo.FIFO_INST/XPM_FIFO_ASYNC_INST/gnuram_async_fifo.xpm_fifo_base_inst/gen_cdc_pntr.wr_pntr_cdc_inst/dest_graysync_ff_reg[0][3]/D
  -------------------------------------------------------------------    -------------------

                         max delay                   10.000    10.000    
    SLICE_X40Y82         FDRE (Setup_fdre_C_D)       -0.267     9.733    system_i/v_axi4s_vid_out_0/inst/COUPLER_INST/generate_async_fifo.FIFO_INST/XPM_FIFO_ASYNC_INST/gnuram_async_fifo.xpm_fifo_base_inst/gen_cdc_pntr.wr_pntr_cdc_inst/dest_graysync_ff_reg[0][3]
  -------------------------------------------------------------------
                         required time                          9.733    
                         arrival time                          -1.063    
  -------------------------------------------------------------------
                         slack                                  8.670    

Slack (MET) :             8.675ns  (required time - arrival time)
  Source:                 system_i/v_axi4s_vid_out_0/inst/COUPLER_INST/generate_async_fifo.FIFO_INST/XPM_FIFO_ASYNC_INST/gnuram_async_fifo.xpm_fifo_base_inst/gen_cdc_pntr.wr_pntr_cdc_dc_inst/src_gray_ff_reg[1]/C
                            (rising edge-triggered cell FDRE clocked by clk_fpga_0  {rise@0.000ns fall@5.000ns period=10.000ns})
  Destination:            system_i/v_axi4s_vid_out_0/inst/COUPLER_INST/generate_async_fifo.FIFO_INST/XPM_FIFO_ASYNC_INST/gnuram_async_fifo.xpm_fifo_base_inst/gen_cdc_pntr.wr_pntr_cdc_dc_inst/dest_graysync_ff_reg[0][1]/D
                            (rising edge-triggered cell FDRE clocked by clk_out1_system_clk_wiz_0_0  {rise@0.000ns fall@19.858ns period=39.716ns})
  Path Group:             clk_out1_system_clk_wiz_0_0
  Path Type:              Setup (Max at Slow Process Corner)
  Requirement:            10.000ns  (MaxDelay Path 10.000ns)
  Data Path Delay:        1.055ns  (logic 0.419ns (39.734%)  route 0.636ns (60.266%))
  Logic Levels:           0  
  Timing Exception:       MaxDelay Path 10.000ns -datapath_only

    Location             Delay type                Incr(ns)  Path(ns)    Netlist Resource(s)
  -------------------------------------------------------------------    -------------------
    SLICE_X39Y83                                      0.000     0.000 r  system_i/v_axi4s_vid_out_0/inst/COUPLER_INST/generate_async_fifo.FIFO_INST/XPM_FIFO_ASYNC_INST/gnuram_async_fifo.xpm_fifo_base_inst/gen_cdc_pntr.wr_pntr_cdc_dc_inst/src_gray_ff_reg[1]/C
    SLICE_X39Y83         FDRE (Prop_fdre_C_Q)         0.419     0.419 r  system_i/v_axi4s_vid_out_0/inst/COUPLER_INST/generate_async_fifo.FIFO_INST/XPM_FIFO_ASYNC_INST/gnuram_async_fifo.xpm_fifo_base_inst/gen_cdc_pntr.wr_pntr_cdc_dc_inst/src_gray_ff_reg[1]/Q
                         net (fo=1, routed)           0.636     1.055    system_i/v_axi4s_vid_out_0/inst/COUPLER_INST/generate_async_fifo.FIFO_INST/XPM_FIFO_ASYNC_INST/gnuram_async_fifo.xpm_fifo_base_inst/gen_cdc_pntr.wr_pntr_cdc_dc_inst/async_path[1]
    SLICE_X40Y84         FDRE                                         r  system_i/v_axi4s_vid_out_0/inst/COUPLER_INST/generate_async_fifo.FIFO_INST/XPM_FIFO_ASYNC_INST/gnuram_async_fifo.xpm_fifo_base_inst/gen_cdc_pntr.wr_pntr_cdc_dc_inst/dest_graysync_ff_reg[0][1]/D
  -------------------------------------------------------------------    -------------------

                         max delay                   10.000    10.000    
    SLICE_X40Y84         FDRE (Setup_fdre_C_D)       -0.270     9.730    system_i/v_axi4s_vid_out_0/inst/COUPLER_INST/generate_async_fifo.FIFO_INST/XPM_FIFO_ASYNC_INST/gnuram_async_fifo.xpm_fifo_base_inst/gen_cdc_pntr.wr_pntr_cdc_dc_inst/dest_graysync_ff_reg[0][1]
  -------------------------------------------------------------------
                         required time                          9.730    
                         arrival time                          -1.055    
  -------------------------------------------------------------------
                         slack                                  8.675    

Slack (MET) :             8.730ns  (required time - arrival time)
  Source:                 system_i/v_axi4s_vid_out_0/inst/COUPLER_INST/generate_async_fifo.FIFO_INST/XPM_FIFO_ASYNC_INST/gnuram_async_fifo.xpm_fifo_base_inst/gen_cdc_pntr.wr_pntr_cdc_inst/src_gray_ff_reg[0]/C
                            (rising edge-triggered cell FDRE clocked by clk_fpga_0  {rise@0.000ns fall@5.000ns period=10.000ns})
  Destination:            system_i/v_axi4s_vid_out_0/inst/COUPLER_INST/generate_async_fifo.FIFO_INST/XPM_FIFO_ASYNC_INST/gnuram_async_fifo.xpm_fifo_base_inst/gen_cdc_pntr.wr_pntr_cdc_inst/dest_graysync_ff_reg[0][0]/D
                            (rising edge-triggered cell FDRE clocked by clk_out1_system_clk_wiz_0_0  {rise@0.000ns fall@19.858ns period=39.716ns})
  Path Group:             clk_out1_system_clk_wiz_0_0
  Path Type:              Setup (Max at Slow Process Corner)
  Requirement:            10.000ns  (MaxDelay Path 10.000ns)
  Data Path Delay:        1.175ns  (logic 0.456ns (38.799%)  route 0.719ns (61.201%))
  Logic Levels:           0  
  Timing Exception:       MaxDelay Path 10.000ns -datapath_only

    Location             Delay type                Incr(ns)  Path(ns)    Netlist Resource(s)
  -------------------------------------------------------------------    -------------------
    SLICE_X39Y82                                      0.000     0.000 r  system_i/v_axi4s_vid_out_0/inst/COUPLER_INST/generate_async_fifo.FIFO_INST/XPM_FIFO_ASYNC_INST/gnuram_async_fifo.xpm_fifo_base_inst/gen_cdc_pntr.wr_pntr_cdc_inst/src_gray_ff_reg[0]/C
    SLICE_X39Y82         FDRE (Prop_fdre_C_Q)         0.456     0.456 r  system_i/v_axi4s_vid_out_0/inst/COUPLER_INST/generate_async_fifo.FIFO_INST/XPM_FIFO_ASYNC_INST/gnuram_async_fifo.xpm_fifo_base_inst/gen_cdc_pntr.wr_pntr_cdc_inst/src_gray_ff_reg[0]/Q
                         net (fo=1, routed)           0.719     1.175    system_i/v_axi4s_vid_out_0/inst/COUPLER_INST/generate_async_fifo.FIFO_INST/XPM_FIFO_ASYNC_INST/gnuram_async_fifo.xpm_fifo_base_inst/gen_cdc_pntr.wr_pntr_cdc_inst/async_path[0]
    SLICE_X39Y81         FDRE                                         r  system_i/v_axi4s_vid_out_0/inst/COUPLER_INST/generate_async_fifo.FIFO_INST/XPM_FIFO_ASYNC_INST/gnuram_async_fifo.xpm_fifo_base_inst/gen_cdc_pntr.wr_pntr_cdc_inst/dest_graysync_ff_reg[0][0]/D
  -------------------------------------------------------------------    -------------------

                         max delay                   10.000    10.000    
    SLICE_X39Y81         FDRE (Setup_fdre_C_D)       -0.095     9.905    system_i/v_axi4s_vid_out_0/inst/COUPLER_INST/generate_async_fifo.FIFO_INST/XPM_FIFO_ASYNC_INST/gnuram_async_fifo.xpm_fifo_base_inst/gen_cdc_pntr.wr_pntr_cdc_inst/dest_graysync_ff_reg[0][0]
  -------------------------------------------------------------------
                         required time                          9.905    
                         arrival time                          -1.175    
  -------------------------------------------------------------------
                         slack                                  8.730    

Slack (MET) :             8.732ns  (required time - arrival time)
  Source:                 system_i/v_axi4s_vid_out_0/inst/COUPLER_INST/generate_async_fifo.FIFO_INST/XPM_FIFO_ASYNC_INST/gnuram_async_fifo.xpm_fifo_base_inst/gen_cdc_pntr.wr_pntr_cdc_dc_inst/src_gray_ff_reg[11]/C
                            (rising edge-triggered cell FDRE clocked by clk_fpga_0  {rise@0.000ns fall@5.000ns period=10.000ns})
  Destination:            system_i/v_axi4s_vid_out_0/inst/COUPLER_INST/generate_async_fifo.FIFO_INST/XPM_FIFO_ASYNC_INST/gnuram_async_fifo.xpm_fifo_base_inst/gen_cdc_pntr.wr_pntr_cdc_dc_inst/dest_graysync_ff_reg[0][11]/D
                            (rising edge-triggered cell FDRE clocked by clk_out1_system_clk_wiz_0_0  {rise@0.000ns fall@19.858ns period=39.716ns})
  Path Group:             clk_out1_system_clk_wiz_0_0
  Path Type:              Setup (Max at Slow Process Corner)
  Requirement:            10.000ns  (MaxDelay Path 10.000ns)
  Data Path Delay:        1.000ns  (logic 0.419ns (41.891%)  route 0.581ns (58.109%))
  Logic Levels:           0  
  Timing Exception:       MaxDelay Path 10.000ns -datapath_only

    Location             Delay type                Incr(ns)  Path(ns)    Netlist Resource(s)
  -------------------------------------------------------------------    -------------------
    SLICE_X45Y88                                      0.000     0.000 r  system_i/v_axi4s_vid_out_0/inst/COUPLER_INST/generate_async_fifo.FIFO_INST/XPM_FIFO_ASYNC_INST/gnuram_async_fifo.xpm_fifo_base_inst/gen_cdc_pntr.wr_pntr_cdc_dc_inst/src_gray_ff_reg[11]/C
    SLICE_X45Y88         FDRE (Prop_fdre_C_Q)         0.419     0.419 r  system_i/v_axi4s_vid_out_0/inst/COUPLER_INST/generate_async_fifo.FIFO_INST/XPM_FIFO_ASYNC_INST/gnuram_async_fifo.xpm_fifo_base_inst/gen_cdc_pntr.wr_pntr_cdc_dc_inst/src_gray_ff_reg[11]/Q
                         net (fo=1, routed)           0.581     1.000    system_i/v_axi4s_vid_out_0/inst/COUPLER_INST/generate_async_fifo.FIFO_INST/XPM_FIFO_ASYNC_INST/gnuram_async_fifo.xpm_fifo_base_inst/gen_cdc_pntr.wr_pntr_cdc_dc_inst/async_path[11]
    SLICE_X49Y87         FDRE                                         r  system_i/v_axi4s_vid_out_0/inst/COUPLER_INST/generate_async_fifo.FIFO_INST/XPM_FIFO_ASYNC_INST/gnuram_async_fifo.xpm_fifo_base_inst/gen_cdc_pntr.wr_pntr_cdc_dc_inst/dest_graysync_ff_reg[0][11]/D
  -------------------------------------------------------------------    -------------------

                         max delay                   10.000    10.000    
    SLICE_X49Y87         FDRE (Setup_fdre_C_D)       -0.268     9.732    system_i/v_axi4s_vid_out_0/inst/COUPLER_INST/generate_async_fifo.FIFO_INST/XPM_FIFO_ASYNC_INST/gnuram_async_fifo.xpm_fifo_base_inst/gen_cdc_pntr.wr_pntr_cdc_dc_inst/dest_graysync_ff_reg[0][11]
  -------------------------------------------------------------------
                         required time                          9.732    
                         arrival time                          -1.000    
  -------------------------------------------------------------------
                         slack                                  8.732    

Slack (MET) :             8.756ns  (required time - arrival time)
  Source:                 system_i/v_axi4s_vid_out_0/inst/COUPLER_INST/generate_async_fifo.FIFO_INST/XPM_FIFO_ASYNC_INST/gnuram_async_fifo.xpm_fifo_base_inst/gen_cdc_pntr.wr_pntr_cdc_dc_inst/src_gray_ff_reg[10]/C
                            (rising edge-triggered cell FDRE clocked by clk_fpga_0  {rise@0.000ns fall@5.000ns period=10.000ns})
  Destination:            system_i/v_axi4s_vid_out_0/inst/COUPLER_INST/generate_async_fifo.FIFO_INST/XPM_FIFO_ASYNC_INST/gnuram_async_fifo.xpm_fifo_base_inst/gen_cdc_pntr.wr_pntr_cdc_dc_inst/dest_graysync_ff_reg[0][10]/D
                            (rising edge-triggered cell FDRE clocked by clk_out1_system_clk_wiz_0_0  {rise@0.000ns fall@19.858ns period=39.716ns})
  Path Group:             clk_out1_system_clk_wiz_0_0
  Path Type:              Setup (Max at Slow Process Corner)
  Requirement:            10.000ns  (MaxDelay Path 10.000ns)
  Data Path Delay:        1.186ns  (logic 0.456ns (38.440%)  route 0.730ns (61.560%))
  Logic Levels:           0  
  Timing Exception:       MaxDelay Path 10.000ns -datapath_only

    Location             Delay type                Incr(ns)  Path(ns)    Netlist Resource(s)
  -------------------------------------------------------------------    -------------------
    SLICE_X45Y88                                      0.000     0.000 r  system_i/v_axi4s_vid_out_0/inst/COUPLER_INST/generate_async_fifo.FIFO_INST/XPM_FIFO_ASYNC_INST/gnuram_async_fifo.xpm_fifo_base_inst/gen_cdc_pntr.wr_pntr_cdc_dc_inst/src_gray_ff_reg[10]/C
    SLICE_X45Y88         FDRE (Prop_fdre_C_Q)         0.456     0.456 r  system_i/v_axi4s_vid_out_0/inst/COUPLER_INST/generate_async_fifo.FIFO_INST/XPM_FIFO_ASYNC_INST/gnuram_async_fifo.xpm_fifo_base_inst/gen_cdc_pntr.wr_pntr_cdc_dc_inst/src_gray_ff_reg[10]/Q
                         net (fo=1, routed)           0.730     1.186    system_i/v_axi4s_vid_out_0/inst/COUPLER_INST/generate_async_fifo.FIFO_INST/XPM_FIFO_ASYNC_INST/gnuram_async_fifo.xpm_fifo_base_inst/gen_cdc_pntr.wr_pntr_cdc_dc_inst/async_path[10]
    SLICE_X46Y86         FDRE                                         r  system_i/v_axi4s_vid_out_0/inst/COUPLER_INST/generate_async_fifo.FIFO_INST/XPM_FIFO_ASYNC_INST/gnuram_async_fifo.xpm_fifo_base_inst/gen_cdc_pntr.wr_pntr_cdc_dc_inst/dest_graysync_ff_reg[0][10]/D
  -------------------------------------------------------------------    -------------------

                         max delay                   10.000    10.000    
    SLICE_X46Y86         FDRE (Setup_fdre_C_D)       -0.058     9.942    system_i/v_axi4s_vid_out_0/inst/COUPLER_INST/generate_async_fifo.FIFO_INST/XPM_FIFO_ASYNC_INST/gnuram_async_fifo.xpm_fifo_base_inst/gen_cdc_pntr.wr_pntr_cdc_dc_inst/dest_graysync_ff_reg[0][10]
  -------------------------------------------------------------------
                         required time                          9.942    
                         arrival time                          -1.186    
  -------------------------------------------------------------------
                         slack                                  8.756    





--------------------------------------------------------------------------------------
Path Group:  (none)
From Clock:  
  To Clock:  clk_fpga_0

Max Delay             5 Endpoints
Min Delay             5 Endpoints
--------------------------------------------------------------------------------------


Max Delay Paths
--------------------------------------------------------------------------------------
Slack:                    inf
  Source:                 btns_4bits_tri_i[1]
                            (input port)
  Destination:            system_i/axi_gpio_0/U0/gpio_core_1/Not_Dual.INPUT_DOUBLE_REGS3/syncstages_ff_reg[0][1]/D
                            (rising edge-triggered cell FDRE clocked by clk_fpga_0  {rise@0.000ns fall@5.000ns period=10.000ns})
  Path Group:             (none)
  Path Type:              Setup (Max at Slow Process Corner)
  Data Path Delay:        5.510ns  (logic 1.485ns (26.945%)  route 4.025ns (73.055%))
  Logic Levels:           1  (IBUF=1)
  Clock Path Skew:        2.656ns (DCD - SCD + CPR)
    Destination Clock Delay (DCD):    2.656ns
    Source Clock Delay      (SCD):    0.000ns
    Clock Pessimism Removal (CPR):    0.000ns
  Clock Uncertainty:      0.152ns  ((TSJ^2 + TIJ^2)^1/2 + DJ) / 2 + PE
    Total System Jitter     (TSJ):    0.050ns
    Total Input Jitter      (TIJ):    0.300ns
    Discrete Jitter          (DJ):    0.000ns
    Phase Error              (PE):    0.000ns
  Timing Exception:       False Path

    Location             Delay type                Incr(ns)  Path(ns)    Netlist Resource(s)
  -------------------------------------------------------------------    -------------------
    P16                                               0.000     0.000 r  btns_4bits_tri_i[1] (IN)
                         net (fo=0)                   0.000     0.000    btns_4bits_tri_i[1]
    P16                  IBUF (Prop_ibuf_I_O)         1.485     1.485 r  btns_4bits_tri_i_IBUF[1]_inst/O
                         net (fo=1, routed)           4.025     5.510    system_i/axi_gpio_0/U0/gpio_core_1/Not_Dual.INPUT_DOUBLE_REGS3/async_path_bit[1]
    SLICE_X45Y91         FDRE                                         r  system_i/axi_gpio_0/U0/gpio_core_1/Not_Dual.INPUT_DOUBLE_REGS3/syncstages_ff_reg[0][1]/D
  -------------------------------------------------------------------    -------------------

                         (clock clk_fpga_0 rise edge)
                                                      0.000     0.000 r  
    PS7_X0Y0             PS7                          0.000     0.000 r  system_i/processing_system7_0/inst/PS7_i/FCLKCLK[0]
                         net (fo=1, routed)           1.088     1.088    system_i/processing_system7_0/inst/FCLK_CLK_unbuffered[0]
    BUFGCTRL_X0Y16       BUFG (Prop_bufg_I_O)         0.091     1.179 r  system_i/processing_system7_0/inst/buffer_fclk_clk_0.FCLK_CLK_0_BUFG/O
                         net (fo=2984, routed)        1.477     2.656    system_i/axi_gpio_0/U0/gpio_core_1/Not_Dual.INPUT_DOUBLE_REGS3/dest_clk
    SLICE_X45Y91         FDRE                                         r  system_i/axi_gpio_0/U0/gpio_core_1/Not_Dual.INPUT_DOUBLE_REGS3/syncstages_ff_reg[0][1]/C

Slack:                    inf
  Source:                 btns_4bits_tri_i[2]
                            (input port)
  Destination:            system_i/axi_gpio_0/U0/gpio_core_1/Not_Dual.INPUT_DOUBLE_REGS3/syncstages_ff_reg[0][2]/D
                            (rising edge-triggered cell FDRE clocked by clk_fpga_0  {rise@0.000ns fall@5.000ns period=10.000ns})
  Path Group:             (none)
  Path Type:              Setup (Max at Slow Process Corner)
  Data Path Delay:        5.292ns  (logic 1.510ns (28.534%)  route 3.782ns (71.466%))
  Logic Levels:           1  (IBUF=1)
  Clock Path Skew:        2.657ns (DCD - SCD + CPR)
    Destination Clock Delay (DCD):    2.657ns
    Source Clock Delay      (SCD):    0.000ns
    Clock Pessimism Removal (CPR):    0.000ns
  Clock Uncertainty:      0.152ns  ((TSJ^2 + TIJ^2)^1/2 + DJ) / 2 + PE
    Total System Jitter     (TSJ):    0.050ns
    Total Input Jitter      (TIJ):    0.300ns
    Discrete Jitter          (DJ):    0.000ns
    Phase Error              (PE):    0.000ns
  Timing Exception:       False Path

    Location             Delay type                Incr(ns)  Path(ns)    Netlist Resource(s)
  -------------------------------------------------------------------    -------------------
    K19                                               0.000     0.000 r  btns_4bits_tri_i[2] (IN)
                         net (fo=0)                   0.000     0.000    btns_4bits_tri_i[2]
    K19                  IBUF (Prop_ibuf_I_O)         1.510     1.510 r  btns_4bits_tri_i_IBUF[2]_inst/O
                         net (fo=1, routed)           3.782     5.292    system_i/axi_gpio_0/U0/gpio_core_1/Not_Dual.INPUT_DOUBLE_REGS3/async_path_bit[2]
    SLICE_X44Y94         FDRE                                         r  system_i/axi_gpio_0/U0/gpio_core_1/Not_Dual.INPUT_DOUBLE_REGS3/syncstages_ff_reg[0][2]/D
  -------------------------------------------------------------------    -------------------

                         (clock clk_fpga_0 rise edge)
                                                      0.000     0.000 r  
    PS7_X0Y0             PS7                          0.000     0.000 r  system_i/processing_system7_0/inst/PS7_i/FCLKCLK[0]
                         net (fo=1, routed)           1.088     1.088    system_i/processing_system7_0/inst/FCLK_CLK_unbuffered[0]
    BUFGCTRL_X0Y16       BUFG (Prop_bufg_I_O)         0.091     1.179 r  system_i/processing_system7_0/inst/buffer_fclk_clk_0.FCLK_CLK_0_BUFG/O
                         net (fo=2984, routed)        1.478     2.657    system_i/axi_gpio_0/U0/gpio_core_1/Not_Dual.INPUT_DOUBLE_REGS3/dest_clk
    SLICE_X44Y94         FDRE                                         r  system_i/axi_gpio_0/U0/gpio_core_1/Not_Dual.INPUT_DOUBLE_REGS3/syncstages_ff_reg[0][2]/C

Slack:                    inf
  Source:                 btns_4bits_tri_i[0]
                            (input port)
  Destination:            system_i/axi_gpio_0/U0/gpio_core_1/Not_Dual.INPUT_DOUBLE_REGS3/syncstages_ff_reg[0][0]/D
                            (rising edge-triggered cell FDRE clocked by clk_fpga_0  {rise@0.000ns fall@5.000ns period=10.000ns})
  Path Group:             (none)
  Path Type:              Setup (Max at Slow Process Corner)
  Data Path Delay:        4.980ns  (logic 1.489ns (29.896%)  route 3.491ns (70.104%))
  Logic Levels:           1  (IBUF=1)
  Clock Path Skew:        2.832ns (DCD - SCD + CPR)
    Destination Clock Delay (DCD):    2.832ns
    Source Clock Delay      (SCD):    0.000ns
    Clock Pessimism Removal (CPR):    0.000ns
  Clock Uncertainty:      0.152ns  ((TSJ^2 + TIJ^2)^1/2 + DJ) / 2 + PE
    Total System Jitter     (TSJ):    0.050ns
    Total Input Jitter      (TIJ):    0.300ns
    Discrete Jitter          (DJ):    0.000ns
    Phase Error              (PE):    0.000ns
  Timing Exception:       False Path

    Location             Delay type                Incr(ns)  Path(ns)    Netlist Resource(s)
  -------------------------------------------------------------------    -------------------
    K18                                               0.000     0.000 r  btns_4bits_tri_i[0] (IN)
                         net (fo=0)                   0.000     0.000    btns_4bits_tri_i[0]
    K18                  IBUF (Prop_ibuf_I_O)         1.489     1.489 r  btns_4bits_tri_i_IBUF[0]_inst/O
                         net (fo=1, routed)           3.491     4.980    system_i/axi_gpio_0/U0/gpio_core_1/Not_Dual.INPUT_DOUBLE_REGS3/async_path_bit[0]
    SLICE_X44Y100        FDRE                                         r  system_i/axi_gpio_0/U0/gpio_core_1/Not_Dual.INPUT_DOUBLE_REGS3/syncstages_ff_reg[0][0]/D
  -------------------------------------------------------------------    -------------------

                         (clock clk_fpga_0 rise edge)
                                                      0.000     0.000 r  
    PS7_X0Y0             PS7                          0.000     0.000 r  system_i/processing_system7_0/inst/PS7_i/FCLKCLK[0]
                         net (fo=1, routed)           1.088     1.088    system_i/processing_system7_0/inst/FCLK_CLK_unbuffered[0]
    BUFGCTRL_X0Y16       BUFG (Prop_bufg_I_O)         0.091     1.179 r  system_i/processing_system7_0/inst/buffer_fclk_clk_0.FCLK_CLK_0_BUFG/O
                         net (fo=2984, routed)        1.653     2.832    system_i/axi_gpio_0/U0/gpio_core_1/Not_Dual.INPUT_DOUBLE_REGS3/dest_clk
    SLICE_X44Y100        FDRE                                         r  system_i/axi_gpio_0/U0/gpio_core_1/Not_Dual.INPUT_DOUBLE_REGS3/syncstages_ff_reg[0][0]/C

Slack:                    inf
  Source:                 btns_4bits_tri_i[3]
                            (input port)
  Destination:            system_i/axi_gpio_0/U0/gpio_core_1/Not_Dual.INPUT_DOUBLE_REGS3/syncstages_ff_reg[0][3]/D
                            (rising edge-triggered cell FDRE clocked by clk_fpga_0  {rise@0.000ns fall@5.000ns period=10.000ns})
  Path Group:             (none)
  Path Type:              Setup (Max at Slow Process Corner)
  Data Path Delay:        4.588ns  (logic 1.569ns (34.198%)  route 3.019ns (65.802%))
  Logic Levels:           1  (IBUF=1)
  Clock Path Skew:        2.656ns (DCD - SCD + CPR)
    Destination Clock Delay (DCD):    2.656ns
    Source Clock Delay      (SCD):    0.000ns
    Clock Pessimism Removal (CPR):    0.000ns
  Clock Uncertainty:      0.152ns  ((TSJ^2 + TIJ^2)^1/2 + DJ) / 2 + PE
    Total System Jitter     (TSJ):    0.050ns
    Total Input Jitter      (TIJ):    0.300ns
    Discrete Jitter          (DJ):    0.000ns
    Phase Error              (PE):    0.000ns
  Timing Exception:       False Path

    Location             Delay type                Incr(ns)  Path(ns)    Netlist Resource(s)
  -------------------------------------------------------------------    -------------------
    Y16                                               0.000     0.000 r  btns_4bits_tri_i[3] (IN)
                         net (fo=0)                   0.000     0.000    btns_4bits_tri_i[3]
    Y16                  IBUF (Prop_ibuf_I_O)         1.569     1.569 r  btns_4bits_tri_i_IBUF[3]_inst/O
                         net (fo=1, routed)           3.019     4.588    system_i/axi_gpio_0/U0/gpio_core_1/Not_Dual.INPUT_DOUBLE_REGS3/async_path_bit[3]
    SLICE_X44Y91         FDRE                                         r  system_i/axi_gpio_0/U0/gpio_core_1/Not_Dual.INPUT_DOUBLE_REGS3/syncstages_ff_reg[0][3]/D
  -------------------------------------------------------------------    -------------------

                         (clock clk_fpga_0 rise edge)
                                                      0.000     0.000 r  
    PS7_X0Y0             PS7                          0.000     0.000 r  system_i/processing_system7_0/inst/PS7_i/FCLKCLK[0]
                         net (fo=1, routed)           1.088     1.088    system_i/processing_system7_0/inst/FCLK_CLK_unbuffered[0]
    BUFGCTRL_X0Y16       BUFG (Prop_bufg_I_O)         0.091     1.179 r  system_i/processing_system7_0/inst/buffer_fclk_clk_0.FCLK_CLK_0_BUFG/O
                         net (fo=2984, routed)        1.477     2.656    system_i/axi_gpio_0/U0/gpio_core_1/Not_Dual.INPUT_DOUBLE_REGS3/dest_clk
    SLICE_X44Y91         FDRE                                         r  system_i/axi_gpio_0/U0/gpio_core_1/Not_Dual.INPUT_DOUBLE_REGS3/syncstages_ff_reg[0][3]/C

Slack:                    inf
  Source:                 system_i/processing_system7_0/inst/PS7_i/FCLKRESETN[0]
                            (internal pin)
  Destination:            system_i/rst_100M/U0/EXT_LPF/ACTIVE_LOW_EXT.ACT_LO_EXT/syncstages_ff_reg[0]/D
                            (rising edge-triggered cell FDRE clocked by clk_fpga_0  {rise@0.000ns fall@5.000ns period=10.000ns})
  Path Group:             (none)
  Path Type:              Setup (Max at Slow Process Corner)
  Data Path Delay:        1.648ns  (logic 0.124ns (7.525%)  route 1.524ns (92.475%))
  Logic Levels:           1  (LUT1=1)
  Clock Uncertainty:      0.152ns  ((TSJ^2 + TIJ^2)^1/2 + DJ) / 2 + PE
    Total System Jitter     (TSJ):    0.050ns
    Total Input Jitter      (TIJ):    0.300ns
    Discrete Jitter          (DJ):    0.000ns
    Phase Error              (PE):    0.000ns
  Timing Exception:       False Path

    Location             Delay type                Incr(ns)  Path(ns)    Netlist Resource(s)
  -------------------------------------------------------------------    -------------------
    PS7_X0Y0             PS7                          0.000     0.000 f  system_i/processing_system7_0/inst/PS7_i/FCLKRESETN[0]
                         net (fo=3, routed)           1.524     1.524    system_i/rst_100M/U0/EXT_LPF/ext_reset_in
    SLICE_X46Y101        LUT1 (Prop_lut1_I0_O)        0.124     1.648 r  system_i/rst_100M/U0/EXT_LPF/ACTIVE_LOW_EXT.ACT_LO_EXT_i_1/O
                         net (fo=1, routed)           0.000     1.648    system_i/rst_100M/U0/EXT_LPF/ACTIVE_LOW_EXT.ACT_LO_EXT/src_in
    SLICE_X46Y101        FDRE                                         r  system_i/rst_100M/U0/EXT_LPF/ACTIVE_LOW_EXT.ACT_LO_EXT/syncstages_ff_reg[0]/D
  -------------------------------------------------------------------    -------------------

                         (clock clk_fpga_0 rise edge)
                                                      0.000     0.000 r  
    PS7_X0Y0             PS7                          0.000     0.000 r  system_i/processing_system7_0/inst/PS7_i/FCLKCLK[0]
                         net (fo=1, routed)           1.088     1.088    system_i/processing_system7_0/inst/FCLK_CLK_unbuffered[0]
    BUFGCTRL_X0Y16       BUFG (Prop_bufg_I_O)         0.091     1.179 r  system_i/processing_system7_0/inst/buffer_fclk_clk_0.FCLK_CLK_0_BUFG/O
                         net (fo=2984, routed)        1.653     2.832    system_i/rst_100M/U0/EXT_LPF/ACTIVE_LOW_EXT.ACT_LO_EXT/dest_clk
    SLICE_X46Y101        FDRE                                         r  system_i/rst_100M/U0/EXT_LPF/ACTIVE_LOW_EXT.ACT_LO_EXT/syncstages_ff_reg[0]/C





Min Delay Paths
--------------------------------------------------------------------------------------
Slack:                    inf
  Source:                 system_i/processing_system7_0/inst/PS7_i/FCLKRESETN[0]
                            (internal pin)
  Destination:            system_i/rst_100M/U0/EXT_LPF/ACTIVE_LOW_EXT.ACT_LO_EXT/syncstages_ff_reg[0]/D
                            (rising edge-triggered cell FDRE clocked by clk_fpga_0  {rise@0.000ns fall@5.000ns period=10.000ns})
  Path Group:             (none)
  Path Type:              Hold (Min at Fast Process Corner)
  Data Path Delay:        0.712ns  (logic 0.045ns (6.322%)  route 0.667ns (93.678%))
  Logic Levels:           1  (LUT1=1)
  Clock Uncertainty:      0.152ns  ((TSJ^2 + TIJ^2)^1/2 + DJ) / 2 + PE
    Total System Jitter     (TSJ):    0.050ns
    Total Input Jitter      (TIJ):    0.300ns
    Discrete Jitter          (DJ):    0.000ns
    Phase Error              (PE):    0.000ns
  Timing Exception:       False Path

    Location             Delay type                Incr(ns)  Path(ns)    Netlist Resource(s)
  -------------------------------------------------------------------    -------------------
    PS7_X0Y0             PS7                          0.000     0.000 f  system_i/processing_system7_0/inst/PS7_i/FCLKRESETN[0]
                         net (fo=3, routed)           0.667     0.667    system_i/rst_100M/U0/EXT_LPF/ext_reset_in
    SLICE_X46Y101        LUT1 (Prop_lut1_I0_O)        0.045     0.712 r  system_i/rst_100M/U0/EXT_LPF/ACTIVE_LOW_EXT.ACT_LO_EXT_i_1/O
                         net (fo=1, routed)           0.000     0.712    system_i/rst_100M/U0/EXT_LPF/ACTIVE_LOW_EXT.ACT_LO_EXT/src_in
    SLICE_X46Y101        FDRE                                         r  system_i/rst_100M/U0/EXT_LPF/ACTIVE_LOW_EXT.ACT_LO_EXT/syncstages_ff_reg[0]/D
  -------------------------------------------------------------------    -------------------

                         (clock clk_fpga_0 rise edge)
                                                      0.000     0.000 r  
    PS7_X0Y0             PS7                          0.000     0.000 r  system_i/processing_system7_0/inst/PS7_i/FCLKCLK[0]
                         net (fo=1, routed)           0.337     0.337    system_i/processing_system7_0/inst/FCLK_CLK_unbuffered[0]
    BUFGCTRL_X0Y16       BUFG (Prop_bufg_I_O)         0.029     0.366 r  system_i/processing_system7_0/inst/buffer_fclk_clk_0.FCLK_CLK_0_BUFG/O
                         net (fo=2984, routed)        0.911     1.277    system_i/rst_100M/U0/EXT_LPF/ACTIVE_LOW_EXT.ACT_LO_EXT/dest_clk
    SLICE_X46Y101        FDRE                                         r  system_i/rst_100M/U0/EXT_LPF/ACTIVE_LOW_EXT.ACT_LO_EXT/syncstages_ff_reg[0]/C

Slack:                    inf
  Source:                 btns_4bits_tri_i[3]
                            (input port)
  Destination:            system_i/axi_gpio_0/U0/gpio_core_1/Not_Dual.INPUT_DOUBLE_REGS3/syncstages_ff_reg[0][3]/D
                            (rising edge-triggered cell FDRE clocked by clk_fpga_0  {rise@0.000ns fall@5.000ns period=10.000ns})
  Path Group:             (none)
  Path Type:              Hold (Min at Fast Process Corner)
  Data Path Delay:        1.749ns  (logic 0.336ns (19.213%)  route 1.413ns (80.787%))
  Logic Levels:           1  (IBUF=1)
  Clock Path Skew:        1.189ns (DCD - SCD - CPR)
    Destination Clock Delay (DCD):    1.189ns
    Source Clock Delay      (SCD):    0.000ns
    Clock Pessimism Removal (CPR):    -0.000ns
  Timing Exception:       False Path

    Location             Delay type                Incr(ns)  Path(ns)    Netlist Resource(s)
  -------------------------------------------------------------------    -------------------
    Y16                                               0.000     0.000 r  btns_4bits_tri_i[3] (IN)
                         net (fo=0)                   0.000     0.000    btns_4bits_tri_i[3]
    Y16                  IBUF (Prop_ibuf_I_O)         0.336     0.336 r  btns_4bits_tri_i_IBUF[3]_inst/O
                         net (fo=1, routed)           1.413     1.749    system_i/axi_gpio_0/U0/gpio_core_1/Not_Dual.INPUT_DOUBLE_REGS3/async_path_bit[3]
    SLICE_X44Y91         FDRE                                         r  system_i/axi_gpio_0/U0/gpio_core_1/Not_Dual.INPUT_DOUBLE_REGS3/syncstages_ff_reg[0][3]/D
  -------------------------------------------------------------------    -------------------

                         (clock clk_fpga_0 rise edge)
                                                      0.000     0.000 r  
    PS7_X0Y0             PS7                          0.000     0.000 r  system_i/processing_system7_0/inst/PS7_i/FCLKCLK[0]
                         net (fo=1, routed)           0.337     0.337    system_i/processing_system7_0/inst/FCLK_CLK_unbuffered[0]
    BUFGCTRL_X0Y16       BUFG (Prop_bufg_I_O)         0.029     0.366 r  system_i/processing_system7_0/inst/buffer_fclk_clk_0.FCLK_CLK_0_BUFG/O
                         net (fo=2984, routed)        0.823     1.189    system_i/axi_gpio_0/U0/gpio_core_1/Not_Dual.INPUT_DOUBLE_REGS3/dest_clk
    SLICE_X44Y91         FDRE                                         r  system_i/axi_gpio_0/U0/gpio_core_1/Not_Dual.INPUT_DOUBLE_REGS3/syncstages_ff_reg[0][3]/C

Slack:                    inf
  Source:                 btns_4bits_tri_i[0]
                            (input port)
  Destination:            system_i/axi_gpio_0/U0/gpio_core_1/Not_Dual.INPUT_DOUBLE_REGS3/syncstages_ff_reg[0][0]/D
                            (rising edge-triggered cell FDRE clocked by clk_fpga_0  {rise@0.000ns fall@5.000ns period=10.000ns})
  Path Group:             (none)
  Path Type:              Hold (Min at Fast Process Corner)
  Data Path Delay:        1.861ns  (logic 0.257ns (13.791%)  route 1.604ns (86.209%))
  Logic Levels:           1  (IBUF=1)
  Clock Path Skew:        1.277ns (DCD - SCD - CPR)
    Destination Clock Delay (DCD):    1.277ns
    Source Clock Delay      (SCD):    0.000ns
    Clock Pessimism Removal (CPR):    -0.000ns
  Timing Exception:       False Path

    Location             Delay type                Incr(ns)  Path(ns)    Netlist Resource(s)
  -------------------------------------------------------------------    -------------------
    K18                                               0.000     0.000 r  btns_4bits_tri_i[0] (IN)
                         net (fo=0)                   0.000     0.000    btns_4bits_tri_i[0]
    K18                  IBUF (Prop_ibuf_I_O)         0.257     0.257 r  btns_4bits_tri_i_IBUF[0]_inst/O
                         net (fo=1, routed)           1.604     1.861    system_i/axi_gpio_0/U0/gpio_core_1/Not_Dual.INPUT_DOUBLE_REGS3/async_path_bit[0]
    SLICE_X44Y100        FDRE                                         r  system_i/axi_gpio_0/U0/gpio_core_1/Not_Dual.INPUT_DOUBLE_REGS3/syncstages_ff_reg[0][0]/D
  -------------------------------------------------------------------    -------------------

                         (clock clk_fpga_0 rise edge)
                                                      0.000     0.000 r  
    PS7_X0Y0             PS7                          0.000     0.000 r  system_i/processing_system7_0/inst/PS7_i/FCLKCLK[0]
                         net (fo=1, routed)           0.337     0.337    system_i/processing_system7_0/inst/FCLK_CLK_unbuffered[0]
    BUFGCTRL_X0Y16       BUFG (Prop_bufg_I_O)         0.029     0.366 r  system_i/processing_system7_0/inst/buffer_fclk_clk_0.FCLK_CLK_0_BUFG/O
                         net (fo=2984, routed)        0.911     1.277    system_i/axi_gpio_0/U0/gpio_core_1/Not_Dual.INPUT_DOUBLE_REGS3/dest_clk
    SLICE_X44Y100        FDRE                                         r  system_i/axi_gpio_0/U0/gpio_core_1/Not_Dual.INPUT_DOUBLE_REGS3/syncstages_ff_reg[0][0]/C

Slack:                    inf
  Source:                 btns_4bits_tri_i[2]
                            (input port)
  Destination:            system_i/axi_gpio_0/U0/gpio_core_1/Not_Dual.INPUT_DOUBLE_REGS3/syncstages_ff_reg[0][2]/D
                            (rising edge-triggered cell FDRE clocked by clk_fpga_0  {rise@0.000ns fall@5.000ns period=10.000ns})
  Path Group:             (none)
  Path Type:              Hold (Min at Fast Process Corner)
  Data Path Delay:        2.088ns  (logic 0.278ns (13.299%)  route 1.810ns (86.701%))
  Logic Levels:           1  (IBUF=1)
  Clock Path Skew:        1.190ns (DCD - SCD - CPR)
    Destination Clock Delay (DCD):    1.190ns
    Source Clock Delay      (SCD):    0.000ns
    Clock Pessimism Removal (CPR):    -0.000ns
  Timing Exception:       False Path

    Location             Delay type                Incr(ns)  Path(ns)    Netlist Resource(s)
  -------------------------------------------------------------------    -------------------
    K19                                               0.000     0.000 r  btns_4bits_tri_i[2] (IN)
                         net (fo=0)                   0.000     0.000    btns_4bits_tri_i[2]
    K19                  IBUF (Prop_ibuf_I_O)         0.278     0.278 r  btns_4bits_tri_i_IBUF[2]_inst/O
                         net (fo=1, routed)           1.810     2.088    system_i/axi_gpio_0/U0/gpio_core_1/Not_Dual.INPUT_DOUBLE_REGS3/async_path_bit[2]
    SLICE_X44Y94         FDRE                                         r  system_i/axi_gpio_0/U0/gpio_core_1/Not_Dual.INPUT_DOUBLE_REGS3/syncstages_ff_reg[0][2]/D
  -------------------------------------------------------------------    -------------------

                         (clock clk_fpga_0 rise edge)
                                                      0.000     0.000 r  
    PS7_X0Y0             PS7                          0.000     0.000 r  system_i/processing_system7_0/inst/PS7_i/FCLKCLK[0]
                         net (fo=1, routed)           0.337     0.337    system_i/processing_system7_0/inst/FCLK_CLK_unbuffered[0]
    BUFGCTRL_X0Y16       BUFG (Prop_bufg_I_O)         0.029     0.366 r  system_i/processing_system7_0/inst/buffer_fclk_clk_0.FCLK_CLK_0_BUFG/O
                         net (fo=2984, routed)        0.824     1.190    system_i/axi_gpio_0/U0/gpio_core_1/Not_Dual.INPUT_DOUBLE_REGS3/dest_clk
    SLICE_X44Y94         FDRE                                         r  system_i/axi_gpio_0/U0/gpio_core_1/Not_Dual.INPUT_DOUBLE_REGS3/syncstages_ff_reg[0][2]/C

Slack:                    inf
  Source:                 btns_4bits_tri_i[1]
                            (input port)
  Destination:            system_i/axi_gpio_0/U0/gpio_core_1/Not_Dual.INPUT_DOUBLE_REGS3/syncstages_ff_reg[0][1]/D
                            (rising edge-triggered cell FDRE clocked by clk_fpga_0  {rise@0.000ns fall@5.000ns period=10.000ns})
  Path Group:             (none)
  Path Type:              Hold (Min at Fast Process Corner)
  Data Path Delay:        2.139ns  (logic 0.252ns (11.805%)  route 1.886ns (88.195%))
  Logic Levels:           1  (IBUF=1)
  Clock Path Skew:        1.189ns (DCD - SCD - CPR)
    Destination Clock Delay (DCD):    1.189ns
    Source Clock Delay      (SCD):    0.000ns
    Clock Pessimism Removal (CPR):    -0.000ns
  Timing Exception:       False Path

    Location             Delay type                Incr(ns)  Path(ns)    Netlist Resource(s)
  -------------------------------------------------------------------    -------------------
    P16                                               0.000     0.000 r  btns_4bits_tri_i[1] (IN)
                         net (fo=0)                   0.000     0.000    btns_4bits_tri_i[1]
    P16                  IBUF (Prop_ibuf_I_O)         0.252     0.252 r  btns_4bits_tri_i_IBUF[1]_inst/O
                         net (fo=1, routed)           1.886     2.139    system_i/axi_gpio_0/U0/gpio_core_1/Not_Dual.INPUT_DOUBLE_REGS3/async_path_bit[1]
    SLICE_X45Y91         FDRE                                         r  system_i/axi_gpio_0/U0/gpio_core_1/Not_Dual.INPUT_DOUBLE_REGS3/syncstages_ff_reg[0][1]/D
  -------------------------------------------------------------------    -------------------

                         (clock clk_fpga_0 rise edge)
                                                      0.000     0.000 r  
    PS7_X0Y0             PS7                          0.000     0.000 r  system_i/processing_system7_0/inst/PS7_i/FCLKCLK[0]
                         net (fo=1, routed)           0.337     0.337    system_i/processing_system7_0/inst/FCLK_CLK_unbuffered[0]
    BUFGCTRL_X0Y16       BUFG (Prop_bufg_I_O)         0.029     0.366 r  system_i/processing_system7_0/inst/buffer_fclk_clk_0.FCLK_CLK_0_BUFG/O
                         net (fo=2984, routed)        0.823     1.189    system_i/axi_gpio_0/U0/gpio_core_1/Not_Dual.INPUT_DOUBLE_REGS3/dest_clk
    SLICE_X45Y91         FDRE                                         r  system_i/axi_gpio_0/U0/gpio_core_1/Not_Dual.INPUT_DOUBLE_REGS3/syncstages_ff_reg[0][1]/C





--------------------------------------------------------------------------------------
Path Group:  (none)
From Clock:  clk_fpga_0
  To Clock:  clk_fpga_0

Max Delay           183 Endpoints
Min Delay           183 Endpoints
--------------------------------------------------------------------------------------


Max Delay Paths
--------------------------------------------------------------------------------------
Slack:                    inf
  Source:                 system_i/ps7_0_axi_periph/inst/clk_map/psr_aclk/U0/ACTIVE_LOW_BSR_OUT_DFF[0].FDRE_BSR_N/C
                            (rising edge-triggered cell FDRE clocked by clk_fpga_0  {rise@0.000ns fall@5.000ns period=10.000ns})
  Destination:            system_i/ps7_0_axi_periph/inst/switchboards/i_nodes/i_ar_node/inst/s_sc_xpm_cdc_async_rst_inst/arststages_ff_reg[0]/CLR
                            (recovery check against rising-edge clock clk_fpga_0  {rise@0.000ns fall@5.000ns period=10.000ns})
  Path Group:             (none)
  Path Type:              Recovery (Max at Slow Process Corner)
  Data Path Delay:        3.191ns  (logic 0.576ns (18.050%)  route 2.615ns (81.950%))
  Logic Levels:           1  (LUT1=1)
  Clock Path Skew:        -0.477ns (DCD - SCD + CPR)
    Destination Clock Delay (DCD):    2.659ns
    Source Clock Delay      (SCD):    3.136ns
    Clock Pessimism Removal (CPR):    0.000ns
  Clock Uncertainty:      0.154ns  ((TSJ^2 + TIJ^2)^1/2 + DJ) / 2 + PE
    Total System Jitter     (TSJ):    0.071ns
    Total Input Jitter      (TIJ):    0.300ns
    Discrete Jitter          (DJ):    0.000ns
    Phase Error              (PE):    0.000ns
  Timing Exception:       False Path

    Location             Delay type                Incr(ns)  Path(ns)    Netlist Resource(s)
  -------------------------------------------------------------------    -------------------
                         (clock clk_fpga_0 rise edge)
                                                      0.000     0.000 r  
    PS7_X0Y0             PS7                          0.000     0.000 r  system_i/processing_system7_0/inst/PS7_i/FCLKCLK[0]
                         net (fo=1, routed)           1.193     1.193    system_i/processing_system7_0/inst/FCLK_CLK_unbuffered[0]
    BUFGCTRL_X0Y16       BUFG (Prop_bufg_I_O)         0.101     1.294 r  system_i/processing_system7_0/inst/buffer_fclk_clk_0.FCLK_CLK_0_BUFG/O
                         net (fo=2984, routed)        1.842     3.136    system_i/ps7_0_axi_periph/inst/clk_map/psr_aclk/U0/aclk
    SLICE_X35Y109        FDRE                                         r  system_i/ps7_0_axi_periph/inst/clk_map/psr_aclk/U0/ACTIVE_LOW_BSR_OUT_DFF[0].FDRE_BSR_N/C
  -------------------------------------------------------------------    -------------------
    SLICE_X35Y109        FDRE (Prop_fdre_C_Q)         0.456     3.592 r  system_i/ps7_0_axi_periph/inst/clk_map/psr_aclk/U0/ACTIVE_LOW_BSR_OUT_DFF[0].FDRE_BSR_N/Q
                         net (fo=25, routed)          1.954     5.546    system_i/ps7_0_axi_periph/inst/switchboards/i_nodes/i_ar_node/inst/s_sc_xpm_cdc_async_rst_inst/src_arst
    SLICE_X39Y99         LUT1 (Prop_lut1_I0_O)        0.120     5.666 f  system_i/ps7_0_axi_periph/inst/switchboards/i_nodes/i_ar_node/inst/s_sc_xpm_cdc_async_rst_inst/arststages_ff[2]_i_1/O
                         net (fo=3, routed)           0.661     6.327    system_i/ps7_0_axi_periph/inst/switchboards/i_nodes/i_ar_node/inst/s_sc_xpm_cdc_async_rst_inst/reset_pol
    SLICE_X38Y99         FDCE                                         f  system_i/ps7_0_axi_periph/inst/switchboards/i_nodes/i_ar_node/inst/s_sc_xpm_cdc_async_rst_inst/arststages_ff_reg[0]/CLR
  -------------------------------------------------------------------    -------------------

                         (clock clk_fpga_0 rise edge)
                                                      0.000     0.000 r  
    PS7_X0Y0             PS7                          0.000     0.000 r  system_i/processing_system7_0/inst/PS7_i/FCLKCLK[0]
                         net (fo=1, routed)           1.088     1.088    system_i/processing_system7_0/inst/FCLK_CLK_unbuffered[0]
    BUFGCTRL_X0Y16       BUFG (Prop_bufg_I_O)         0.091     1.179 r  system_i/processing_system7_0/inst/buffer_fclk_clk_0.FCLK_CLK_0_BUFG/O
                         net (fo=2984, routed)        1.480     2.659    system_i/ps7_0_axi_periph/inst/switchboards/i_nodes/i_ar_node/inst/s_sc_xpm_cdc_async_rst_inst/dest_clk
    SLICE_X38Y99         FDCE                                         r  system_i/ps7_0_axi_periph/inst/switchboards/i_nodes/i_ar_node/inst/s_sc_xpm_cdc_async_rst_inst/arststages_ff_reg[0]/C

Slack:                    inf
  Source:                 system_i/ps7_0_axi_periph/inst/clk_map/psr_aclk/U0/ACTIVE_LOW_BSR_OUT_DFF[0].FDRE_BSR_N/C
                            (rising edge-triggered cell FDRE clocked by clk_fpga_0  {rise@0.000ns fall@5.000ns period=10.000ns})
  Destination:            system_i/ps7_0_axi_periph/inst/switchboards/i_nodes/i_ar_node/inst/s_sc_xpm_cdc_async_rst_inst/arststages_ff_reg[1]/CLR
                            (recovery check against rising-edge clock clk_fpga_0  {rise@0.000ns fall@5.000ns period=10.000ns})
  Path Group:             (none)
  Path Type:              Recovery (Max at Slow Process Corner)
  Data Path Delay:        3.191ns  (logic 0.576ns (18.050%)  route 2.615ns (81.950%))
  Logic Levels:           1  (LUT1=1)
  Clock Path Skew:        -0.477ns (DCD - SCD + CPR)
    Destination Clock Delay (DCD):    2.659ns
    Source Clock Delay      (SCD):    3.136ns
    Clock Pessimism Removal (CPR):    0.000ns
  Clock Uncertainty:      0.154ns  ((TSJ^2 + TIJ^2)^1/2 + DJ) / 2 + PE
    Total System Jitter     (TSJ):    0.071ns
    Total Input Jitter      (TIJ):    0.300ns
    Discrete Jitter          (DJ):    0.000ns
    Phase Error              (PE):    0.000ns
  Timing Exception:       False Path

    Location             Delay type                Incr(ns)  Path(ns)    Netlist Resource(s)
  -------------------------------------------------------------------    -------------------
                         (clock clk_fpga_0 rise edge)
                                                      0.000     0.000 r  
    PS7_X0Y0             PS7                          0.000     0.000 r  system_i/processing_system7_0/inst/PS7_i/FCLKCLK[0]
                         net (fo=1, routed)           1.193     1.193    system_i/processing_system7_0/inst/FCLK_CLK_unbuffered[0]
    BUFGCTRL_X0Y16       BUFG (Prop_bufg_I_O)         0.101     1.294 r  system_i/processing_system7_0/inst/buffer_fclk_clk_0.FCLK_CLK_0_BUFG/O
                         net (fo=2984, routed)        1.842     3.136    system_i/ps7_0_axi_periph/inst/clk_map/psr_aclk/U0/aclk
    SLICE_X35Y109        FDRE                                         r  system_i/ps7_0_axi_periph/inst/clk_map/psr_aclk/U0/ACTIVE_LOW_BSR_OUT_DFF[0].FDRE_BSR_N/C
  -------------------------------------------------------------------    -------------------
    SLICE_X35Y109        FDRE (Prop_fdre_C_Q)         0.456     3.592 r  system_i/ps7_0_axi_periph/inst/clk_map/psr_aclk/U0/ACTIVE_LOW_BSR_OUT_DFF[0].FDRE_BSR_N/Q
                         net (fo=25, routed)          1.954     5.546    system_i/ps7_0_axi_periph/inst/switchboards/i_nodes/i_ar_node/inst/s_sc_xpm_cdc_async_rst_inst/src_arst
    SLICE_X39Y99         LUT1 (Prop_lut1_I0_O)        0.120     5.666 f  system_i/ps7_0_axi_periph/inst/switchboards/i_nodes/i_ar_node/inst/s_sc_xpm_cdc_async_rst_inst/arststages_ff[2]_i_1/O
                         net (fo=3, routed)           0.661     6.327    system_i/ps7_0_axi_periph/inst/switchboards/i_nodes/i_ar_node/inst/s_sc_xpm_cdc_async_rst_inst/reset_pol
    SLICE_X38Y99         FDCE                                         f  system_i/ps7_0_axi_periph/inst/switchboards/i_nodes/i_ar_node/inst/s_sc_xpm_cdc_async_rst_inst/arststages_ff_reg[1]/CLR
  -------------------------------------------------------------------    -------------------

                         (clock clk_fpga_0 rise edge)
                                                      0.000     0.000 r  
    PS7_X0Y0             PS7                          0.000     0.000 r  system_i/processing_system7_0/inst/PS7_i/FCLKCLK[0]
                         net (fo=1, routed)           1.088     1.088    system_i/processing_system7_0/inst/FCLK_CLK_unbuffered[0]
    BUFGCTRL_X0Y16       BUFG (Prop_bufg_I_O)         0.091     1.179 r  system_i/processing_system7_0/inst/buffer_fclk_clk_0.FCLK_CLK_0_BUFG/O
                         net (fo=2984, routed)        1.480     2.659    system_i/ps7_0_axi_periph/inst/switchboards/i_nodes/i_ar_node/inst/s_sc_xpm_cdc_async_rst_inst/dest_clk
    SLICE_X38Y99         FDCE                                         r  system_i/ps7_0_axi_periph/inst/switchboards/i_nodes/i_ar_node/inst/s_sc_xpm_cdc_async_rst_inst/arststages_ff_reg[1]/C

Slack:                    inf
  Source:                 system_i/ps7_0_axi_periph/inst/clk_map/psr_aclk/U0/ACTIVE_LOW_BSR_OUT_DFF[0].FDRE_BSR_N/C
                            (rising edge-triggered cell FDRE clocked by clk_fpga_0  {rise@0.000ns fall@5.000ns period=10.000ns})
  Destination:            system_i/ps7_0_axi_periph/inst/switchboards/i_nodes/i_ar_node/inst/s_sc_xpm_cdc_async_rst_inst/arststages_ff_reg[2]/CLR
                            (recovery check against rising-edge clock clk_fpga_0  {rise@0.000ns fall@5.000ns period=10.000ns})
  Path Group:             (none)
  Path Type:              Recovery (Max at Slow Process Corner)
  Data Path Delay:        3.191ns  (logic 0.576ns (18.050%)  route 2.615ns (81.950%))
  Logic Levels:           1  (LUT1=1)
  Clock Path Skew:        -0.477ns (DCD - SCD + CPR)
    Destination Clock Delay (DCD):    2.659ns
    Source Clock Delay      (SCD):    3.136ns
    Clock Pessimism Removal (CPR):    0.000ns
  Clock Uncertainty:      0.154ns  ((TSJ^2 + TIJ^2)^1/2 + DJ) / 2 + PE
    Total System Jitter     (TSJ):    0.071ns
    Total Input Jitter      (TIJ):    0.300ns
    Discrete Jitter          (DJ):    0.000ns
    Phase Error              (PE):    0.000ns
  Timing Exception:       False Path

    Location             Delay type                Incr(ns)  Path(ns)    Netlist Resource(s)
  -------------------------------------------------------------------    -------------------
                         (clock clk_fpga_0 rise edge)
                                                      0.000     0.000 r  
    PS7_X0Y0             PS7                          0.000     0.000 r  system_i/processing_system7_0/inst/PS7_i/FCLKCLK[0]
                         net (fo=1, routed)           1.193     1.193    system_i/processing_system7_0/inst/FCLK_CLK_unbuffered[0]
    BUFGCTRL_X0Y16       BUFG (Prop_bufg_I_O)         0.101     1.294 r  system_i/processing_system7_0/inst/buffer_fclk_clk_0.FCLK_CLK_0_BUFG/O
                         net (fo=2984, routed)        1.842     3.136    system_i/ps7_0_axi_periph/inst/clk_map/psr_aclk/U0/aclk
    SLICE_X35Y109        FDRE                                         r  system_i/ps7_0_axi_periph/inst/clk_map/psr_aclk/U0/ACTIVE_LOW_BSR_OUT_DFF[0].FDRE_BSR_N/C
  -------------------------------------------------------------------    -------------------
    SLICE_X35Y109        FDRE (Prop_fdre_C_Q)         0.456     3.592 r  system_i/ps7_0_axi_periph/inst/clk_map/psr_aclk/U0/ACTIVE_LOW_BSR_OUT_DFF[0].FDRE_BSR_N/Q
                         net (fo=25, routed)          1.954     5.546    system_i/ps7_0_axi_periph/inst/switchboards/i_nodes/i_ar_node/inst/s_sc_xpm_cdc_async_rst_inst/src_arst
    SLICE_X39Y99         LUT1 (Prop_lut1_I0_O)        0.120     5.666 f  system_i/ps7_0_axi_periph/inst/switchboards/i_nodes/i_ar_node/inst/s_sc_xpm_cdc_async_rst_inst/arststages_ff[2]_i_1/O
                         net (fo=3, routed)           0.661     6.327    system_i/ps7_0_axi_periph/inst/switchboards/i_nodes/i_ar_node/inst/s_sc_xpm_cdc_async_rst_inst/reset_pol
    SLICE_X38Y99         FDCE                                         f  system_i/ps7_0_axi_periph/inst/switchboards/i_nodes/i_ar_node/inst/s_sc_xpm_cdc_async_rst_inst/arststages_ff_reg[2]/CLR
  -------------------------------------------------------------------    -------------------

                         (clock clk_fpga_0 rise edge)
                                                      0.000     0.000 r  
    PS7_X0Y0             PS7                          0.000     0.000 r  system_i/processing_system7_0/inst/PS7_i/FCLKCLK[0]
                         net (fo=1, routed)           1.088     1.088    system_i/processing_system7_0/inst/FCLK_CLK_unbuffered[0]
    BUFGCTRL_X0Y16       BUFG (Prop_bufg_I_O)         0.091     1.179 r  system_i/processing_system7_0/inst/buffer_fclk_clk_0.FCLK_CLK_0_BUFG/O
                         net (fo=2984, routed)        1.480     2.659    system_i/ps7_0_axi_periph/inst/switchboards/i_nodes/i_ar_node/inst/s_sc_xpm_cdc_async_rst_inst/dest_clk
    SLICE_X38Y99         FDCE                                         r  system_i/ps7_0_axi_periph/inst/switchboards/i_nodes/i_ar_node/inst/s_sc_xpm_cdc_async_rst_inst/arststages_ff_reg[2]/C

Slack:                    inf
  Source:                 system_i/ps7_0_axi_periph/inst/clk_map/psr_aclk/U0/ACTIVE_LOW_BSR_OUT_DFF[0].FDRE_BSR_N/C
                            (rising edge-triggered cell FDRE clocked by clk_fpga_0  {rise@0.000ns fall@5.000ns period=10.000ns})
  Destination:            system_i/ps7_0_axi_periph/inst/s00_nodes/s00_r_node/inst/s_sc_xpm_cdc_async_rst_inst/arststages_ff_reg[0]/CLR
                            (recovery check against rising-edge clock clk_fpga_0  {rise@0.000ns fall@5.000ns period=10.000ns})
  Path Group:             (none)
  Path Type:              Recovery (Max at Slow Process Corner)
  Data Path Delay:        3.156ns  (logic 0.580ns (18.378%)  route 2.576ns (81.622%))
  Logic Levels:           1  (LUT1=1)
  Clock Path Skew:        -0.477ns (DCD - SCD + CPR)
    Destination Clock Delay (DCD):    2.659ns
    Source Clock Delay      (SCD):    3.136ns
    Clock Pessimism Removal (CPR):    0.000ns
  Clock Uncertainty:      0.154ns  ((TSJ^2 + TIJ^2)^1/2 + DJ) / 2 + PE
    Total System Jitter     (TSJ):    0.071ns
    Total Input Jitter      (TIJ):    0.300ns
    Discrete Jitter          (DJ):    0.000ns
    Phase Error              (PE):    0.000ns
  Timing Exception:       False Path

    Location             Delay type                Incr(ns)  Path(ns)    Netlist Resource(s)
  -------------------------------------------------------------------    -------------------
                         (clock clk_fpga_0 rise edge)
                                                      0.000     0.000 r  
    PS7_X0Y0             PS7                          0.000     0.000 r  system_i/processing_system7_0/inst/PS7_i/FCLKCLK[0]
                         net (fo=1, routed)           1.193     1.193    system_i/processing_system7_0/inst/FCLK_CLK_unbuffered[0]
    BUFGCTRL_X0Y16       BUFG (Prop_bufg_I_O)         0.101     1.294 r  system_i/processing_system7_0/inst/buffer_fclk_clk_0.FCLK_CLK_0_BUFG/O
                         net (fo=2984, routed)        1.842     3.136    system_i/ps7_0_axi_periph/inst/clk_map/psr_aclk/U0/aclk
    SLICE_X35Y109        FDRE                                         r  system_i/ps7_0_axi_periph/inst/clk_map/psr_aclk/U0/ACTIVE_LOW_BSR_OUT_DFF[0].FDRE_BSR_N/C
  -------------------------------------------------------------------    -------------------
    SLICE_X35Y109        FDRE (Prop_fdre_C_Q)         0.456     3.592 r  system_i/ps7_0_axi_periph/inst/clk_map/psr_aclk/U0/ACTIVE_LOW_BSR_OUT_DFF[0].FDRE_BSR_N/Q
                         net (fo=25, routed)          1.954     5.546    system_i/ps7_0_axi_periph/inst/s00_nodes/s00_r_node/inst/s_sc_xpm_cdc_async_rst_inst/src_arst
    SLICE_X39Y99         LUT1 (Prop_lut1_I0_O)        0.124     5.670 f  system_i/ps7_0_axi_periph/inst/s00_nodes/s00_r_node/inst/s_sc_xpm_cdc_async_rst_inst/arststages_ff[2]_i_1/O
                         net (fo=3, routed)           0.622     6.292    system_i/ps7_0_axi_periph/inst/s00_nodes/s00_r_node/inst/s_sc_xpm_cdc_async_rst_inst/reset_pol
    SLICE_X39Y99         FDCE                                         f  system_i/ps7_0_axi_periph/inst/s00_nodes/s00_r_node/inst/s_sc_xpm_cdc_async_rst_inst/arststages_ff_reg[0]/CLR
  -------------------------------------------------------------------    -------------------

                         (clock clk_fpga_0 rise edge)
                                                      0.000     0.000 r  
    PS7_X0Y0             PS7                          0.000     0.000 r  system_i/processing_system7_0/inst/PS7_i/FCLKCLK[0]
                         net (fo=1, routed)           1.088     1.088    system_i/processing_system7_0/inst/FCLK_CLK_unbuffered[0]
    BUFGCTRL_X0Y16       BUFG (Prop_bufg_I_O)         0.091     1.179 r  system_i/processing_system7_0/inst/buffer_fclk_clk_0.FCLK_CLK_0_BUFG/O
                         net (fo=2984, routed)        1.480     2.659    system_i/ps7_0_axi_periph/inst/s00_nodes/s00_r_node/inst/s_sc_xpm_cdc_async_rst_inst/dest_clk
    SLICE_X39Y99         FDCE                                         r  system_i/ps7_0_axi_periph/inst/s00_nodes/s00_r_node/inst/s_sc_xpm_cdc_async_rst_inst/arststages_ff_reg[0]/C

Slack:                    inf
  Source:                 system_i/ps7_0_axi_periph/inst/clk_map/psr_aclk/U0/ACTIVE_LOW_BSR_OUT_DFF[0].FDRE_BSR_N/C
                            (rising edge-triggered cell FDRE clocked by clk_fpga_0  {rise@0.000ns fall@5.000ns period=10.000ns})
  Destination:            system_i/ps7_0_axi_periph/inst/s00_nodes/s00_r_node/inst/s_sc_xpm_cdc_async_rst_inst/arststages_ff_reg[1]/CLR
                            (recovery check against rising-edge clock clk_fpga_0  {rise@0.000ns fall@5.000ns period=10.000ns})
  Path Group:             (none)
  Path Type:              Recovery (Max at Slow Process Corner)
  Data Path Delay:        3.156ns  (logic 0.580ns (18.378%)  route 2.576ns (81.622%))
  Logic Levels:           1  (LUT1=1)
  Clock Path Skew:        -0.477ns (DCD - SCD + CPR)
    Destination Clock Delay (DCD):    2.659ns
    Source Clock Delay      (SCD):    3.136ns
    Clock Pessimism Removal (CPR):    0.000ns
  Clock Uncertainty:      0.154ns  ((TSJ^2 + TIJ^2)^1/2 + DJ) / 2 + PE
    Total System Jitter     (TSJ):    0.071ns
    Total Input Jitter      (TIJ):    0.300ns
    Discrete Jitter          (DJ):    0.000ns
    Phase Error              (PE):    0.000ns
  Timing Exception:       False Path

    Location             Delay type                Incr(ns)  Path(ns)    Netlist Resource(s)
  -------------------------------------------------------------------    -------------------
                         (clock clk_fpga_0 rise edge)
                                                      0.000     0.000 r  
    PS7_X0Y0             PS7                          0.000     0.000 r  system_i/processing_system7_0/inst/PS7_i/FCLKCLK[0]
                         net (fo=1, routed)           1.193     1.193    system_i/processing_system7_0/inst/FCLK_CLK_unbuffered[0]
    BUFGCTRL_X0Y16       BUFG (Prop_bufg_I_O)         0.101     1.294 r  system_i/processing_system7_0/inst/buffer_fclk_clk_0.FCLK_CLK_0_BUFG/O
                         net (fo=2984, routed)        1.842     3.136    system_i/ps7_0_axi_periph/inst/clk_map/psr_aclk/U0/aclk
    SLICE_X35Y109        FDRE                                         r  system_i/ps7_0_axi_periph/inst/clk_map/psr_aclk/U0/ACTIVE_LOW_BSR_OUT_DFF[0].FDRE_BSR_N/C
  -------------------------------------------------------------------    -------------------
    SLICE_X35Y109        FDRE (Prop_fdre_C_Q)         0.456     3.592 r  system_i/ps7_0_axi_periph/inst/clk_map/psr_aclk/U0/ACTIVE_LOW_BSR_OUT_DFF[0].FDRE_BSR_N/Q
                         net (fo=25, routed)          1.954     5.546    system_i/ps7_0_axi_periph/inst/s00_nodes/s00_r_node/inst/s_sc_xpm_cdc_async_rst_inst/src_arst
    SLICE_X39Y99         LUT1 (Prop_lut1_I0_O)        0.124     5.670 f  system_i/ps7_0_axi_periph/inst/s00_nodes/s00_r_node/inst/s_sc_xpm_cdc_async_rst_inst/arststages_ff[2]_i_1/O
                         net (fo=3, routed)           0.622     6.292    system_i/ps7_0_axi_periph/inst/s00_nodes/s00_r_node/inst/s_sc_xpm_cdc_async_rst_inst/reset_pol
    SLICE_X39Y99         FDCE                                         f  system_i/ps7_0_axi_periph/inst/s00_nodes/s00_r_node/inst/s_sc_xpm_cdc_async_rst_inst/arststages_ff_reg[1]/CLR
  -------------------------------------------------------------------    -------------------

                         (clock clk_fpga_0 rise edge)
                                                      0.000     0.000 r  
    PS7_X0Y0             PS7                          0.000     0.000 r  system_i/processing_system7_0/inst/PS7_i/FCLKCLK[0]
                         net (fo=1, routed)           1.088     1.088    system_i/processing_system7_0/inst/FCLK_CLK_unbuffered[0]
    BUFGCTRL_X0Y16       BUFG (Prop_bufg_I_O)         0.091     1.179 r  system_i/processing_system7_0/inst/buffer_fclk_clk_0.FCLK_CLK_0_BUFG/O
                         net (fo=2984, routed)        1.480     2.659    system_i/ps7_0_axi_periph/inst/s00_nodes/s00_r_node/inst/s_sc_xpm_cdc_async_rst_inst/dest_clk
    SLICE_X39Y99         FDCE                                         r  system_i/ps7_0_axi_periph/inst/s00_nodes/s00_r_node/inst/s_sc_xpm_cdc_async_rst_inst/arststages_ff_reg[1]/C

Slack:                    inf
  Source:                 system_i/ps7_0_axi_periph/inst/clk_map/psr_aclk/U0/ACTIVE_LOW_BSR_OUT_DFF[0].FDRE_BSR_N/C
                            (rising edge-triggered cell FDRE clocked by clk_fpga_0  {rise@0.000ns fall@5.000ns period=10.000ns})
  Destination:            system_i/ps7_0_axi_periph/inst/s00_nodes/s00_r_node/inst/s_sc_xpm_cdc_async_rst_inst/arststages_ff_reg[2]/CLR
                            (recovery check against rising-edge clock clk_fpga_0  {rise@0.000ns fall@5.000ns period=10.000ns})
  Path Group:             (none)
  Path Type:              Recovery (Max at Slow Process Corner)
  Data Path Delay:        3.156ns  (logic 0.580ns (18.378%)  route 2.576ns (81.622%))
  Logic Levels:           1  (LUT1=1)
  Clock Path Skew:        -0.477ns (DCD - SCD + CPR)
    Destination Clock Delay (DCD):    2.659ns
    Source Clock Delay      (SCD):    3.136ns
    Clock Pessimism Removal (CPR):    0.000ns
  Clock Uncertainty:      0.154ns  ((TSJ^2 + TIJ^2)^1/2 + DJ) / 2 + PE
    Total System Jitter     (TSJ):    0.071ns
    Total Input Jitter      (TIJ):    0.300ns
    Discrete Jitter          (DJ):    0.000ns
    Phase Error              (PE):    0.000ns
  Timing Exception:       False Path

    Location             Delay type                Incr(ns)  Path(ns)    Netlist Resource(s)
  -------------------------------------------------------------------    -------------------
                         (clock clk_fpga_0 rise edge)
                                                      0.000     0.000 r  
    PS7_X0Y0             PS7                          0.000     0.000 r  system_i/processing_system7_0/inst/PS7_i/FCLKCLK[0]
                         net (fo=1, routed)           1.193     1.193    system_i/processing_system7_0/inst/FCLK_CLK_unbuffered[0]
    BUFGCTRL_X0Y16       BUFG (Prop_bufg_I_O)         0.101     1.294 r  system_i/processing_system7_0/inst/buffer_fclk_clk_0.FCLK_CLK_0_BUFG/O
                         net (fo=2984, routed)        1.842     3.136    system_i/ps7_0_axi_periph/inst/clk_map/psr_aclk/U0/aclk
    SLICE_X35Y109        FDRE                                         r  system_i/ps7_0_axi_periph/inst/clk_map/psr_aclk/U0/ACTIVE_LOW_BSR_OUT_DFF[0].FDRE_BSR_N/C
  -------------------------------------------------------------------    -------------------
    SLICE_X35Y109        FDRE (Prop_fdre_C_Q)         0.456     3.592 r  system_i/ps7_0_axi_periph/inst/clk_map/psr_aclk/U0/ACTIVE_LOW_BSR_OUT_DFF[0].FDRE_BSR_N/Q
                         net (fo=25, routed)          1.954     5.546    system_i/ps7_0_axi_periph/inst/s00_nodes/s00_r_node/inst/s_sc_xpm_cdc_async_rst_inst/src_arst
    SLICE_X39Y99         LUT1 (Prop_lut1_I0_O)        0.124     5.670 f  system_i/ps7_0_axi_periph/inst/s00_nodes/s00_r_node/inst/s_sc_xpm_cdc_async_rst_inst/arststages_ff[2]_i_1/O
                         net (fo=3, routed)           0.622     6.292    system_i/ps7_0_axi_periph/inst/s00_nodes/s00_r_node/inst/s_sc_xpm_cdc_async_rst_inst/reset_pol
    SLICE_X39Y99         FDCE                                         f  system_i/ps7_0_axi_periph/inst/s00_nodes/s00_r_node/inst/s_sc_xpm_cdc_async_rst_inst/arststages_ff_reg[2]/CLR
  -------------------------------------------------------------------    -------------------

                         (clock clk_fpga_0 rise edge)
                                                      0.000     0.000 r  
    PS7_X0Y0             PS7                          0.000     0.000 r  system_i/processing_system7_0/inst/PS7_i/FCLKCLK[0]
                         net (fo=1, routed)           1.088     1.088    system_i/processing_system7_0/inst/FCLK_CLK_unbuffered[0]
    BUFGCTRL_X0Y16       BUFG (Prop_bufg_I_O)         0.091     1.179 r  system_i/processing_system7_0/inst/buffer_fclk_clk_0.FCLK_CLK_0_BUFG/O
                         net (fo=2984, routed)        1.480     2.659    system_i/ps7_0_axi_periph/inst/s00_nodes/s00_r_node/inst/s_sc_xpm_cdc_async_rst_inst/dest_clk
    SLICE_X39Y99         FDCE                                         r  system_i/ps7_0_axi_periph/inst/s00_nodes/s00_r_node/inst/s_sc_xpm_cdc_async_rst_inst/arststages_ff_reg[2]/C

Slack:                    inf
  Source:                 system_i/ps7_0_axi_periph/inst/clk_map/psr_aclk/U0/ACTIVE_LOW_BSR_OUT_DFF[0].FDRE_BSR_N/C
                            (rising edge-triggered cell FDRE clocked by clk_fpga_0  {rise@0.000ns fall@5.000ns period=10.000ns})
  Destination:            system_i/ps7_0_axi_periph/inst/m00_nodes/m00_ar_node/inst/s_sc_xpm_cdc_async_rst_inst/arststages_ff_reg[0]/CLR
                            (recovery check against rising-edge clock clk_fpga_0  {rise@0.000ns fall@5.000ns period=10.000ns})
  Path Group:             (none)
  Path Type:              Recovery (Max at Slow Process Corner)
  Data Path Delay:        3.155ns  (logic 0.610ns (19.334%)  route 2.545ns (80.666%))
  Logic Levels:           1  (LUT1=1)
  Clock Path Skew:        -0.303ns (DCD - SCD + CPR)
    Destination Clock Delay (DCD):    2.833ns
    Source Clock Delay      (SCD):    3.136ns
    Clock Pessimism Removal (CPR):    0.000ns
  Clock Uncertainty:      0.154ns  ((TSJ^2 + TIJ^2)^1/2 + DJ) / 2 + PE
    Total System Jitter     (TSJ):    0.071ns
    Total Input Jitter      (TIJ):    0.300ns
    Discrete Jitter          (DJ):    0.000ns
    Phase Error              (PE):    0.000ns
  Timing Exception:       False Path

    Location             Delay type                Incr(ns)  Path(ns)    Netlist Resource(s)
  -------------------------------------------------------------------    -------------------
                         (clock clk_fpga_0 rise edge)
                                                      0.000     0.000 r  
    PS7_X0Y0             PS7                          0.000     0.000 r  system_i/processing_system7_0/inst/PS7_i/FCLKCLK[0]
                         net (fo=1, routed)           1.193     1.193    system_i/processing_system7_0/inst/FCLK_CLK_unbuffered[0]
    BUFGCTRL_X0Y16       BUFG (Prop_bufg_I_O)         0.101     1.294 r  system_i/processing_system7_0/inst/buffer_fclk_clk_0.FCLK_CLK_0_BUFG/O
                         net (fo=2984, routed)        1.842     3.136    system_i/ps7_0_axi_periph/inst/clk_map/psr_aclk/U0/aclk
    SLICE_X35Y109        FDRE                                         r  system_i/ps7_0_axi_periph/inst/clk_map/psr_aclk/U0/ACTIVE_LOW_BSR_OUT_DFF[0].FDRE_BSR_N/C
  -------------------------------------------------------------------    -------------------
    SLICE_X35Y109        FDRE (Prop_fdre_C_Q)         0.456     3.592 r  system_i/ps7_0_axi_periph/inst/clk_map/psr_aclk/U0/ACTIVE_LOW_BSR_OUT_DFF[0].FDRE_BSR_N/Q
                         net (fo=25, routed)          1.907     5.499    system_i/ps7_0_axi_periph/inst/m00_nodes/m00_ar_node/inst/s_sc_xpm_cdc_async_rst_inst/src_arst
    SLICE_X40Y101        LUT1 (Prop_lut1_I0_O)        0.154     5.653 f  system_i/ps7_0_axi_periph/inst/m00_nodes/m00_ar_node/inst/s_sc_xpm_cdc_async_rst_inst/arststages_ff[2]_i_1/O
                         net (fo=3, routed)           0.638     6.291    system_i/ps7_0_axi_periph/inst/m00_nodes/m00_ar_node/inst/s_sc_xpm_cdc_async_rst_inst/reset_pol
    SLICE_X40Y101        FDCE                                         f  system_i/ps7_0_axi_periph/inst/m00_nodes/m00_ar_node/inst/s_sc_xpm_cdc_async_rst_inst/arststages_ff_reg[0]/CLR
  -------------------------------------------------------------------    -------------------

                         (clock clk_fpga_0 rise edge)
                                                      0.000     0.000 r  
    PS7_X0Y0             PS7                          0.000     0.000 r  system_i/processing_system7_0/inst/PS7_i/FCLKCLK[0]
                         net (fo=1, routed)           1.088     1.088    system_i/processing_system7_0/inst/FCLK_CLK_unbuffered[0]
    BUFGCTRL_X0Y16       BUFG (Prop_bufg_I_O)         0.091     1.179 r  system_i/processing_system7_0/inst/buffer_fclk_clk_0.FCLK_CLK_0_BUFG/O
                         net (fo=2984, routed)        1.654     2.833    system_i/ps7_0_axi_periph/inst/m00_nodes/m00_ar_node/inst/s_sc_xpm_cdc_async_rst_inst/dest_clk
    SLICE_X40Y101        FDCE                                         r  system_i/ps7_0_axi_periph/inst/m00_nodes/m00_ar_node/inst/s_sc_xpm_cdc_async_rst_inst/arststages_ff_reg[0]/C

Slack:                    inf
  Source:                 system_i/ps7_0_axi_periph/inst/clk_map/psr_aclk/U0/ACTIVE_LOW_BSR_OUT_DFF[0].FDRE_BSR_N/C
                            (rising edge-triggered cell FDRE clocked by clk_fpga_0  {rise@0.000ns fall@5.000ns period=10.000ns})
  Destination:            system_i/ps7_0_axi_periph/inst/m00_nodes/m00_ar_node/inst/s_sc_xpm_cdc_async_rst_inst/arststages_ff_reg[1]/CLR
                            (recovery check against rising-edge clock clk_fpga_0  {rise@0.000ns fall@5.000ns period=10.000ns})
  Path Group:             (none)
  Path Type:              Recovery (Max at Slow Process Corner)
  Data Path Delay:        3.155ns  (logic 0.610ns (19.334%)  route 2.545ns (80.666%))
  Logic Levels:           1  (LUT1=1)
  Clock Path Skew:        -0.303ns (DCD - SCD + CPR)
    Destination Clock Delay (DCD):    2.833ns
    Source Clock Delay      (SCD):    3.136ns
    Clock Pessimism Removal (CPR):    0.000ns
  Clock Uncertainty:      0.154ns  ((TSJ^2 + TIJ^2)^1/2 + DJ) / 2 + PE
    Total System Jitter     (TSJ):    0.071ns
    Total Input Jitter      (TIJ):    0.300ns
    Discrete Jitter          (DJ):    0.000ns
    Phase Error              (PE):    0.000ns
  Timing Exception:       False Path

    Location             Delay type                Incr(ns)  Path(ns)    Netlist Resource(s)
  -------------------------------------------------------------------    -------------------
                         (clock clk_fpga_0 rise edge)
                                                      0.000     0.000 r  
    PS7_X0Y0             PS7                          0.000     0.000 r  system_i/processing_system7_0/inst/PS7_i/FCLKCLK[0]
                         net (fo=1, routed)           1.193     1.193    system_i/processing_system7_0/inst/FCLK_CLK_unbuffered[0]
    BUFGCTRL_X0Y16       BUFG (Prop_bufg_I_O)         0.101     1.294 r  system_i/processing_system7_0/inst/buffer_fclk_clk_0.FCLK_CLK_0_BUFG/O
                         net (fo=2984, routed)        1.842     3.136    system_i/ps7_0_axi_periph/inst/clk_map/psr_aclk/U0/aclk
    SLICE_X35Y109        FDRE                                         r  system_i/ps7_0_axi_periph/inst/clk_map/psr_aclk/U0/ACTIVE_LOW_BSR_OUT_DFF[0].FDRE_BSR_N/C
  -------------------------------------------------------------------    -------------------
    SLICE_X35Y109        FDRE (Prop_fdre_C_Q)         0.456     3.592 r  system_i/ps7_0_axi_periph/inst/clk_map/psr_aclk/U0/ACTIVE_LOW_BSR_OUT_DFF[0].FDRE_BSR_N/Q
                         net (fo=25, routed)          1.907     5.499    system_i/ps7_0_axi_periph/inst/m00_nodes/m00_ar_node/inst/s_sc_xpm_cdc_async_rst_inst/src_arst
    SLICE_X40Y101        LUT1 (Prop_lut1_I0_O)        0.154     5.653 f  system_i/ps7_0_axi_periph/inst/m00_nodes/m00_ar_node/inst/s_sc_xpm_cdc_async_rst_inst/arststages_ff[2]_i_1/O
                         net (fo=3, routed)           0.638     6.291    system_i/ps7_0_axi_periph/inst/m00_nodes/m00_ar_node/inst/s_sc_xpm_cdc_async_rst_inst/reset_pol
    SLICE_X40Y101        FDCE                                         f  system_i/ps7_0_axi_periph/inst/m00_nodes/m00_ar_node/inst/s_sc_xpm_cdc_async_rst_inst/arststages_ff_reg[1]/CLR
  -------------------------------------------------------------------    -------------------

                         (clock clk_fpga_0 rise edge)
                                                      0.000     0.000 r  
    PS7_X0Y0             PS7                          0.000     0.000 r  system_i/processing_system7_0/inst/PS7_i/FCLKCLK[0]
                         net (fo=1, routed)           1.088     1.088    system_i/processing_system7_0/inst/FCLK_CLK_unbuffered[0]
    BUFGCTRL_X0Y16       BUFG (Prop_bufg_I_O)         0.091     1.179 r  system_i/processing_system7_0/inst/buffer_fclk_clk_0.FCLK_CLK_0_BUFG/O
                         net (fo=2984, routed)        1.654     2.833    system_i/ps7_0_axi_periph/inst/m00_nodes/m00_ar_node/inst/s_sc_xpm_cdc_async_rst_inst/dest_clk
    SLICE_X40Y101        FDCE                                         r  system_i/ps7_0_axi_periph/inst/m00_nodes/m00_ar_node/inst/s_sc_xpm_cdc_async_rst_inst/arststages_ff_reg[1]/C

Slack:                    inf
  Source:                 system_i/ps7_0_axi_periph/inst/clk_map/psr_aclk/U0/ACTIVE_LOW_BSR_OUT_DFF[0].FDRE_BSR_N/C
                            (rising edge-triggered cell FDRE clocked by clk_fpga_0  {rise@0.000ns fall@5.000ns period=10.000ns})
  Destination:            system_i/ps7_0_axi_periph/inst/m00_nodes/m00_ar_node/inst/s_sc_xpm_cdc_async_rst_inst/arststages_ff_reg[2]/CLR
                            (recovery check against rising-edge clock clk_fpga_0  {rise@0.000ns fall@5.000ns period=10.000ns})
  Path Group:             (none)
  Path Type:              Recovery (Max at Slow Process Corner)
  Data Path Delay:        3.155ns  (logic 0.610ns (19.334%)  route 2.545ns (80.666%))
  Logic Levels:           1  (LUT1=1)
  Clock Path Skew:        -0.303ns (DCD - SCD + CPR)
    Destination Clock Delay (DCD):    2.833ns
    Source Clock Delay      (SCD):    3.136ns
    Clock Pessimism Removal (CPR):    0.000ns
  Clock Uncertainty:      0.154ns  ((TSJ^2 + TIJ^2)^1/2 + DJ) / 2 + PE
    Total System Jitter     (TSJ):    0.071ns
    Total Input Jitter      (TIJ):    0.300ns
    Discrete Jitter          (DJ):    0.000ns
    Phase Error              (PE):    0.000ns
  Timing Exception:       False Path

    Location             Delay type                Incr(ns)  Path(ns)    Netlist Resource(s)
  -------------------------------------------------------------------    -------------------
                         (clock clk_fpga_0 rise edge)
                                                      0.000     0.000 r  
    PS7_X0Y0             PS7                          0.000     0.000 r  system_i/processing_system7_0/inst/PS7_i/FCLKCLK[0]
                         net (fo=1, routed)           1.193     1.193    system_i/processing_system7_0/inst/FCLK_CLK_unbuffered[0]
    BUFGCTRL_X0Y16       BUFG (Prop_bufg_I_O)         0.101     1.294 r  system_i/processing_system7_0/inst/buffer_fclk_clk_0.FCLK_CLK_0_BUFG/O
                         net (fo=2984, routed)        1.842     3.136    system_i/ps7_0_axi_periph/inst/clk_map/psr_aclk/U0/aclk
    SLICE_X35Y109        FDRE                                         r  system_i/ps7_0_axi_periph/inst/clk_map/psr_aclk/U0/ACTIVE_LOW_BSR_OUT_DFF[0].FDRE_BSR_N/C
  -------------------------------------------------------------------    -------------------
    SLICE_X35Y109        FDRE (Prop_fdre_C_Q)         0.456     3.592 r  system_i/ps7_0_axi_periph/inst/clk_map/psr_aclk/U0/ACTIVE_LOW_BSR_OUT_DFF[0].FDRE_BSR_N/Q
                         net (fo=25, routed)          1.907     5.499    system_i/ps7_0_axi_periph/inst/m00_nodes/m00_ar_node/inst/s_sc_xpm_cdc_async_rst_inst/src_arst
    SLICE_X40Y101        LUT1 (Prop_lut1_I0_O)        0.154     5.653 f  system_i/ps7_0_axi_periph/inst/m00_nodes/m00_ar_node/inst/s_sc_xpm_cdc_async_rst_inst/arststages_ff[2]_i_1/O
                         net (fo=3, routed)           0.638     6.291    system_i/ps7_0_axi_periph/inst/m00_nodes/m00_ar_node/inst/s_sc_xpm_cdc_async_rst_inst/reset_pol
    SLICE_X40Y101        FDCE                                         f  system_i/ps7_0_axi_periph/inst/m00_nodes/m00_ar_node/inst/s_sc_xpm_cdc_async_rst_inst/arststages_ff_reg[2]/CLR
  -------------------------------------------------------------------    -------------------

                         (clock clk_fpga_0 rise edge)
                                                      0.000     0.000 r  
    PS7_X0Y0             PS7                          0.000     0.000 r  system_i/processing_system7_0/inst/PS7_i/FCLKCLK[0]
                         net (fo=1, routed)           1.088     1.088    system_i/processing_system7_0/inst/FCLK_CLK_unbuffered[0]
    BUFGCTRL_X0Y16       BUFG (Prop_bufg_I_O)         0.091     1.179 r  system_i/processing_system7_0/inst/buffer_fclk_clk_0.FCLK_CLK_0_BUFG/O
                         net (fo=2984, routed)        1.654     2.833    system_i/ps7_0_axi_periph/inst/m00_nodes/m00_ar_node/inst/s_sc_xpm_cdc_async_rst_inst/dest_clk
    SLICE_X40Y101        FDCE                                         r  system_i/ps7_0_axi_periph/inst/m00_nodes/m00_ar_node/inst/s_sc_xpm_cdc_async_rst_inst/arststages_ff_reg[2]/C

Slack:                    inf
  Source:                 system_i/ps7_0_axi_periph/inst/clk_map/psr_aclk/U0/ACTIVE_LOW_BSR_OUT_DFF[0].FDRE_BSR_N/C
                            (rising edge-triggered cell FDRE clocked by clk_fpga_0  {rise@0.000ns fall@5.000ns period=10.000ns})
  Destination:            system_i/ps7_0_axi_periph/inst/s00_nodes/s00_ar_node/inst/s_sc_xpm_cdc_async_rst_inst/arststages_ff_reg[0]/CLR
                            (recovery check against rising-edge clock clk_fpga_0  {rise@0.000ns fall@5.000ns period=10.000ns})
  Path Group:             (none)
  Path Type:              Recovery (Max at Slow Process Corner)
  Data Path Delay:        3.067ns  (logic 0.573ns (18.682%)  route 2.494ns (81.318%))
  Logic Levels:           1  (LUT1=1)
  Clock Path Skew:        -0.477ns (DCD - SCD + CPR)
    Destination Clock Delay (DCD):    2.659ns
    Source Clock Delay      (SCD):    3.136ns
    Clock Pessimism Removal (CPR):    0.000ns
  Clock Uncertainty:      0.154ns  ((TSJ^2 + TIJ^2)^1/2 + DJ) / 2 + PE
    Total System Jitter     (TSJ):    0.071ns
    Total Input Jitter      (TIJ):    0.300ns
    Discrete Jitter          (DJ):    0.000ns
    Phase Error              (PE):    0.000ns
  Timing Exception:       False Path

    Location             Delay type                Incr(ns)  Path(ns)    Netlist Resource(s)
  -------------------------------------------------------------------    -------------------
                         (clock clk_fpga_0 rise edge)
                                                      0.000     0.000 r  
    PS7_X0Y0             PS7                          0.000     0.000 r  system_i/processing_system7_0/inst/PS7_i/FCLKCLK[0]
                         net (fo=1, routed)           1.193     1.193    system_i/processing_system7_0/inst/FCLK_CLK_unbuffered[0]
    BUFGCTRL_X0Y16       BUFG (Prop_bufg_I_O)         0.101     1.294 r  system_i/processing_system7_0/inst/buffer_fclk_clk_0.FCLK_CLK_0_BUFG/O
                         net (fo=2984, routed)        1.842     3.136    system_i/ps7_0_axi_periph/inst/clk_map/psr_aclk/U0/aclk
    SLICE_X35Y109        FDRE                                         r  system_i/ps7_0_axi_periph/inst/clk_map/psr_aclk/U0/ACTIVE_LOW_BSR_OUT_DFF[0].FDRE_BSR_N/C
  -------------------------------------------------------------------    -------------------
    SLICE_X35Y109        FDRE (Prop_fdre_C_Q)         0.456     3.592 r  system_i/ps7_0_axi_periph/inst/clk_map/psr_aclk/U0/ACTIVE_LOW_BSR_OUT_DFF[0].FDRE_BSR_N/Q
                         net (fo=25, routed)          1.833     5.425    system_i/ps7_0_axi_periph/inst/s00_nodes/s00_ar_node/inst/s_sc_xpm_cdc_async_rst_inst/src_arst
    SLICE_X38Y98         LUT1 (Prop_lut1_I0_O)        0.117     5.542 f  system_i/ps7_0_axi_periph/inst/s00_nodes/s00_ar_node/inst/s_sc_xpm_cdc_async_rst_inst/arststages_ff[2]_i_1/O
                         net (fo=3, routed)           0.661     6.203    system_i/ps7_0_axi_periph/inst/s00_nodes/s00_ar_node/inst/s_sc_xpm_cdc_async_rst_inst/reset_pol
    SLICE_X38Y98         FDCE                                         f  system_i/ps7_0_axi_periph/inst/s00_nodes/s00_ar_node/inst/s_sc_xpm_cdc_async_rst_inst/arststages_ff_reg[0]/CLR
  -------------------------------------------------------------------    -------------------

                         (clock clk_fpga_0 rise edge)
                                                      0.000     0.000 r  
    PS7_X0Y0             PS7                          0.000     0.000 r  system_i/processing_system7_0/inst/PS7_i/FCLKCLK[0]
                         net (fo=1, routed)           1.088     1.088    system_i/processing_system7_0/inst/FCLK_CLK_unbuffered[0]
    BUFGCTRL_X0Y16       BUFG (Prop_bufg_I_O)         0.091     1.179 r  system_i/processing_system7_0/inst/buffer_fclk_clk_0.FCLK_CLK_0_BUFG/O
                         net (fo=2984, routed)        1.480     2.659    system_i/ps7_0_axi_periph/inst/s00_nodes/s00_ar_node/inst/s_sc_xpm_cdc_async_rst_inst/dest_clk
    SLICE_X38Y98         FDCE                                         r  system_i/ps7_0_axi_periph/inst/s00_nodes/s00_ar_node/inst/s_sc_xpm_cdc_async_rst_inst/arststages_ff_reg[0]/C





Min Delay Paths
--------------------------------------------------------------------------------------
Slack:                    inf
  Source:                 system_i/axi_vdma_0/U0/AXI_LITE_REG_INTERFACE_I/GEN_AXI_LITE_IF.AXI_LITE_IF_I/GEN_LITE_IS_ASYNC.GEN_MM2S_ONLY_ASYNC_LITE_ACCESS.mm2s_ip2axi_rddata_d1_reg[7]/C
                            (rising edge-triggered cell FDRE clocked by clk_fpga_0  {rise@0.000ns fall@5.000ns period=10.000ns})
  Destination:            system_i/axi_vdma_0/U0/AXI_LITE_REG_INTERFACE_I/GEN_AXI_LITE_IF.AXI_LITE_IF_I/GEN_LITE_IS_ASYNC.GEN_MM2S_ONLY_ASYNC_LITE_ACCESS.ip2axi_rddata_captured_mm2s_cdc_tig_reg[7]/D
                            (rising edge-triggered cell FDRE clocked by clk_fpga_0  {rise@0.000ns fall@5.000ns period=10.000ns})
  Path Group:             (none)
  Path Type:              Hold (Min at Fast Process Corner)
  Data Path Delay:        0.199ns  (logic 0.141ns (70.953%)  route 0.058ns (29.047%))
  Logic Levels:           0  
  Clock Path Skew:        0.296ns (DCD - SCD - CPR)
    Destination Clock Delay (DCD):    1.202ns
    Source Clock Delay      (SCD):    0.906ns
    Clock Pessimism Removal (CPR):    -0.000ns
  Clock Uncertainty:      0.154ns  ((TSJ^2 + TIJ^2)^1/2 + DJ) / 2 + PE
    Total System Jitter     (TSJ):    0.071ns
    Total Input Jitter      (TIJ):    0.300ns
    Discrete Jitter          (DJ):    0.000ns
    Phase Error              (PE):    0.000ns
  Timing Exception:       False Path

    Location             Delay type                Incr(ns)  Path(ns)    Netlist Resource(s)
  -------------------------------------------------------------------    -------------------
                         (clock clk_fpga_0 rise edge)
                                                      0.000     0.000 r  
    PS7_X0Y0             PS7                          0.000     0.000 r  system_i/processing_system7_0/inst/PS7_i/FCLKCLK[0]
                         net (fo=1, routed)           0.310     0.310    system_i/processing_system7_0/inst/FCLK_CLK_unbuffered[0]
    BUFGCTRL_X0Y16       BUFG (Prop_bufg_I_O)         0.026     0.336 r  system_i/processing_system7_0/inst/buffer_fclk_clk_0.FCLK_CLK_0_BUFG/O
                         net (fo=2984, routed)        0.570     0.906    system_i/axi_vdma_0/U0/AXI_LITE_REG_INTERFACE_I/GEN_AXI_LITE_IF.AXI_LITE_IF_I/m_axi_mm2s_aclk
    SLICE_X28Y82         FDRE                                         r  system_i/axi_vdma_0/U0/AXI_LITE_REG_INTERFACE_I/GEN_AXI_LITE_IF.AXI_LITE_IF_I/GEN_LITE_IS_ASYNC.GEN_MM2S_ONLY_ASYNC_LITE_ACCESS.mm2s_ip2axi_rddata_d1_reg[7]/C
  -------------------------------------------------------------------    -------------------
    SLICE_X28Y82         FDRE (Prop_fdre_C_Q)         0.141     1.047 r  system_i/axi_vdma_0/U0/AXI_LITE_REG_INTERFACE_I/GEN_AXI_LITE_IF.AXI_LITE_IF_I/GEN_LITE_IS_ASYNC.GEN_MM2S_ONLY_ASYNC_LITE_ACCESS.mm2s_ip2axi_rddata_d1_reg[7]/Q
                         net (fo=1, routed)           0.058     1.104    system_i/axi_vdma_0/U0/AXI_LITE_REG_INTERFACE_I/GEN_AXI_LITE_IF.AXI_LITE_IF_I/mm2s_ip2axi_rddata_d1[7]
    SLICE_X28Y82         FDRE                                         r  system_i/axi_vdma_0/U0/AXI_LITE_REG_INTERFACE_I/GEN_AXI_LITE_IF.AXI_LITE_IF_I/GEN_LITE_IS_ASYNC.GEN_MM2S_ONLY_ASYNC_LITE_ACCESS.ip2axi_rddata_captured_mm2s_cdc_tig_reg[7]/D
  -------------------------------------------------------------------    -------------------

                         (clock clk_fpga_0 rise edge)
                                                      0.000     0.000 r  
    PS7_X0Y0             PS7                          0.000     0.000 r  system_i/processing_system7_0/inst/PS7_i/FCLKCLK[0]
                         net (fo=1, routed)           0.337     0.337    system_i/processing_system7_0/inst/FCLK_CLK_unbuffered[0]
    BUFGCTRL_X0Y16       BUFG (Prop_bufg_I_O)         0.029     0.366 r  system_i/processing_system7_0/inst/buffer_fclk_clk_0.FCLK_CLK_0_BUFG/O
                         net (fo=2984, routed)        0.836     1.202    system_i/axi_vdma_0/U0/AXI_LITE_REG_INTERFACE_I/GEN_AXI_LITE_IF.AXI_LITE_IF_I/s_axi_lite_aclk
    SLICE_X28Y82         FDRE                                         r  system_i/axi_vdma_0/U0/AXI_LITE_REG_INTERFACE_I/GEN_AXI_LITE_IF.AXI_LITE_IF_I/GEN_LITE_IS_ASYNC.GEN_MM2S_ONLY_ASYNC_LITE_ACCESS.ip2axi_rddata_captured_mm2s_cdc_tig_reg[7]/C

Slack:                    inf
  Source:                 system_i/axi_vdma_0/U0/AXI_LITE_REG_INTERFACE_I/GEN_AXI_LITE_IF.AXI_LITE_IF_I/GEN_LITE_IS_ASYNC.GEN_MM2S_ONLY_ASYNC_LITE_ACCESS.mm2s_ip2axi_rddata_d1_reg[12]/C
                            (rising edge-triggered cell FDRE clocked by clk_fpga_0  {rise@0.000ns fall@5.000ns period=10.000ns})
  Destination:            system_i/axi_vdma_0/U0/AXI_LITE_REG_INTERFACE_I/GEN_AXI_LITE_IF.AXI_LITE_IF_I/GEN_LITE_IS_ASYNC.GEN_MM2S_ONLY_ASYNC_LITE_ACCESS.ip2axi_rddata_captured_mm2s_cdc_tig_reg[12]/D
                            (rising edge-triggered cell FDRE clocked by clk_fpga_0  {rise@0.000ns fall@5.000ns period=10.000ns})
  Path Group:             (none)
  Path Type:              Hold (Min at Fast Process Corner)
  Data Path Delay:        0.220ns  (logic 0.164ns (74.580%)  route 0.056ns (25.420%))
  Logic Levels:           0  
  Clock Path Skew:        0.295ns (DCD - SCD - CPR)
    Destination Clock Delay (DCD):    1.182ns
    Source Clock Delay      (SCD):    0.887ns
    Clock Pessimism Removal (CPR):    -0.000ns
  Clock Uncertainty:      0.154ns  ((TSJ^2 + TIJ^2)^1/2 + DJ) / 2 + PE
    Total System Jitter     (TSJ):    0.071ns
    Total Input Jitter      (TIJ):    0.300ns
    Discrete Jitter          (DJ):    0.000ns
    Phase Error              (PE):    0.000ns
  Timing Exception:       False Path

    Location             Delay type                Incr(ns)  Path(ns)    Netlist Resource(s)
  -------------------------------------------------------------------    -------------------
                         (clock clk_fpga_0 rise edge)
                                                      0.000     0.000 r  
    PS7_X0Y0             PS7                          0.000     0.000 r  system_i/processing_system7_0/inst/PS7_i/FCLKCLK[0]
                         net (fo=1, routed)           0.310     0.310    system_i/processing_system7_0/inst/FCLK_CLK_unbuffered[0]
    BUFGCTRL_X0Y16       BUFG (Prop_bufg_I_O)         0.026     0.336 r  system_i/processing_system7_0/inst/buffer_fclk_clk_0.FCLK_CLK_0_BUFG/O
                         net (fo=2984, routed)        0.551     0.887    system_i/axi_vdma_0/U0/AXI_LITE_REG_INTERFACE_I/GEN_AXI_LITE_IF.AXI_LITE_IF_I/m_axi_mm2s_aclk
    SLICE_X32Y81         FDRE                                         r  system_i/axi_vdma_0/U0/AXI_LITE_REG_INTERFACE_I/GEN_AXI_LITE_IF.AXI_LITE_IF_I/GEN_LITE_IS_ASYNC.GEN_MM2S_ONLY_ASYNC_LITE_ACCESS.mm2s_ip2axi_rddata_d1_reg[12]/C
  -------------------------------------------------------------------    -------------------
    SLICE_X32Y81         FDRE (Prop_fdre_C_Q)         0.164     1.051 r  system_i/axi_vdma_0/U0/AXI_LITE_REG_INTERFACE_I/GEN_AXI_LITE_IF.AXI_LITE_IF_I/GEN_LITE_IS_ASYNC.GEN_MM2S_ONLY_ASYNC_LITE_ACCESS.mm2s_ip2axi_rddata_d1_reg[12]/Q
                         net (fo=1, routed)           0.056     1.106    system_i/axi_vdma_0/U0/AXI_LITE_REG_INTERFACE_I/GEN_AXI_LITE_IF.AXI_LITE_IF_I/mm2s_ip2axi_rddata_d1[12]
    SLICE_X32Y81         FDRE                                         r  system_i/axi_vdma_0/U0/AXI_LITE_REG_INTERFACE_I/GEN_AXI_LITE_IF.AXI_LITE_IF_I/GEN_LITE_IS_ASYNC.GEN_MM2S_ONLY_ASYNC_LITE_ACCESS.ip2axi_rddata_captured_mm2s_cdc_tig_reg[12]/D
  -------------------------------------------------------------------    -------------------

                         (clock clk_fpga_0 rise edge)
                                                      0.000     0.000 r  
    PS7_X0Y0             PS7                          0.000     0.000 r  system_i/processing_system7_0/inst/PS7_i/FCLKCLK[0]
                         net (fo=1, routed)           0.337     0.337    system_i/processing_system7_0/inst/FCLK_CLK_unbuffered[0]
    BUFGCTRL_X0Y16       BUFG (Prop_bufg_I_O)         0.029     0.366 r  system_i/processing_system7_0/inst/buffer_fclk_clk_0.FCLK_CLK_0_BUFG/O
                         net (fo=2984, routed)        0.816     1.182    system_i/axi_vdma_0/U0/AXI_LITE_REG_INTERFACE_I/GEN_AXI_LITE_IF.AXI_LITE_IF_I/s_axi_lite_aclk
    SLICE_X32Y81         FDRE                                         r  system_i/axi_vdma_0/U0/AXI_LITE_REG_INTERFACE_I/GEN_AXI_LITE_IF.AXI_LITE_IF_I/GEN_LITE_IS_ASYNC.GEN_MM2S_ONLY_ASYNC_LITE_ACCESS.ip2axi_rddata_captured_mm2s_cdc_tig_reg[12]/C

Slack:                    inf
  Source:                 system_i/axi_vdma_0/U0/AXI_LITE_REG_INTERFACE_I/GEN_AXI_LITE_IF.AXI_LITE_IF_I/GEN_LITE_IS_ASYNC.GEN_MM2S_ONLY_ASYNC_LITE_ACCESS.mm2s_ip2axi_rddata_d1_reg[1]/C
                            (rising edge-triggered cell FDRE clocked by clk_fpga_0  {rise@0.000ns fall@5.000ns period=10.000ns})
  Destination:            system_i/axi_vdma_0/U0/AXI_LITE_REG_INTERFACE_I/GEN_AXI_LITE_IF.AXI_LITE_IF_I/GEN_LITE_IS_ASYNC.GEN_MM2S_ONLY_ASYNC_LITE_ACCESS.ip2axi_rddata_captured_mm2s_cdc_tig_reg[1]/D
                            (rising edge-triggered cell FDRE clocked by clk_fpga_0  {rise@0.000ns fall@5.000ns period=10.000ns})
  Path Group:             (none)
  Path Type:              Hold (Min at Fast Process Corner)
  Data Path Delay:        0.220ns  (logic 0.164ns (74.580%)  route 0.056ns (25.420%))
  Logic Levels:           0  
  Clock Path Skew:        0.295ns (DCD - SCD - CPR)
    Destination Clock Delay (DCD):    1.182ns
    Source Clock Delay      (SCD):    0.887ns
    Clock Pessimism Removal (CPR):    -0.000ns
  Clock Uncertainty:      0.154ns  ((TSJ^2 + TIJ^2)^1/2 + DJ) / 2 + PE
    Total System Jitter     (TSJ):    0.071ns
    Total Input Jitter      (TIJ):    0.300ns
    Discrete Jitter          (DJ):    0.000ns
    Phase Error              (PE):    0.000ns
  Timing Exception:       False Path

    Location             Delay type                Incr(ns)  Path(ns)    Netlist Resource(s)
  -------------------------------------------------------------------    -------------------
                         (clock clk_fpga_0 rise edge)
                                                      0.000     0.000 r  
    PS7_X0Y0             PS7                          0.000     0.000 r  system_i/processing_system7_0/inst/PS7_i/FCLKCLK[0]
                         net (fo=1, routed)           0.310     0.310    system_i/processing_system7_0/inst/FCLK_CLK_unbuffered[0]
    BUFGCTRL_X0Y16       BUFG (Prop_bufg_I_O)         0.026     0.336 r  system_i/processing_system7_0/inst/buffer_fclk_clk_0.FCLK_CLK_0_BUFG/O
                         net (fo=2984, routed)        0.551     0.887    system_i/axi_vdma_0/U0/AXI_LITE_REG_INTERFACE_I/GEN_AXI_LITE_IF.AXI_LITE_IF_I/m_axi_mm2s_aclk
    SLICE_X32Y81         FDRE                                         r  system_i/axi_vdma_0/U0/AXI_LITE_REG_INTERFACE_I/GEN_AXI_LITE_IF.AXI_LITE_IF_I/GEN_LITE_IS_ASYNC.GEN_MM2S_ONLY_ASYNC_LITE_ACCESS.mm2s_ip2axi_rddata_d1_reg[1]/C
  -------------------------------------------------------------------    -------------------
    SLICE_X32Y81         FDRE (Prop_fdre_C_Q)         0.164     1.051 r  system_i/axi_vdma_0/U0/AXI_LITE_REG_INTERFACE_I/GEN_AXI_LITE_IF.AXI_LITE_IF_I/GEN_LITE_IS_ASYNC.GEN_MM2S_ONLY_ASYNC_LITE_ACCESS.mm2s_ip2axi_rddata_d1_reg[1]/Q
                         net (fo=1, routed)           0.056     1.106    system_i/axi_vdma_0/U0/AXI_LITE_REG_INTERFACE_I/GEN_AXI_LITE_IF.AXI_LITE_IF_I/mm2s_ip2axi_rddata_d1[1]
    SLICE_X32Y81         FDRE                                         r  system_i/axi_vdma_0/U0/AXI_LITE_REG_INTERFACE_I/GEN_AXI_LITE_IF.AXI_LITE_IF_I/GEN_LITE_IS_ASYNC.GEN_MM2S_ONLY_ASYNC_LITE_ACCESS.ip2axi_rddata_captured_mm2s_cdc_tig_reg[1]/D
  -------------------------------------------------------------------    -------------------

                         (clock clk_fpga_0 rise edge)
                                                      0.000     0.000 r  
    PS7_X0Y0             PS7                          0.000     0.000 r  system_i/processing_system7_0/inst/PS7_i/FCLKCLK[0]
                         net (fo=1, routed)           0.337     0.337    system_i/processing_system7_0/inst/FCLK_CLK_unbuffered[0]
    BUFGCTRL_X0Y16       BUFG (Prop_bufg_I_O)         0.029     0.366 r  system_i/processing_system7_0/inst/buffer_fclk_clk_0.FCLK_CLK_0_BUFG/O
                         net (fo=2984, routed)        0.816     1.182    system_i/axi_vdma_0/U0/AXI_LITE_REG_INTERFACE_I/GEN_AXI_LITE_IF.AXI_LITE_IF_I/s_axi_lite_aclk
    SLICE_X32Y81         FDRE                                         r  system_i/axi_vdma_0/U0/AXI_LITE_REG_INTERFACE_I/GEN_AXI_LITE_IF.AXI_LITE_IF_I/GEN_LITE_IS_ASYNC.GEN_MM2S_ONLY_ASYNC_LITE_ACCESS.ip2axi_rddata_captured_mm2s_cdc_tig_reg[1]/C

Slack:                    inf
  Source:                 system_i/axi_vdma_0/U0/AXI_LITE_REG_INTERFACE_I/GEN_AXI_LITE_IF.AXI_LITE_IF_I/GEN_LITE_IS_ASYNC.GEN_MM2S_ONLY_ASYNC_LITE_ACCESS.mm2s_ip2axi_rddata_d1_reg[14]/C
                            (rising edge-triggered cell FDRE clocked by clk_fpga_0  {rise@0.000ns fall@5.000ns period=10.000ns})
  Destination:            system_i/axi_vdma_0/U0/AXI_LITE_REG_INTERFACE_I/GEN_AXI_LITE_IF.AXI_LITE_IF_I/GEN_LITE_IS_ASYNC.GEN_MM2S_ONLY_ASYNC_LITE_ACCESS.ip2axi_rddata_captured_mm2s_cdc_tig_reg[14]/D
                            (rising edge-triggered cell FDRE clocked by clk_fpga_0  {rise@0.000ns fall@5.000ns period=10.000ns})
  Path Group:             (none)
  Path Type:              Hold (Min at Fast Process Corner)
  Data Path Delay:        0.206ns  (logic 0.141ns (68.336%)  route 0.065ns (31.664%))
  Logic Levels:           0  
  Clock Path Skew:        0.296ns (DCD - SCD - CPR)
    Destination Clock Delay (DCD):    1.202ns
    Source Clock Delay      (SCD):    0.906ns
    Clock Pessimism Removal (CPR):    -0.000ns
  Clock Uncertainty:      0.154ns  ((TSJ^2 + TIJ^2)^1/2 + DJ) / 2 + PE
    Total System Jitter     (TSJ):    0.071ns
    Total Input Jitter      (TIJ):    0.300ns
    Discrete Jitter          (DJ):    0.000ns
    Phase Error              (PE):    0.000ns
  Timing Exception:       False Path

    Location             Delay type                Incr(ns)  Path(ns)    Netlist Resource(s)
  -------------------------------------------------------------------    -------------------
                         (clock clk_fpga_0 rise edge)
                                                      0.000     0.000 r  
    PS7_X0Y0             PS7                          0.000     0.000 r  system_i/processing_system7_0/inst/PS7_i/FCLKCLK[0]
                         net (fo=1, routed)           0.310     0.310    system_i/processing_system7_0/inst/FCLK_CLK_unbuffered[0]
    BUFGCTRL_X0Y16       BUFG (Prop_bufg_I_O)         0.026     0.336 r  system_i/processing_system7_0/inst/buffer_fclk_clk_0.FCLK_CLK_0_BUFG/O
                         net (fo=2984, routed)        0.570     0.906    system_i/axi_vdma_0/U0/AXI_LITE_REG_INTERFACE_I/GEN_AXI_LITE_IF.AXI_LITE_IF_I/m_axi_mm2s_aclk
    SLICE_X28Y82         FDRE                                         r  system_i/axi_vdma_0/U0/AXI_LITE_REG_INTERFACE_I/GEN_AXI_LITE_IF.AXI_LITE_IF_I/GEN_LITE_IS_ASYNC.GEN_MM2S_ONLY_ASYNC_LITE_ACCESS.mm2s_ip2axi_rddata_d1_reg[14]/C
  -------------------------------------------------------------------    -------------------
    SLICE_X28Y82         FDRE (Prop_fdre_C_Q)         0.141     1.047 r  system_i/axi_vdma_0/U0/AXI_LITE_REG_INTERFACE_I/GEN_AXI_LITE_IF.AXI_LITE_IF_I/GEN_LITE_IS_ASYNC.GEN_MM2S_ONLY_ASYNC_LITE_ACCESS.mm2s_ip2axi_rddata_d1_reg[14]/Q
                         net (fo=1, routed)           0.065     1.112    system_i/axi_vdma_0/U0/AXI_LITE_REG_INTERFACE_I/GEN_AXI_LITE_IF.AXI_LITE_IF_I/mm2s_ip2axi_rddata_d1[14]
    SLICE_X28Y82         FDRE                                         r  system_i/axi_vdma_0/U0/AXI_LITE_REG_INTERFACE_I/GEN_AXI_LITE_IF.AXI_LITE_IF_I/GEN_LITE_IS_ASYNC.GEN_MM2S_ONLY_ASYNC_LITE_ACCESS.ip2axi_rddata_captured_mm2s_cdc_tig_reg[14]/D
  -------------------------------------------------------------------    -------------------

                         (clock clk_fpga_0 rise edge)
                                                      0.000     0.000 r  
    PS7_X0Y0             PS7                          0.000     0.000 r  system_i/processing_system7_0/inst/PS7_i/FCLKCLK[0]
                         net (fo=1, routed)           0.337     0.337    system_i/processing_system7_0/inst/FCLK_CLK_unbuffered[0]
    BUFGCTRL_X0Y16       BUFG (Prop_bufg_I_O)         0.029     0.366 r  system_i/processing_system7_0/inst/buffer_fclk_clk_0.FCLK_CLK_0_BUFG/O
                         net (fo=2984, routed)        0.836     1.202    system_i/axi_vdma_0/U0/AXI_LITE_REG_INTERFACE_I/GEN_AXI_LITE_IF.AXI_LITE_IF_I/s_axi_lite_aclk
    SLICE_X28Y82         FDRE                                         r  system_i/axi_vdma_0/U0/AXI_LITE_REG_INTERFACE_I/GEN_AXI_LITE_IF.AXI_LITE_IF_I/GEN_LITE_IS_ASYNC.GEN_MM2S_ONLY_ASYNC_LITE_ACCESS.ip2axi_rddata_captured_mm2s_cdc_tig_reg[14]/C

Slack:                    inf
  Source:                 system_i/axi_vdma_0/U0/AXI_LITE_REG_INTERFACE_I/GEN_AXI_LITE_IF.AXI_LITE_IF_I/GEN_LITE_IS_ASYNC.GEN_MM2S_ONLY_ASYNC_LITE_ACCESS.mm2s_ip2axi_rddata_d1_reg[11]/C
                            (rising edge-triggered cell FDRE clocked by clk_fpga_0  {rise@0.000ns fall@5.000ns period=10.000ns})
  Destination:            system_i/axi_vdma_0/U0/AXI_LITE_REG_INTERFACE_I/GEN_AXI_LITE_IF.AXI_LITE_IF_I/GEN_LITE_IS_ASYNC.GEN_MM2S_ONLY_ASYNC_LITE_ACCESS.ip2axi_rddata_captured_mm2s_cdc_tig_reg[11]/D
                            (rising edge-triggered cell FDRE clocked by clk_fpga_0  {rise@0.000ns fall@5.000ns period=10.000ns})
  Path Group:             (none)
  Path Type:              Hold (Min at Fast Process Corner)
  Data Path Delay:        0.220ns  (logic 0.164ns (74.580%)  route 0.056ns (25.420%))
  Logic Levels:           0  
  Clock Path Skew:        0.298ns (DCD - SCD - CPR)
    Destination Clock Delay (DCD):    1.200ns
    Source Clock Delay      (SCD):    0.902ns
    Clock Pessimism Removal (CPR):    -0.000ns
  Clock Uncertainty:      0.154ns  ((TSJ^2 + TIJ^2)^1/2 + DJ) / 2 + PE
    Total System Jitter     (TSJ):    0.071ns
    Total Input Jitter      (TIJ):    0.300ns
    Discrete Jitter          (DJ):    0.000ns
    Phase Error              (PE):    0.000ns
  Timing Exception:       False Path

    Location             Delay type                Incr(ns)  Path(ns)    Netlist Resource(s)
  -------------------------------------------------------------------    -------------------
                         (clock clk_fpga_0 rise edge)
                                                      0.000     0.000 r  
    PS7_X0Y0             PS7                          0.000     0.000 r  system_i/processing_system7_0/inst/PS7_i/FCLKCLK[0]
                         net (fo=1, routed)           0.310     0.310    system_i/processing_system7_0/inst/FCLK_CLK_unbuffered[0]
    BUFGCTRL_X0Y16       BUFG (Prop_bufg_I_O)         0.026     0.336 r  system_i/processing_system7_0/inst/buffer_fclk_clk_0.FCLK_CLK_0_BUFG/O
                         net (fo=2984, routed)        0.566     0.902    system_i/axi_vdma_0/U0/AXI_LITE_REG_INTERFACE_I/GEN_AXI_LITE_IF.AXI_LITE_IF_I/m_axi_mm2s_aclk
    SLICE_X26Y81         FDRE                                         r  system_i/axi_vdma_0/U0/AXI_LITE_REG_INTERFACE_I/GEN_AXI_LITE_IF.AXI_LITE_IF_I/GEN_LITE_IS_ASYNC.GEN_MM2S_ONLY_ASYNC_LITE_ACCESS.mm2s_ip2axi_rddata_d1_reg[11]/C
  -------------------------------------------------------------------    -------------------
    SLICE_X26Y81         FDRE (Prop_fdre_C_Q)         0.164     1.066 r  system_i/axi_vdma_0/U0/AXI_LITE_REG_INTERFACE_I/GEN_AXI_LITE_IF.AXI_LITE_IF_I/GEN_LITE_IS_ASYNC.GEN_MM2S_ONLY_ASYNC_LITE_ACCESS.mm2s_ip2axi_rddata_d1_reg[11]/Q
                         net (fo=1, routed)           0.056     1.121    system_i/axi_vdma_0/U0/AXI_LITE_REG_INTERFACE_I/GEN_AXI_LITE_IF.AXI_LITE_IF_I/mm2s_ip2axi_rddata_d1[11]
    SLICE_X26Y81         FDRE                                         r  system_i/axi_vdma_0/U0/AXI_LITE_REG_INTERFACE_I/GEN_AXI_LITE_IF.AXI_LITE_IF_I/GEN_LITE_IS_ASYNC.GEN_MM2S_ONLY_ASYNC_LITE_ACCESS.ip2axi_rddata_captured_mm2s_cdc_tig_reg[11]/D
  -------------------------------------------------------------------    -------------------

                         (clock clk_fpga_0 rise edge)
                                                      0.000     0.000 r  
    PS7_X0Y0             PS7                          0.000     0.000 r  system_i/processing_system7_0/inst/PS7_i/FCLKCLK[0]
                         net (fo=1, routed)           0.337     0.337    system_i/processing_system7_0/inst/FCLK_CLK_unbuffered[0]
    BUFGCTRL_X0Y16       BUFG (Prop_bufg_I_O)         0.029     0.366 r  system_i/processing_system7_0/inst/buffer_fclk_clk_0.FCLK_CLK_0_BUFG/O
                         net (fo=2984, routed)        0.834     1.200    system_i/axi_vdma_0/U0/AXI_LITE_REG_INTERFACE_I/GEN_AXI_LITE_IF.AXI_LITE_IF_I/s_axi_lite_aclk
    SLICE_X26Y81         FDRE                                         r  system_i/axi_vdma_0/U0/AXI_LITE_REG_INTERFACE_I/GEN_AXI_LITE_IF.AXI_LITE_IF_I/GEN_LITE_IS_ASYNC.GEN_MM2S_ONLY_ASYNC_LITE_ACCESS.ip2axi_rddata_captured_mm2s_cdc_tig_reg[11]/C

Slack:                    inf
  Source:                 system_i/axi_vdma_0/U0/AXI_LITE_REG_INTERFACE_I/GEN_AXI_LITE_IF.AXI_LITE_IF_I/GEN_LITE_IS_ASYNC.GEN_MM2S_ONLY_ASYNC_LITE_ACCESS.mm2s_ip2axi_rddata_d1_reg[8]/C
                            (rising edge-triggered cell FDRE clocked by clk_fpga_0  {rise@0.000ns fall@5.000ns period=10.000ns})
  Destination:            system_i/axi_vdma_0/U0/AXI_LITE_REG_INTERFACE_I/GEN_AXI_LITE_IF.AXI_LITE_IF_I/GEN_LITE_IS_ASYNC.GEN_MM2S_ONLY_ASYNC_LITE_ACCESS.ip2axi_rddata_captured_mm2s_cdc_tig_reg[8]/D
                            (rising edge-triggered cell FDRE clocked by clk_fpga_0  {rise@0.000ns fall@5.000ns period=10.000ns})
  Path Group:             (none)
  Path Type:              Hold (Min at Fast Process Corner)
  Data Path Delay:        0.220ns  (logic 0.164ns (74.580%)  route 0.056ns (25.420%))
  Logic Levels:           0  
  Clock Path Skew:        0.298ns (DCD - SCD - CPR)
    Destination Clock Delay (DCD):    1.200ns
    Source Clock Delay      (SCD):    0.902ns
    Clock Pessimism Removal (CPR):    -0.000ns
  Clock Uncertainty:      0.154ns  ((TSJ^2 + TIJ^2)^1/2 + DJ) / 2 + PE
    Total System Jitter     (TSJ):    0.071ns
    Total Input Jitter      (TIJ):    0.300ns
    Discrete Jitter          (DJ):    0.000ns
    Phase Error              (PE):    0.000ns
  Timing Exception:       False Path

    Location             Delay type                Incr(ns)  Path(ns)    Netlist Resource(s)
  -------------------------------------------------------------------    -------------------
                         (clock clk_fpga_0 rise edge)
                                                      0.000     0.000 r  
    PS7_X0Y0             PS7                          0.000     0.000 r  system_i/processing_system7_0/inst/PS7_i/FCLKCLK[0]
                         net (fo=1, routed)           0.310     0.310    system_i/processing_system7_0/inst/FCLK_CLK_unbuffered[0]
    BUFGCTRL_X0Y16       BUFG (Prop_bufg_I_O)         0.026     0.336 r  system_i/processing_system7_0/inst/buffer_fclk_clk_0.FCLK_CLK_0_BUFG/O
                         net (fo=2984, routed)        0.566     0.902    system_i/axi_vdma_0/U0/AXI_LITE_REG_INTERFACE_I/GEN_AXI_LITE_IF.AXI_LITE_IF_I/m_axi_mm2s_aclk
    SLICE_X26Y81         FDRE                                         r  system_i/axi_vdma_0/U0/AXI_LITE_REG_INTERFACE_I/GEN_AXI_LITE_IF.AXI_LITE_IF_I/GEN_LITE_IS_ASYNC.GEN_MM2S_ONLY_ASYNC_LITE_ACCESS.mm2s_ip2axi_rddata_d1_reg[8]/C
  -------------------------------------------------------------------    -------------------
    SLICE_X26Y81         FDRE (Prop_fdre_C_Q)         0.164     1.066 r  system_i/axi_vdma_0/U0/AXI_LITE_REG_INTERFACE_I/GEN_AXI_LITE_IF.AXI_LITE_IF_I/GEN_LITE_IS_ASYNC.GEN_MM2S_ONLY_ASYNC_LITE_ACCESS.mm2s_ip2axi_rddata_d1_reg[8]/Q
                         net (fo=1, routed)           0.056     1.121    system_i/axi_vdma_0/U0/AXI_LITE_REG_INTERFACE_I/GEN_AXI_LITE_IF.AXI_LITE_IF_I/mm2s_ip2axi_rddata_d1[8]
    SLICE_X26Y81         FDRE                                         r  system_i/axi_vdma_0/U0/AXI_LITE_REG_INTERFACE_I/GEN_AXI_LITE_IF.AXI_LITE_IF_I/GEN_LITE_IS_ASYNC.GEN_MM2S_ONLY_ASYNC_LITE_ACCESS.ip2axi_rddata_captured_mm2s_cdc_tig_reg[8]/D
  -------------------------------------------------------------------    -------------------

                         (clock clk_fpga_0 rise edge)
                                                      0.000     0.000 r  
    PS7_X0Y0             PS7                          0.000     0.000 r  system_i/processing_system7_0/inst/PS7_i/FCLKCLK[0]
                         net (fo=1, routed)           0.337     0.337    system_i/processing_system7_0/inst/FCLK_CLK_unbuffered[0]
    BUFGCTRL_X0Y16       BUFG (Prop_bufg_I_O)         0.029     0.366 r  system_i/processing_system7_0/inst/buffer_fclk_clk_0.FCLK_CLK_0_BUFG/O
                         net (fo=2984, routed)        0.834     1.200    system_i/axi_vdma_0/U0/AXI_LITE_REG_INTERFACE_I/GEN_AXI_LITE_IF.AXI_LITE_IF_I/s_axi_lite_aclk
    SLICE_X26Y81         FDRE                                         r  system_i/axi_vdma_0/U0/AXI_LITE_REG_INTERFACE_I/GEN_AXI_LITE_IF.AXI_LITE_IF_I/GEN_LITE_IS_ASYNC.GEN_MM2S_ONLY_ASYNC_LITE_ACCESS.ip2axi_rddata_captured_mm2s_cdc_tig_reg[8]/C

Slack:                    inf
  Source:                 system_i/axi_vdma_0/U0/GEN_SPRT_FOR_MM2S.MM2S_REGISTER_MODULE_I/I_DMA_REGISTER/MM2S_ERR_FOR_IRQ.frm_store_i_reg[3]/C
                            (rising edge-triggered cell FDRE clocked by clk_fpga_0  {rise@0.000ns fall@5.000ns period=10.000ns})
  Destination:            system_i/axi_vdma_0/U0/AXI_LITE_REG_INTERFACE_I/GEN_MM2S_LITE_CROSSINGS.GEN_MM2S_CROSSINGS_ASYNC.mm2s_ip2axi_frame_store_cdc_tig_reg[3]/D
                            (rising edge-triggered cell FDRE clocked by clk_fpga_0  {rise@0.000ns fall@5.000ns period=10.000ns})
  Path Group:             (none)
  Path Type:              Hold (Min at Fast Process Corner)
  Data Path Delay:        0.251ns  (logic 0.141ns (56.174%)  route 0.110ns (43.826%))
  Logic Levels:           0  
  Clock Path Skew:        0.299ns (DCD - SCD - CPR)
    Destination Clock Delay (DCD):    1.203ns
    Source Clock Delay      (SCD):    0.904ns
    Clock Pessimism Removal (CPR):    -0.000ns
  Clock Uncertainty:      0.154ns  ((TSJ^2 + TIJ^2)^1/2 + DJ) / 2 + PE
    Total System Jitter     (TSJ):    0.071ns
    Total Input Jitter      (TIJ):    0.300ns
    Discrete Jitter          (DJ):    0.000ns
    Phase Error              (PE):    0.000ns
  Timing Exception:       False Path

    Location             Delay type                Incr(ns)  Path(ns)    Netlist Resource(s)
  -------------------------------------------------------------------    -------------------
                         (clock clk_fpga_0 rise edge)
                                                      0.000     0.000 r  
    PS7_X0Y0             PS7                          0.000     0.000 r  system_i/processing_system7_0/inst/PS7_i/FCLKCLK[0]
                         net (fo=1, routed)           0.310     0.310    system_i/processing_system7_0/inst/FCLK_CLK_unbuffered[0]
    BUFGCTRL_X0Y16       BUFG (Prop_bufg_I_O)         0.026     0.336 r  system_i/processing_system7_0/inst/buffer_fclk_clk_0.FCLK_CLK_0_BUFG/O
                         net (fo=2984, routed)        0.568     0.904    system_i/axi_vdma_0/U0/GEN_SPRT_FOR_MM2S.MM2S_REGISTER_MODULE_I/I_DMA_REGISTER/m_axi_mm2s_aclk
    SLICE_X27Y83         FDRE                                         r  system_i/axi_vdma_0/U0/GEN_SPRT_FOR_MM2S.MM2S_REGISTER_MODULE_I/I_DMA_REGISTER/MM2S_ERR_FOR_IRQ.frm_store_i_reg[3]/C
  -------------------------------------------------------------------    -------------------
    SLICE_X27Y83         FDRE (Prop_fdre_C_Q)         0.141     1.045 r  system_i/axi_vdma_0/U0/GEN_SPRT_FOR_MM2S.MM2S_REGISTER_MODULE_I/I_DMA_REGISTER/MM2S_ERR_FOR_IRQ.frm_store_i_reg[3]/Q
                         net (fo=1, routed)           0.110     1.155    system_i/axi_vdma_0/U0/AXI_LITE_REG_INTERFACE_I/GEN_MM2S_LITE_CROSSINGS.GEN_MM2S_CROSSINGS_ASYNC.mm2s_ip2axi_frame_store_cdc_tig_reg[4]_0[3]
    SLICE_X27Y84         FDRE                                         r  system_i/axi_vdma_0/U0/AXI_LITE_REG_INTERFACE_I/GEN_MM2S_LITE_CROSSINGS.GEN_MM2S_CROSSINGS_ASYNC.mm2s_ip2axi_frame_store_cdc_tig_reg[3]/D
  -------------------------------------------------------------------    -------------------

                         (clock clk_fpga_0 rise edge)
                                                      0.000     0.000 r  
    PS7_X0Y0             PS7                          0.000     0.000 r  system_i/processing_system7_0/inst/PS7_i/FCLKCLK[0]
                         net (fo=1, routed)           0.337     0.337    system_i/processing_system7_0/inst/FCLK_CLK_unbuffered[0]
    BUFGCTRL_X0Y16       BUFG (Prop_bufg_I_O)         0.029     0.366 r  system_i/processing_system7_0/inst/buffer_fclk_clk_0.FCLK_CLK_0_BUFG/O
                         net (fo=2984, routed)        0.837     1.203    system_i/axi_vdma_0/U0/AXI_LITE_REG_INTERFACE_I/s_axi_lite_aclk
    SLICE_X27Y84         FDRE                                         r  system_i/axi_vdma_0/U0/AXI_LITE_REG_INTERFACE_I/GEN_MM2S_LITE_CROSSINGS.GEN_MM2S_CROSSINGS_ASYNC.mm2s_ip2axi_frame_store_cdc_tig_reg[3]/C

Slack:                    inf
  Source:                 system_i/axi_vdma_0/U0/AXI_LITE_REG_INTERFACE_I/GEN_AXI_LITE_IF.AXI_LITE_IF_I/GEN_LITE_IS_ASYNC.GEN_MM2S_ONLY_ASYNC_LITE_ACCESS.mm2s_ip2axi_rddata_d1_reg[23]/C
                            (rising edge-triggered cell FDRE clocked by clk_fpga_0  {rise@0.000ns fall@5.000ns period=10.000ns})
  Destination:            system_i/axi_vdma_0/U0/AXI_LITE_REG_INTERFACE_I/GEN_AXI_LITE_IF.AXI_LITE_IF_I/GEN_LITE_IS_ASYNC.GEN_MM2S_ONLY_ASYNC_LITE_ACCESS.ip2axi_rddata_captured_mm2s_cdc_tig_reg[23]/D
                            (rising edge-triggered cell FDRE clocked by clk_fpga_0  {rise@0.000ns fall@5.000ns period=10.000ns})
  Path Group:             (none)
  Path Type:              Hold (Min at Fast Process Corner)
  Data Path Delay:        0.247ns  (logic 0.128ns (51.778%)  route 0.119ns (48.222%))
  Logic Levels:           0  
  Clock Path Skew:        0.297ns (DCD - SCD - CPR)
    Destination Clock Delay (DCD):    1.205ns
    Source Clock Delay      (SCD):    0.908ns
    Clock Pessimism Removal (CPR):    -0.000ns
  Clock Uncertainty:      0.154ns  ((TSJ^2 + TIJ^2)^1/2 + DJ) / 2 + PE
    Total System Jitter     (TSJ):    0.071ns
    Total Input Jitter      (TIJ):    0.300ns
    Discrete Jitter          (DJ):    0.000ns
    Phase Error              (PE):    0.000ns
  Timing Exception:       False Path

    Location             Delay type                Incr(ns)  Path(ns)    Netlist Resource(s)
  -------------------------------------------------------------------    -------------------
                         (clock clk_fpga_0 rise edge)
                                                      0.000     0.000 r  
    PS7_X0Y0             PS7                          0.000     0.000 r  system_i/processing_system7_0/inst/PS7_i/FCLKCLK[0]
                         net (fo=1, routed)           0.310     0.310    system_i/processing_system7_0/inst/FCLK_CLK_unbuffered[0]
    BUFGCTRL_X0Y16       BUFG (Prop_bufg_I_O)         0.026     0.336 r  system_i/processing_system7_0/inst/buffer_fclk_clk_0.FCLK_CLK_0_BUFG/O
                         net (fo=2984, routed)        0.572     0.908    system_i/axi_vdma_0/U0/AXI_LITE_REG_INTERFACE_I/GEN_AXI_LITE_IF.AXI_LITE_IF_I/m_axi_mm2s_aclk
    SLICE_X31Y86         FDRE                                         r  system_i/axi_vdma_0/U0/AXI_LITE_REG_INTERFACE_I/GEN_AXI_LITE_IF.AXI_LITE_IF_I/GEN_LITE_IS_ASYNC.GEN_MM2S_ONLY_ASYNC_LITE_ACCESS.mm2s_ip2axi_rddata_d1_reg[23]/C
  -------------------------------------------------------------------    -------------------
    SLICE_X31Y86         FDRE (Prop_fdre_C_Q)         0.128     1.036 r  system_i/axi_vdma_0/U0/AXI_LITE_REG_INTERFACE_I/GEN_AXI_LITE_IF.AXI_LITE_IF_I/GEN_LITE_IS_ASYNC.GEN_MM2S_ONLY_ASYNC_LITE_ACCESS.mm2s_ip2axi_rddata_d1_reg[23]/Q
                         net (fo=1, routed)           0.119     1.155    system_i/axi_vdma_0/U0/AXI_LITE_REG_INTERFACE_I/GEN_AXI_LITE_IF.AXI_LITE_IF_I/mm2s_ip2axi_rddata_d1[23]
    SLICE_X31Y86         FDRE                                         r  system_i/axi_vdma_0/U0/AXI_LITE_REG_INTERFACE_I/GEN_AXI_LITE_IF.AXI_LITE_IF_I/GEN_LITE_IS_ASYNC.GEN_MM2S_ONLY_ASYNC_LITE_ACCESS.ip2axi_rddata_captured_mm2s_cdc_tig_reg[23]/D
  -------------------------------------------------------------------    -------------------

                         (clock clk_fpga_0 rise edge)
                                                      0.000     0.000 r  
    PS7_X0Y0             PS7                          0.000     0.000 r  system_i/processing_system7_0/inst/PS7_i/FCLKCLK[0]
                         net (fo=1, routed)           0.337     0.337    system_i/processing_system7_0/inst/FCLK_CLK_unbuffered[0]
    BUFGCTRL_X0Y16       BUFG (Prop_bufg_I_O)         0.029     0.366 r  system_i/processing_system7_0/inst/buffer_fclk_clk_0.FCLK_CLK_0_BUFG/O
                         net (fo=2984, routed)        0.839     1.205    system_i/axi_vdma_0/U0/AXI_LITE_REG_INTERFACE_I/GEN_AXI_LITE_IF.AXI_LITE_IF_I/s_axi_lite_aclk
    SLICE_X31Y86         FDRE                                         r  system_i/axi_vdma_0/U0/AXI_LITE_REG_INTERFACE_I/GEN_AXI_LITE_IF.AXI_LITE_IF_I/GEN_LITE_IS_ASYNC.GEN_MM2S_ONLY_ASYNC_LITE_ACCESS.ip2axi_rddata_captured_mm2s_cdc_tig_reg[23]/C

Slack:                    inf
  Source:                 system_i/axi_vdma_0/U0/AXI_LITE_REG_INTERFACE_I/GEN_AXI_LITE_IF.AXI_LITE_IF_I/GEN_LITE_IS_ASYNC.GEN_MM2S_ONLY_ASYNC_LITE_ACCESS.mm2s_ip2axi_rddata_d1_reg[17]/C
                            (rising edge-triggered cell FDRE clocked by clk_fpga_0  {rise@0.000ns fall@5.000ns period=10.000ns})
  Destination:            system_i/axi_vdma_0/U0/AXI_LITE_REG_INTERFACE_I/GEN_AXI_LITE_IF.AXI_LITE_IF_I/GEN_LITE_IS_ASYNC.GEN_MM2S_ONLY_ASYNC_LITE_ACCESS.ip2axi_rddata_captured_mm2s_cdc_tig_reg[17]/D
                            (rising edge-triggered cell FDRE clocked by clk_fpga_0  {rise@0.000ns fall@5.000ns period=10.000ns})
  Path Group:             (none)
  Path Type:              Hold (Min at Fast Process Corner)
  Data Path Delay:        0.247ns  (logic 0.128ns (51.736%)  route 0.119ns (48.264%))
  Logic Levels:           0  
  Clock Path Skew:        0.296ns (DCD - SCD - CPR)
    Destination Clock Delay (DCD):    1.204ns
    Source Clock Delay      (SCD):    0.908ns
    Clock Pessimism Removal (CPR):    -0.000ns
  Clock Uncertainty:      0.154ns  ((TSJ^2 + TIJ^2)^1/2 + DJ) / 2 + PE
    Total System Jitter     (TSJ):    0.071ns
    Total Input Jitter      (TIJ):    0.300ns
    Discrete Jitter          (DJ):    0.000ns
    Phase Error              (PE):    0.000ns
  Timing Exception:       False Path

    Location             Delay type                Incr(ns)  Path(ns)    Netlist Resource(s)
  -------------------------------------------------------------------    -------------------
                         (clock clk_fpga_0 rise edge)
                                                      0.000     0.000 r  
    PS7_X0Y0             PS7                          0.000     0.000 r  system_i/processing_system7_0/inst/PS7_i/FCLKCLK[0]
                         net (fo=1, routed)           0.310     0.310    system_i/processing_system7_0/inst/FCLK_CLK_unbuffered[0]
    BUFGCTRL_X0Y16       BUFG (Prop_bufg_I_O)         0.026     0.336 r  system_i/processing_system7_0/inst/buffer_fclk_clk_0.FCLK_CLK_0_BUFG/O
                         net (fo=2984, routed)        0.572     0.908    system_i/axi_vdma_0/U0/AXI_LITE_REG_INTERFACE_I/GEN_AXI_LITE_IF.AXI_LITE_IF_I/m_axi_mm2s_aclk
    SLICE_X28Y84         FDRE                                         r  system_i/axi_vdma_0/U0/AXI_LITE_REG_INTERFACE_I/GEN_AXI_LITE_IF.AXI_LITE_IF_I/GEN_LITE_IS_ASYNC.GEN_MM2S_ONLY_ASYNC_LITE_ACCESS.mm2s_ip2axi_rddata_d1_reg[17]/C
  -------------------------------------------------------------------    -------------------
    SLICE_X28Y84         FDRE (Prop_fdre_C_Q)         0.128     1.036 r  system_i/axi_vdma_0/U0/AXI_LITE_REG_INTERFACE_I/GEN_AXI_LITE_IF.AXI_LITE_IF_I/GEN_LITE_IS_ASYNC.GEN_MM2S_ONLY_ASYNC_LITE_ACCESS.mm2s_ip2axi_rddata_d1_reg[17]/Q
                         net (fo=1, routed)           0.119     1.155    system_i/axi_vdma_0/U0/AXI_LITE_REG_INTERFACE_I/GEN_AXI_LITE_IF.AXI_LITE_IF_I/mm2s_ip2axi_rddata_d1[17]
    SLICE_X28Y84         FDRE                                         r  system_i/axi_vdma_0/U0/AXI_LITE_REG_INTERFACE_I/GEN_AXI_LITE_IF.AXI_LITE_IF_I/GEN_LITE_IS_ASYNC.GEN_MM2S_ONLY_ASYNC_LITE_ACCESS.ip2axi_rddata_captured_mm2s_cdc_tig_reg[17]/D
  -------------------------------------------------------------------    -------------------

                         (clock clk_fpga_0 rise edge)
                                                      0.000     0.000 r  
    PS7_X0Y0             PS7                          0.000     0.000 r  system_i/processing_system7_0/inst/PS7_i/FCLKCLK[0]
                         net (fo=1, routed)           0.337     0.337    system_i/processing_system7_0/inst/FCLK_CLK_unbuffered[0]
    BUFGCTRL_X0Y16       BUFG (Prop_bufg_I_O)         0.029     0.366 r  system_i/processing_system7_0/inst/buffer_fclk_clk_0.FCLK_CLK_0_BUFG/O
                         net (fo=2984, routed)        0.838     1.204    system_i/axi_vdma_0/U0/AXI_LITE_REG_INTERFACE_I/GEN_AXI_LITE_IF.AXI_LITE_IF_I/s_axi_lite_aclk
    SLICE_X28Y84         FDRE                                         r  system_i/axi_vdma_0/U0/AXI_LITE_REG_INTERFACE_I/GEN_AXI_LITE_IF.AXI_LITE_IF_I/GEN_LITE_IS_ASYNC.GEN_MM2S_ONLY_ASYNC_LITE_ACCESS.ip2axi_rddata_captured_mm2s_cdc_tig_reg[17]/C

Slack:                    inf
  Source:                 system_i/axi_vdma_0/U0/GEN_SPRT_FOR_MM2S.MM2S_REGISTER_MODULE_I/I_DMA_REGISTER/MM2S_ERR_FOR_IRQ.frm_store_i_reg[0]/C
                            (rising edge-triggered cell FDRE clocked by clk_fpga_0  {rise@0.000ns fall@5.000ns period=10.000ns})
  Destination:            system_i/axi_vdma_0/U0/AXI_LITE_REG_INTERFACE_I/GEN_MM2S_LITE_CROSSINGS.GEN_MM2S_CROSSINGS_ASYNC.mm2s_ip2axi_frame_store_cdc_tig_reg[0]/D
                            (rising edge-triggered cell FDRE clocked by clk_fpga_0  {rise@0.000ns fall@5.000ns period=10.000ns})
  Path Group:             (none)
  Path Type:              Hold (Min at Fast Process Corner)
  Data Path Delay:        0.253ns  (logic 0.141ns (55.730%)  route 0.112ns (44.270%))
  Logic Levels:           0  
  Clock Path Skew:        0.299ns (DCD - SCD - CPR)
    Destination Clock Delay (DCD):    1.203ns
    Source Clock Delay      (SCD):    0.904ns
    Clock Pessimism Removal (CPR):    -0.000ns
  Clock Uncertainty:      0.154ns  ((TSJ^2 + TIJ^2)^1/2 + DJ) / 2 + PE
    Total System Jitter     (TSJ):    0.071ns
    Total Input Jitter      (TIJ):    0.300ns
    Discrete Jitter          (DJ):    0.000ns
    Phase Error              (PE):    0.000ns
  Timing Exception:       False Path

    Location             Delay type                Incr(ns)  Path(ns)    Netlist Resource(s)
  -------------------------------------------------------------------    -------------------
                         (clock clk_fpga_0 rise edge)
                                                      0.000     0.000 r  
    PS7_X0Y0             PS7                          0.000     0.000 r  system_i/processing_system7_0/inst/PS7_i/FCLKCLK[0]
                         net (fo=1, routed)           0.310     0.310    system_i/processing_system7_0/inst/FCLK_CLK_unbuffered[0]
    BUFGCTRL_X0Y16       BUFG (Prop_bufg_I_O)         0.026     0.336 r  system_i/processing_system7_0/inst/buffer_fclk_clk_0.FCLK_CLK_0_BUFG/O
                         net (fo=2984, routed)        0.568     0.904    system_i/axi_vdma_0/U0/GEN_SPRT_FOR_MM2S.MM2S_REGISTER_MODULE_I/I_DMA_REGISTER/m_axi_mm2s_aclk
    SLICE_X27Y83         FDRE                                         r  system_i/axi_vdma_0/U0/GEN_SPRT_FOR_MM2S.MM2S_REGISTER_MODULE_I/I_DMA_REGISTER/MM2S_ERR_FOR_IRQ.frm_store_i_reg[0]/C
  -------------------------------------------------------------------    -------------------
    SLICE_X27Y83         FDRE (Prop_fdre_C_Q)         0.141     1.045 r  system_i/axi_vdma_0/U0/GEN_SPRT_FOR_MM2S.MM2S_REGISTER_MODULE_I/I_DMA_REGISTER/MM2S_ERR_FOR_IRQ.frm_store_i_reg[0]/Q
                         net (fo=1, routed)           0.112     1.157    system_i/axi_vdma_0/U0/AXI_LITE_REG_INTERFACE_I/GEN_MM2S_LITE_CROSSINGS.GEN_MM2S_CROSSINGS_ASYNC.mm2s_ip2axi_frame_store_cdc_tig_reg[4]_0[0]
    SLICE_X27Y84         FDRE                                         r  system_i/axi_vdma_0/U0/AXI_LITE_REG_INTERFACE_I/GEN_MM2S_LITE_CROSSINGS.GEN_MM2S_CROSSINGS_ASYNC.mm2s_ip2axi_frame_store_cdc_tig_reg[0]/D
  -------------------------------------------------------------------    -------------------

                         (clock clk_fpga_0 rise edge)
                                                      0.000     0.000 r  
    PS7_X0Y0             PS7                          0.000     0.000 r  system_i/processing_system7_0/inst/PS7_i/FCLKCLK[0]
                         net (fo=1, routed)           0.337     0.337    system_i/processing_system7_0/inst/FCLK_CLK_unbuffered[0]
    BUFGCTRL_X0Y16       BUFG (Prop_bufg_I_O)         0.029     0.366 r  system_i/processing_system7_0/inst/buffer_fclk_clk_0.FCLK_CLK_0_BUFG/O
                         net (fo=2984, routed)        0.837     1.203    system_i/axi_vdma_0/U0/AXI_LITE_REG_INTERFACE_I/s_axi_lite_aclk
    SLICE_X27Y84         FDRE                                         r  system_i/axi_vdma_0/U0/AXI_LITE_REG_INTERFACE_I/GEN_MM2S_LITE_CROSSINGS.GEN_MM2S_CROSSINGS_ASYNC.mm2s_ip2axi_frame_store_cdc_tig_reg[0]/C





--------------------------------------------------------------------------------------
Path Group:  (none)
From Clock:  clk_out1_system_clk_wiz_0_0
  To Clock:  clk_fpga_0

Max Delay             2 Endpoints
Min Delay            27 Endpoints
--------------------------------------------------------------------------------------


Max Delay Paths
--------------------------------------------------------------------------------------
Slack:                    inf
  Source:                 system_i/v_axi4s_vid_out_0/inst/SYNC_INST/locked_reg/C
                            (rising edge-triggered cell FDRE clocked by clk_out1_system_clk_wiz_0_0  {rise@0.000ns fall@19.858ns period=39.716ns})
  Destination:            system_i/v_axi4s_vid_out_0/inst/CDC_SINGLE_LOCKED_INST/xpm_cdc_single_inst/syncstages_ff_reg[0]/D
                            (rising edge-triggered cell FDRE clocked by clk_fpga_0  {rise@0.000ns fall@5.000ns period=10.000ns})
  Path Group:             (none)
  Path Type:              Setup (Max at Slow Process Corner)
  Data Path Delay:        0.936ns  (logic 0.419ns (44.754%)  route 0.517ns (55.246%))
  Logic Levels:           0  
  Clock Path Skew:        0.999ns (DCD - SCD + CPR)
    Destination Clock Delay (DCD):    2.656ns
    Source Clock Delay      (SCD):    1.657ns
    Clock Pessimism Removal (CPR):    0.000ns
  Clock Uncertainty:      0.342ns  ((TSJ^2 + TIJ^2 + DJ^2)^1/2) / 2 + PE
    Total System Jitter     (TSJ):    0.071ns
    Total Input Jitter      (TIJ):    0.300ns
    Discrete Jitter          (DJ):    0.228ns
    Phase Error              (PE):    0.150ns
  Timing Exception:       False Path

    Location             Delay type                Incr(ns)  Path(ns)    Netlist Resource(s)
  -------------------------------------------------------------------    -------------------
                         (clock clk_out1_system_clk_wiz_0_0 rise edge)
                                                      0.000     0.000 r  
    BUFGCTRL_X0Y16       BUFG                         0.000     0.000 r  system_i/processing_system7_0/inst/buffer_fclk_clk_0.FCLK_CLK_0_BUFG/O
                         net (fo=2984, routed)        1.806     1.806    system_i/clk_wiz_0/inst/clk_in1
    MMCME2_ADV_X1Y0      MMCME2_ADV (Prop_mmcme2_adv_CLKIN1_CLKOUT0)
                                                     -3.793    -1.987 r  system_i/clk_wiz_0/inst/mmcm_adv_inst/CLKOUT0
                         net (fo=1, routed)           1.889    -0.098    system_i/clk_wiz_0/inst/clk_out1_system_clk_wiz_0_0
    BUFGCTRL_X0Y0        BUFG (Prop_bufg_I_O)         0.101     0.003 r  system_i/clk_wiz_0/inst/clkout1_buf/O
                         net (fo=625, routed)         1.654     1.657    system_i/v_axi4s_vid_out_0/inst/SYNC_INST/vid_io_out_clk
    SLICE_X47Y94         FDRE                                         r  system_i/v_axi4s_vid_out_0/inst/SYNC_INST/locked_reg/C
  -------------------------------------------------------------------    -------------------
    SLICE_X47Y94         FDRE (Prop_fdre_C_Q)         0.419     2.076 r  system_i/v_axi4s_vid_out_0/inst/SYNC_INST/locked_reg/Q
                         net (fo=3, routed)           0.517     2.593    system_i/v_axi4s_vid_out_0/inst/CDC_SINGLE_LOCKED_INST/xpm_cdc_single_inst/src_in
    SLICE_X41Y89         FDRE                                         r  system_i/v_axi4s_vid_out_0/inst/CDC_SINGLE_LOCKED_INST/xpm_cdc_single_inst/syncstages_ff_reg[0]/D
  -------------------------------------------------------------------    -------------------

                         (clock clk_fpga_0 rise edge)
                                                      0.000     0.000 r  
    PS7_X0Y0             PS7                          0.000     0.000 r  system_i/processing_system7_0/inst/PS7_i/FCLKCLK[0]
                         net (fo=1, routed)           1.088     1.088    system_i/processing_system7_0/inst/FCLK_CLK_unbuffered[0]
    BUFGCTRL_X0Y16       BUFG (Prop_bufg_I_O)         0.091     1.179 r  system_i/processing_system7_0/inst/buffer_fclk_clk_0.FCLK_CLK_0_BUFG/O
                         net (fo=2984, routed)        1.477     2.656    system_i/v_axi4s_vid_out_0/inst/CDC_SINGLE_LOCKED_INST/xpm_cdc_single_inst/dest_clk
    SLICE_X41Y89         FDRE                                         r  system_i/v_axi4s_vid_out_0/inst/CDC_SINGLE_LOCKED_INST/xpm_cdc_single_inst/syncstages_ff_reg[0]/C

Slack:                    inf
  Source:                 system_i/v_axi4s_vid_out_0/inst/COUPLER_INST/generate_async_fifo.FIFO_INST/XPM_FIFO_ASYNC_INST/gnuram_async_fifo.xpm_fifo_base_inst/xpm_fifo_rst_inst/gen_rst_ic.fifo_rd_rst_ic_reg/C
                            (rising edge-triggered cell FDRE clocked by clk_out1_system_clk_wiz_0_0  {rise@0.000ns fall@19.858ns period=39.716ns})
  Destination:            system_i/v_axi4s_vid_out_0/inst/COUPLER_INST/generate_async_fifo.FIFO_INST/XPM_FIFO_ASYNC_INST/gnuram_async_fifo.xpm_fifo_base_inst/xpm_fifo_rst_inst/gen_rst_ic.rrst_wr_inst/syncstages_ff_reg[0]/D
                            (rising edge-triggered cell FDRE clocked by clk_fpga_0  {rise@0.000ns fall@5.000ns period=10.000ns})
  Path Group:             (none)
  Path Type:              Setup (Max at Slow Process Corner)
  Data Path Delay:        0.904ns  (logic 0.456ns (50.439%)  route 0.448ns (49.561%))
  Logic Levels:           0  
  Clock Path Skew:        1.011ns (DCD - SCD + CPR)
    Destination Clock Delay (DCD):    2.655ns
    Source Clock Delay      (SCD):    1.644ns
    Clock Pessimism Removal (CPR):    0.000ns
  Clock Uncertainty:      0.342ns  ((TSJ^2 + TIJ^2 + DJ^2)^1/2) / 2 + PE
    Total System Jitter     (TSJ):    0.071ns
    Total Input Jitter      (TIJ):    0.300ns
    Discrete Jitter          (DJ):    0.228ns
    Phase Error              (PE):    0.150ns
  Timing Exception:       False Path

    Location             Delay type                Incr(ns)  Path(ns)    Netlist Resource(s)
  -------------------------------------------------------------------    -------------------
                         (clock clk_out1_system_clk_wiz_0_0 rise edge)
                                                      0.000     0.000 r  
    BUFGCTRL_X0Y16       BUFG                         0.000     0.000 r  system_i/processing_system7_0/inst/buffer_fclk_clk_0.FCLK_CLK_0_BUFG/O
                         net (fo=2984, routed)        1.806     1.806    system_i/clk_wiz_0/inst/clk_in1
    MMCME2_ADV_X1Y0      MMCME2_ADV (Prop_mmcme2_adv_CLKIN1_CLKOUT0)
                                                     -3.793    -1.987 r  system_i/clk_wiz_0/inst/mmcm_adv_inst/CLKOUT0
                         net (fo=1, routed)           1.889    -0.098    system_i/clk_wiz_0/inst/clk_out1_system_clk_wiz_0_0
    BUFGCTRL_X0Y0        BUFG (Prop_bufg_I_O)         0.101     0.003 r  system_i/clk_wiz_0/inst/clkout1_buf/O
                         net (fo=625, routed)         1.641     1.644    system_i/v_axi4s_vid_out_0/inst/COUPLER_INST/generate_async_fifo.FIFO_INST/XPM_FIFO_ASYNC_INST/gnuram_async_fifo.xpm_fifo_base_inst/xpm_fifo_rst_inst/rd_clk
    SLICE_X51Y91         FDRE                                         r  system_i/v_axi4s_vid_out_0/inst/COUPLER_INST/generate_async_fifo.FIFO_INST/XPM_FIFO_ASYNC_INST/gnuram_async_fifo.xpm_fifo_base_inst/xpm_fifo_rst_inst/gen_rst_ic.fifo_rd_rst_ic_reg/C
  -------------------------------------------------------------------    -------------------
    SLICE_X51Y91         FDRE (Prop_fdre_C_Q)         0.456     2.100 r  system_i/v_axi4s_vid_out_0/inst/COUPLER_INST/generate_async_fifo.FIFO_INST/XPM_FIFO_ASYNC_INST/gnuram_async_fifo.xpm_fifo_base_inst/xpm_fifo_rst_inst/gen_rst_ic.fifo_rd_rst_ic_reg/Q
                         net (fo=75, routed)          0.448     2.548    system_i/v_axi4s_vid_out_0/inst/COUPLER_INST/generate_async_fifo.FIFO_INST/XPM_FIFO_ASYNC_INST/gnuram_async_fifo.xpm_fifo_base_inst/xpm_fifo_rst_inst/gen_rst_ic.rrst_wr_inst/src_rst
    SLICE_X48Y91         FDRE                                         r  system_i/v_axi4s_vid_out_0/inst/COUPLER_INST/generate_async_fifo.FIFO_INST/XPM_FIFO_ASYNC_INST/gnuram_async_fifo.xpm_fifo_base_inst/xpm_fifo_rst_inst/gen_rst_ic.rrst_wr_inst/syncstages_ff_reg[0]/D
  -------------------------------------------------------------------    -------------------

                         (clock clk_fpga_0 rise edge)
                                                      0.000     0.000 r  
    PS7_X0Y0             PS7                          0.000     0.000 r  system_i/processing_system7_0/inst/PS7_i/FCLKCLK[0]
                         net (fo=1, routed)           1.088     1.088    system_i/processing_system7_0/inst/FCLK_CLK_unbuffered[0]
    BUFGCTRL_X0Y16       BUFG (Prop_bufg_I_O)         0.091     1.179 r  system_i/processing_system7_0/inst/buffer_fclk_clk_0.FCLK_CLK_0_BUFG/O
                         net (fo=2984, routed)        1.476     2.655    system_i/v_axi4s_vid_out_0/inst/COUPLER_INST/generate_async_fifo.FIFO_INST/XPM_FIFO_ASYNC_INST/gnuram_async_fifo.xpm_fifo_base_inst/xpm_fifo_rst_inst/gen_rst_ic.rrst_wr_inst/dest_clk
    SLICE_X48Y91         FDRE                                         r  system_i/v_axi4s_vid_out_0/inst/COUPLER_INST/generate_async_fifo.FIFO_INST/XPM_FIFO_ASYNC_INST/gnuram_async_fifo.xpm_fifo_base_inst/xpm_fifo_rst_inst/gen_rst_ic.rrst_wr_inst/syncstages_ff_reg[0]/C





Min Delay Paths
--------------------------------------------------------------------------------------
Slack:                    inf
  Source:                 system_i/v_axi4s_vid_out_0/inst/COUPLER_INST/generate_async_fifo.FIFO_INST/XPM_FIFO_ASYNC_INST/gnuram_async_fifo.xpm_fifo_base_inst/gen_cdc_pntr.rd_pntr_cdc_dc_inst/src_gray_ff_reg[11]/C
                            (rising edge-triggered cell FDRE clocked by clk_out1_system_clk_wiz_0_0  {rise@0.000ns fall@19.858ns period=39.716ns})
  Destination:            system_i/v_axi4s_vid_out_0/inst/COUPLER_INST/generate_async_fifo.FIFO_INST/XPM_FIFO_ASYNC_INST/gnuram_async_fifo.xpm_fifo_base_inst/gen_cdc_pntr.rd_pntr_cdc_dc_inst/dest_graysync_ff_reg[0][11]/D
                            (rising edge-triggered cell FDRE clocked by clk_fpga_0  {rise@0.000ns fall@5.000ns period=10.000ns})
  Path Group:             (none)
  Path Type:              Hold (Min at Fast Process Corner)
  Data Path Delay:        0.293ns  (logic 0.128ns (43.612%)  route 0.165ns (56.388%))
  Logic Levels:           0  
  Clock Path Skew:        0.630ns (DCD - SCD - CPR)
    Destination Clock Delay (DCD):    1.188ns
    Source Clock Delay      (SCD):    0.558ns
    Clock Pessimism Removal (CPR):    -0.000ns
  Clock Uncertainty:      0.342ns  ((TSJ^2 + TIJ^2 + DJ^2)^1/2) / 2 + PE
    Total System Jitter     (TSJ):    0.071ns
    Total Input Jitter      (TIJ):    0.300ns
    Discrete Jitter          (DJ):    0.228ns
    Phase Error              (PE):    0.150ns
  Timing Exception:       False Path

    Location             Delay type                Incr(ns)  Path(ns)    Netlist Resource(s)
  -------------------------------------------------------------------    -------------------
                         (clock clk_out1_system_clk_wiz_0_0 rise edge)
                                                      0.000     0.000 r  
    BUFGCTRL_X0Y16       BUFG                         0.000     0.000 r  system_i/processing_system7_0/inst/buffer_fclk_clk_0.FCLK_CLK_0_BUFG/O
                         net (fo=2984, routed)        0.597     0.597    system_i/clk_wiz_0/inst/clk_in1
    MMCME2_ADV_X1Y0      MMCME2_ADV (Prop_mmcme2_adv_CLKIN1_CLKOUT0)
                                                     -1.150    -0.553 r  system_i/clk_wiz_0/inst/mmcm_adv_inst/CLKOUT0
                         net (fo=1, routed)           0.529    -0.024    system_i/clk_wiz_0/inst/clk_out1_system_clk_wiz_0_0
    BUFGCTRL_X0Y0        BUFG (Prop_bufg_I_O)         0.026     0.002 r  system_i/clk_wiz_0/inst/clkout1_buf/O
                         net (fo=625, routed)         0.556     0.558    system_i/v_axi4s_vid_out_0/inst/COUPLER_INST/generate_async_fifo.FIFO_INST/XPM_FIFO_ASYNC_INST/gnuram_async_fifo.xpm_fifo_base_inst/gen_cdc_pntr.rd_pntr_cdc_dc_inst/src_clk
    SLICE_X43Y88         FDRE                                         r  system_i/v_axi4s_vid_out_0/inst/COUPLER_INST/generate_async_fifo.FIFO_INST/XPM_FIFO_ASYNC_INST/gnuram_async_fifo.xpm_fifo_base_inst/gen_cdc_pntr.rd_pntr_cdc_dc_inst/src_gray_ff_reg[11]/C
  -------------------------------------------------------------------    -------------------
    SLICE_X43Y88         FDRE (Prop_fdre_C_Q)         0.128     0.686 r  system_i/v_axi4s_vid_out_0/inst/COUPLER_INST/generate_async_fifo.FIFO_INST/XPM_FIFO_ASYNC_INST/gnuram_async_fifo.xpm_fifo_base_inst/gen_cdc_pntr.rd_pntr_cdc_dc_inst/src_gray_ff_reg[11]/Q
                         net (fo=1, routed)           0.165     0.851    system_i/v_axi4s_vid_out_0/inst/COUPLER_INST/generate_async_fifo.FIFO_INST/XPM_FIFO_ASYNC_INST/gnuram_async_fifo.xpm_fifo_base_inst/gen_cdc_pntr.rd_pntr_cdc_dc_inst/async_path[11]
    SLICE_X46Y88         FDRE                                         r  system_i/v_axi4s_vid_out_0/inst/COUPLER_INST/generate_async_fifo.FIFO_INST/XPM_FIFO_ASYNC_INST/gnuram_async_fifo.xpm_fifo_base_inst/gen_cdc_pntr.rd_pntr_cdc_dc_inst/dest_graysync_ff_reg[0][11]/D
  -------------------------------------------------------------------    -------------------

                         (clock clk_fpga_0 rise edge)
                                                      0.000     0.000 r  
    PS7_X0Y0             PS7                          0.000     0.000 r  system_i/processing_system7_0/inst/PS7_i/FCLKCLK[0]
                         net (fo=1, routed)           0.337     0.337    system_i/processing_system7_0/inst/FCLK_CLK_unbuffered[0]
    BUFGCTRL_X0Y16       BUFG (Prop_bufg_I_O)         0.029     0.366 r  system_i/processing_system7_0/inst/buffer_fclk_clk_0.FCLK_CLK_0_BUFG/O
                         net (fo=2984, routed)        0.822     1.188    system_i/v_axi4s_vid_out_0/inst/COUPLER_INST/generate_async_fifo.FIFO_INST/XPM_FIFO_ASYNC_INST/gnuram_async_fifo.xpm_fifo_base_inst/gen_cdc_pntr.rd_pntr_cdc_dc_inst/dest_clk
    SLICE_X46Y88         FDRE                                         r  system_i/v_axi4s_vid_out_0/inst/COUPLER_INST/generate_async_fifo.FIFO_INST/XPM_FIFO_ASYNC_INST/gnuram_async_fifo.xpm_fifo_base_inst/gen_cdc_pntr.rd_pntr_cdc_dc_inst/dest_graysync_ff_reg[0][11]/C

Slack:                    inf
  Source:                 system_i/v_axi4s_vid_out_0/inst/COUPLER_INST/generate_async_fifo.FIFO_INST/XPM_FIFO_ASYNC_INST/gnuram_async_fifo.xpm_fifo_base_inst/gen_cdc_pntr.rd_pntr_cdc_dc_inst/src_gray_ff_reg[2]/C
                            (rising edge-triggered cell FDRE clocked by clk_out1_system_clk_wiz_0_0  {rise@0.000ns fall@19.858ns period=39.716ns})
  Destination:            system_i/v_axi4s_vid_out_0/inst/COUPLER_INST/generate_async_fifo.FIFO_INST/XPM_FIFO_ASYNC_INST/gnuram_async_fifo.xpm_fifo_base_inst/gen_cdc_pntr.rd_pntr_cdc_dc_inst/dest_graysync_ff_reg[0][2]/D
                            (rising edge-triggered cell FDRE clocked by clk_fpga_0  {rise@0.000ns fall@5.000ns period=10.000ns})
  Path Group:             (none)
  Path Type:              Hold (Min at Fast Process Corner)
  Data Path Delay:        0.297ns  (logic 0.141ns (47.426%)  route 0.156ns (52.574%))
  Logic Levels:           0  
  Clock Path Skew:        0.628ns (DCD - SCD - CPR)
    Destination Clock Delay (DCD):    1.183ns
    Source Clock Delay      (SCD):    0.555ns
    Clock Pessimism Removal (CPR):    -0.000ns
  Clock Uncertainty:      0.342ns  ((TSJ^2 + TIJ^2 + DJ^2)^1/2) / 2 + PE
    Total System Jitter     (TSJ):    0.071ns
    Total Input Jitter      (TIJ):    0.300ns
    Discrete Jitter          (DJ):    0.228ns
    Phase Error              (PE):    0.150ns
  Timing Exception:       False Path

    Location             Delay type                Incr(ns)  Path(ns)    Netlist Resource(s)
  -------------------------------------------------------------------    -------------------
                         (clock clk_out1_system_clk_wiz_0_0 rise edge)
                                                      0.000     0.000 r  
    BUFGCTRL_X0Y16       BUFG                         0.000     0.000 r  system_i/processing_system7_0/inst/buffer_fclk_clk_0.FCLK_CLK_0_BUFG/O
                         net (fo=2984, routed)        0.597     0.597    system_i/clk_wiz_0/inst/clk_in1
    MMCME2_ADV_X1Y0      MMCME2_ADV (Prop_mmcme2_adv_CLKIN1_CLKOUT0)
                                                     -1.150    -0.553 r  system_i/clk_wiz_0/inst/mmcm_adv_inst/CLKOUT0
                         net (fo=1, routed)           0.529    -0.024    system_i/clk_wiz_0/inst/clk_out1_system_clk_wiz_0_0
    BUFGCTRL_X0Y0        BUFG (Prop_bufg_I_O)         0.026     0.002 r  system_i/clk_wiz_0/inst/clkout1_buf/O
                         net (fo=625, routed)         0.553     0.555    system_i/v_axi4s_vid_out_0/inst/COUPLER_INST/generate_async_fifo.FIFO_INST/XPM_FIFO_ASYNC_INST/gnuram_async_fifo.xpm_fifo_base_inst/gen_cdc_pntr.rd_pntr_cdc_dc_inst/src_clk
    SLICE_X43Y83         FDRE                                         r  system_i/v_axi4s_vid_out_0/inst/COUPLER_INST/generate_async_fifo.FIFO_INST/XPM_FIFO_ASYNC_INST/gnuram_async_fifo.xpm_fifo_base_inst/gen_cdc_pntr.rd_pntr_cdc_dc_inst/src_gray_ff_reg[2]/C
  -------------------------------------------------------------------    -------------------
    SLICE_X43Y83         FDRE (Prop_fdre_C_Q)         0.141     0.696 r  system_i/v_axi4s_vid_out_0/inst/COUPLER_INST/generate_async_fifo.FIFO_INST/XPM_FIFO_ASYNC_INST/gnuram_async_fifo.xpm_fifo_base_inst/gen_cdc_pntr.rd_pntr_cdc_dc_inst/src_gray_ff_reg[2]/Q
                         net (fo=1, routed)           0.156     0.852    system_i/v_axi4s_vid_out_0/inst/COUPLER_INST/generate_async_fifo.FIFO_INST/XPM_FIFO_ASYNC_INST/gnuram_async_fifo.xpm_fifo_base_inst/gen_cdc_pntr.rd_pntr_cdc_dc_inst/async_path[2]
    SLICE_X45Y83         FDRE                                         r  system_i/v_axi4s_vid_out_0/inst/COUPLER_INST/generate_async_fifo.FIFO_INST/XPM_FIFO_ASYNC_INST/gnuram_async_fifo.xpm_fifo_base_inst/gen_cdc_pntr.rd_pntr_cdc_dc_inst/dest_graysync_ff_reg[0][2]/D
  -------------------------------------------------------------------    -------------------

                         (clock clk_fpga_0 rise edge)
                                                      0.000     0.000 r  
    PS7_X0Y0             PS7                          0.000     0.000 r  system_i/processing_system7_0/inst/PS7_i/FCLKCLK[0]
                         net (fo=1, routed)           0.337     0.337    system_i/processing_system7_0/inst/FCLK_CLK_unbuffered[0]
    BUFGCTRL_X0Y16       BUFG (Prop_bufg_I_O)         0.029     0.366 r  system_i/processing_system7_0/inst/buffer_fclk_clk_0.FCLK_CLK_0_BUFG/O
                         net (fo=2984, routed)        0.817     1.183    system_i/v_axi4s_vid_out_0/inst/COUPLER_INST/generate_async_fifo.FIFO_INST/XPM_FIFO_ASYNC_INST/gnuram_async_fifo.xpm_fifo_base_inst/gen_cdc_pntr.rd_pntr_cdc_dc_inst/dest_clk
    SLICE_X45Y83         FDRE                                         r  system_i/v_axi4s_vid_out_0/inst/COUPLER_INST/generate_async_fifo.FIFO_INST/XPM_FIFO_ASYNC_INST/gnuram_async_fifo.xpm_fifo_base_inst/gen_cdc_pntr.rd_pntr_cdc_dc_inst/dest_graysync_ff_reg[0][2]/C

Slack:                    inf
  Source:                 system_i/v_axi4s_vid_out_0/inst/COUPLER_INST/generate_async_fifo.FIFO_INST/XPM_FIFO_ASYNC_INST/gnuram_async_fifo.xpm_fifo_base_inst/xpm_fifo_rst_inst/gen_rst_ic.fifo_rd_rst_ic_reg/C
                            (rising edge-triggered cell FDRE clocked by clk_out1_system_clk_wiz_0_0  {rise@0.000ns fall@19.858ns period=39.716ns})
  Destination:            system_i/v_axi4s_vid_out_0/inst/COUPLER_INST/generate_async_fifo.FIFO_INST/XPM_FIFO_ASYNC_INST/gnuram_async_fifo.xpm_fifo_base_inst/xpm_fifo_rst_inst/gen_rst_ic.rrst_wr_inst/syncstages_ff_reg[0]/D
                            (rising edge-triggered cell FDRE clocked by clk_fpga_0  {rise@0.000ns fall@5.000ns period=10.000ns})
  Path Group:             (none)
  Path Type:              Hold (Min at Fast Process Corner)
  Data Path Delay:        0.307ns  (logic 0.141ns (45.920%)  route 0.166ns (54.080%))
  Logic Levels:           0  
  Clock Path Skew:        0.634ns (DCD - SCD - CPR)
    Destination Clock Delay (DCD):    1.189ns
    Source Clock Delay      (SCD):    0.555ns
    Clock Pessimism Removal (CPR):    -0.000ns
  Clock Uncertainty:      0.342ns  ((TSJ^2 + TIJ^2 + DJ^2)^1/2) / 2 + PE
    Total System Jitter     (TSJ):    0.071ns
    Total Input Jitter      (TIJ):    0.300ns
    Discrete Jitter          (DJ):    0.228ns
    Phase Error              (PE):    0.150ns
  Timing Exception:       False Path

    Location             Delay type                Incr(ns)  Path(ns)    Netlist Resource(s)
  -------------------------------------------------------------------    -------------------
                         (clock clk_out1_system_clk_wiz_0_0 rise edge)
                                                      0.000     0.000 r  
    BUFGCTRL_X0Y16       BUFG                         0.000     0.000 r  system_i/processing_system7_0/inst/buffer_fclk_clk_0.FCLK_CLK_0_BUFG/O
                         net (fo=2984, routed)        0.597     0.597    system_i/clk_wiz_0/inst/clk_in1
    MMCME2_ADV_X1Y0      MMCME2_ADV (Prop_mmcme2_adv_CLKIN1_CLKOUT0)
                                                     -1.150    -0.553 r  system_i/clk_wiz_0/inst/mmcm_adv_inst/CLKOUT0
                         net (fo=1, routed)           0.529    -0.024    system_i/clk_wiz_0/inst/clk_out1_system_clk_wiz_0_0
    BUFGCTRL_X0Y0        BUFG (Prop_bufg_I_O)         0.026     0.002 r  system_i/clk_wiz_0/inst/clkout1_buf/O
                         net (fo=625, routed)         0.553     0.555    system_i/v_axi4s_vid_out_0/inst/COUPLER_INST/generate_async_fifo.FIFO_INST/XPM_FIFO_ASYNC_INST/gnuram_async_fifo.xpm_fifo_base_inst/xpm_fifo_rst_inst/rd_clk
    SLICE_X51Y91         FDRE                                         r  system_i/v_axi4s_vid_out_0/inst/COUPLER_INST/generate_async_fifo.FIFO_INST/XPM_FIFO_ASYNC_INST/gnuram_async_fifo.xpm_fifo_base_inst/xpm_fifo_rst_inst/gen_rst_ic.fifo_rd_rst_ic_reg/C
  -------------------------------------------------------------------    -------------------
    SLICE_X51Y91         FDRE (Prop_fdre_C_Q)         0.141     0.696 r  system_i/v_axi4s_vid_out_0/inst/COUPLER_INST/generate_async_fifo.FIFO_INST/XPM_FIFO_ASYNC_INST/gnuram_async_fifo.xpm_fifo_base_inst/xpm_fifo_rst_inst/gen_rst_ic.fifo_rd_rst_ic_reg/Q
                         net (fo=75, routed)          0.166     0.862    system_i/v_axi4s_vid_out_0/inst/COUPLER_INST/generate_async_fifo.FIFO_INST/XPM_FIFO_ASYNC_INST/gnuram_async_fifo.xpm_fifo_base_inst/xpm_fifo_rst_inst/gen_rst_ic.rrst_wr_inst/src_rst
    SLICE_X48Y91         FDRE                                         r  system_i/v_axi4s_vid_out_0/inst/COUPLER_INST/generate_async_fifo.FIFO_INST/XPM_FIFO_ASYNC_INST/gnuram_async_fifo.xpm_fifo_base_inst/xpm_fifo_rst_inst/gen_rst_ic.rrst_wr_inst/syncstages_ff_reg[0]/D
  -------------------------------------------------------------------    -------------------

                         (clock clk_fpga_0 rise edge)
                                                      0.000     0.000 r  
    PS7_X0Y0             PS7                          0.000     0.000 r  system_i/processing_system7_0/inst/PS7_i/FCLKCLK[0]
                         net (fo=1, routed)           0.337     0.337    system_i/processing_system7_0/inst/FCLK_CLK_unbuffered[0]
    BUFGCTRL_X0Y16       BUFG (Prop_bufg_I_O)         0.029     0.366 r  system_i/processing_system7_0/inst/buffer_fclk_clk_0.FCLK_CLK_0_BUFG/O
                         net (fo=2984, routed)        0.823     1.189    system_i/v_axi4s_vid_out_0/inst/COUPLER_INST/generate_async_fifo.FIFO_INST/XPM_FIFO_ASYNC_INST/gnuram_async_fifo.xpm_fifo_base_inst/xpm_fifo_rst_inst/gen_rst_ic.rrst_wr_inst/dest_clk
    SLICE_X48Y91         FDRE                                         r  system_i/v_axi4s_vid_out_0/inst/COUPLER_INST/generate_async_fifo.FIFO_INST/XPM_FIFO_ASYNC_INST/gnuram_async_fifo.xpm_fifo_base_inst/xpm_fifo_rst_inst/gen_rst_ic.rrst_wr_inst/syncstages_ff_reg[0]/C

Slack:                    inf
  Source:                 system_i/v_axi4s_vid_out_0/inst/SYNC_INST/locked_reg/C
                            (rising edge-triggered cell FDRE clocked by clk_out1_system_clk_wiz_0_0  {rise@0.000ns fall@19.858ns period=39.716ns})
  Destination:            system_i/v_axi4s_vid_out_0/inst/CDC_SINGLE_LOCKED_INST/xpm_cdc_single_inst/syncstages_ff_reg[0]/D
                            (rising edge-triggered cell FDRE clocked by clk_fpga_0  {rise@0.000ns fall@5.000ns period=10.000ns})
  Path Group:             (none)
  Path Type:              Hold (Min at Fast Process Corner)
  Data Path Delay:        0.323ns  (logic 0.128ns (39.601%)  route 0.195ns (60.399%))
  Logic Levels:           0  
  Clock Path Skew:        0.628ns (DCD - SCD - CPR)
    Destination Clock Delay (DCD):    1.188ns
    Source Clock Delay      (SCD):    0.560ns
    Clock Pessimism Removal (CPR):    -0.000ns
  Clock Uncertainty:      0.342ns  ((TSJ^2 + TIJ^2 + DJ^2)^1/2) / 2 + PE
    Total System Jitter     (TSJ):    0.071ns
    Total Input Jitter      (TIJ):    0.300ns
    Discrete Jitter          (DJ):    0.228ns
    Phase Error              (PE):    0.150ns
  Timing Exception:       False Path

    Location             Delay type                Incr(ns)  Path(ns)    Netlist Resource(s)
  -------------------------------------------------------------------    -------------------
                         (clock clk_out1_system_clk_wiz_0_0 rise edge)
                                                      0.000     0.000 r  
    BUFGCTRL_X0Y16       BUFG                         0.000     0.000 r  system_i/processing_system7_0/inst/buffer_fclk_clk_0.FCLK_CLK_0_BUFG/O
                         net (fo=2984, routed)        0.597     0.597    system_i/clk_wiz_0/inst/clk_in1
    MMCME2_ADV_X1Y0      MMCME2_ADV (Prop_mmcme2_adv_CLKIN1_CLKOUT0)
                                                     -1.150    -0.553 r  system_i/clk_wiz_0/inst/mmcm_adv_inst/CLKOUT0
                         net (fo=1, routed)           0.529    -0.024    system_i/clk_wiz_0/inst/clk_out1_system_clk_wiz_0_0
    BUFGCTRL_X0Y0        BUFG (Prop_bufg_I_O)         0.026     0.002 r  system_i/clk_wiz_0/inst/clkout1_buf/O
                         net (fo=625, routed)         0.558     0.560    system_i/v_axi4s_vid_out_0/inst/SYNC_INST/vid_io_out_clk
    SLICE_X47Y94         FDRE                                         r  system_i/v_axi4s_vid_out_0/inst/SYNC_INST/locked_reg/C
  -------------------------------------------------------------------    -------------------
    SLICE_X47Y94         FDRE (Prop_fdre_C_Q)         0.128     0.688 r  system_i/v_axi4s_vid_out_0/inst/SYNC_INST/locked_reg/Q
                         net (fo=3, routed)           0.195     0.883    system_i/v_axi4s_vid_out_0/inst/CDC_SINGLE_LOCKED_INST/xpm_cdc_single_inst/src_in
    SLICE_X41Y89         FDRE                                         r  system_i/v_axi4s_vid_out_0/inst/CDC_SINGLE_LOCKED_INST/xpm_cdc_single_inst/syncstages_ff_reg[0]/D
  -------------------------------------------------------------------    -------------------

                         (clock clk_fpga_0 rise edge)
                                                      0.000     0.000 r  
    PS7_X0Y0             PS7                          0.000     0.000 r  system_i/processing_system7_0/inst/PS7_i/FCLKCLK[0]
                         net (fo=1, routed)           0.337     0.337    system_i/processing_system7_0/inst/FCLK_CLK_unbuffered[0]
    BUFGCTRL_X0Y16       BUFG (Prop_bufg_I_O)         0.029     0.366 r  system_i/processing_system7_0/inst/buffer_fclk_clk_0.FCLK_CLK_0_BUFG/O
                         net (fo=2984, routed)        0.822     1.188    system_i/v_axi4s_vid_out_0/inst/CDC_SINGLE_LOCKED_INST/xpm_cdc_single_inst/dest_clk
    SLICE_X41Y89         FDRE                                         r  system_i/v_axi4s_vid_out_0/inst/CDC_SINGLE_LOCKED_INST/xpm_cdc_single_inst/syncstages_ff_reg[0]/C

Slack:                    inf
  Source:                 system_i/v_axi4s_vid_out_0/inst/COUPLER_INST/generate_async_fifo.FIFO_INST/XPM_FIFO_ASYNC_INST/gnuram_async_fifo.xpm_fifo_base_inst/gen_cdc_pntr.rd_pntr_cdc_dc_inst/src_gray_ff_reg[5]/C
                            (rising edge-triggered cell FDRE clocked by clk_out1_system_clk_wiz_0_0  {rise@0.000ns fall@19.858ns period=39.716ns})
  Destination:            system_i/v_axi4s_vid_out_0/inst/COUPLER_INST/generate_async_fifo.FIFO_INST/XPM_FIFO_ASYNC_INST/gnuram_async_fifo.xpm_fifo_base_inst/gen_cdc_pntr.rd_pntr_cdc_dc_inst/dest_graysync_ff_reg[0][5]/D
                            (rising edge-triggered cell FDRE clocked by clk_fpga_0  {rise@0.000ns fall@5.000ns period=10.000ns})
  Path Group:             (none)
  Path Type:              Hold (Min at Fast Process Corner)
  Data Path Delay:        0.331ns  (logic 0.128ns (38.719%)  route 0.203ns (61.281%))
  Logic Levels:           0  
  Clock Path Skew:        0.628ns (DCD - SCD - CPR)
    Destination Clock Delay (DCD):    1.183ns
    Source Clock Delay      (SCD):    0.555ns
    Clock Pessimism Removal (CPR):    -0.000ns
  Clock Uncertainty:      0.342ns  ((TSJ^2 + TIJ^2 + DJ^2)^1/2) / 2 + PE
    Total System Jitter     (TSJ):    0.071ns
    Total Input Jitter      (TIJ):    0.300ns
    Discrete Jitter          (DJ):    0.228ns
    Phase Error              (PE):    0.150ns
  Timing Exception:       False Path

    Location             Delay type                Incr(ns)  Path(ns)    Netlist Resource(s)
  -------------------------------------------------------------------    -------------------
                         (clock clk_out1_system_clk_wiz_0_0 rise edge)
                                                      0.000     0.000 r  
    BUFGCTRL_X0Y16       BUFG                         0.000     0.000 r  system_i/processing_system7_0/inst/buffer_fclk_clk_0.FCLK_CLK_0_BUFG/O
                         net (fo=2984, routed)        0.597     0.597    system_i/clk_wiz_0/inst/clk_in1
    MMCME2_ADV_X1Y0      MMCME2_ADV (Prop_mmcme2_adv_CLKIN1_CLKOUT0)
                                                     -1.150    -0.553 r  system_i/clk_wiz_0/inst/mmcm_adv_inst/CLKOUT0
                         net (fo=1, routed)           0.529    -0.024    system_i/clk_wiz_0/inst/clk_out1_system_clk_wiz_0_0
    BUFGCTRL_X0Y0        BUFG (Prop_bufg_I_O)         0.026     0.002 r  system_i/clk_wiz_0/inst/clkout1_buf/O
                         net (fo=625, routed)         0.553     0.555    system_i/v_axi4s_vid_out_0/inst/COUPLER_INST/generate_async_fifo.FIFO_INST/XPM_FIFO_ASYNC_INST/gnuram_async_fifo.xpm_fifo_base_inst/gen_cdc_pntr.rd_pntr_cdc_dc_inst/src_clk
    SLICE_X43Y83         FDRE                                         r  system_i/v_axi4s_vid_out_0/inst/COUPLER_INST/generate_async_fifo.FIFO_INST/XPM_FIFO_ASYNC_INST/gnuram_async_fifo.xpm_fifo_base_inst/gen_cdc_pntr.rd_pntr_cdc_dc_inst/src_gray_ff_reg[5]/C
  -------------------------------------------------------------------    -------------------
    SLICE_X43Y83         FDRE (Prop_fdre_C_Q)         0.128     0.683 r  system_i/v_axi4s_vid_out_0/inst/COUPLER_INST/generate_async_fifo.FIFO_INST/XPM_FIFO_ASYNC_INST/gnuram_async_fifo.xpm_fifo_base_inst/gen_cdc_pntr.rd_pntr_cdc_dc_inst/src_gray_ff_reg[5]/Q
                         net (fo=1, routed)           0.203     0.885    system_i/v_axi4s_vid_out_0/inst/COUPLER_INST/generate_async_fifo.FIFO_INST/XPM_FIFO_ASYNC_INST/gnuram_async_fifo.xpm_fifo_base_inst/gen_cdc_pntr.rd_pntr_cdc_dc_inst/async_path[5]
    SLICE_X42Y83         FDRE                                         r  system_i/v_axi4s_vid_out_0/inst/COUPLER_INST/generate_async_fifo.FIFO_INST/XPM_FIFO_ASYNC_INST/gnuram_async_fifo.xpm_fifo_base_inst/gen_cdc_pntr.rd_pntr_cdc_dc_inst/dest_graysync_ff_reg[0][5]/D
  -------------------------------------------------------------------    -------------------

                         (clock clk_fpga_0 rise edge)
                                                      0.000     0.000 r  
    PS7_X0Y0             PS7                          0.000     0.000 r  system_i/processing_system7_0/inst/PS7_i/FCLKCLK[0]
                         net (fo=1, routed)           0.337     0.337    system_i/processing_system7_0/inst/FCLK_CLK_unbuffered[0]
    BUFGCTRL_X0Y16       BUFG (Prop_bufg_I_O)         0.029     0.366 r  system_i/processing_system7_0/inst/buffer_fclk_clk_0.FCLK_CLK_0_BUFG/O
                         net (fo=2984, routed)        0.817     1.183    system_i/v_axi4s_vid_out_0/inst/COUPLER_INST/generate_async_fifo.FIFO_INST/XPM_FIFO_ASYNC_INST/gnuram_async_fifo.xpm_fifo_base_inst/gen_cdc_pntr.rd_pntr_cdc_dc_inst/dest_clk
    SLICE_X42Y83         FDRE                                         r  system_i/v_axi4s_vid_out_0/inst/COUPLER_INST/generate_async_fifo.FIFO_INST/XPM_FIFO_ASYNC_INST/gnuram_async_fifo.xpm_fifo_base_inst/gen_cdc_pntr.rd_pntr_cdc_dc_inst/dest_graysync_ff_reg[0][5]/C

Slack:                    inf
  Source:                 system_i/v_axi4s_vid_out_0/inst/COUPLER_INST/generate_async_fifo.FIFO_INST/XPM_FIFO_ASYNC_INST/gnuram_async_fifo.xpm_fifo_base_inst/gen_cdc_pntr.rd_pntr_cdc_dc_inst/src_gray_ff_reg[1]/C
                            (rising edge-triggered cell FDRE clocked by clk_out1_system_clk_wiz_0_0  {rise@0.000ns fall@19.858ns period=39.716ns})
  Destination:            system_i/v_axi4s_vid_out_0/inst/COUPLER_INST/generate_async_fifo.FIFO_INST/XPM_FIFO_ASYNC_INST/gnuram_async_fifo.xpm_fifo_base_inst/gen_cdc_pntr.rd_pntr_cdc_dc_inst/dest_graysync_ff_reg[0][1]/D
                            (rising edge-triggered cell FDRE clocked by clk_fpga_0  {rise@0.000ns fall@5.000ns period=10.000ns})
  Path Group:             (none)
  Path Type:              Hold (Min at Fast Process Corner)
  Data Path Delay:        0.337ns  (logic 0.128ns (37.927%)  route 0.209ns (62.073%))
  Logic Levels:           0  
  Clock Path Skew:        0.628ns (DCD - SCD - CPR)
    Destination Clock Delay (DCD):    1.183ns
    Source Clock Delay      (SCD):    0.555ns
    Clock Pessimism Removal (CPR):    -0.000ns
  Clock Uncertainty:      0.342ns  ((TSJ^2 + TIJ^2 + DJ^2)^1/2) / 2 + PE
    Total System Jitter     (TSJ):    0.071ns
    Total Input Jitter      (TIJ):    0.300ns
    Discrete Jitter          (DJ):    0.228ns
    Phase Error              (PE):    0.150ns
  Timing Exception:       False Path

    Location             Delay type                Incr(ns)  Path(ns)    Netlist Resource(s)
  -------------------------------------------------------------------    -------------------
                         (clock clk_out1_system_clk_wiz_0_0 rise edge)
                                                      0.000     0.000 r  
    BUFGCTRL_X0Y16       BUFG                         0.000     0.000 r  system_i/processing_system7_0/inst/buffer_fclk_clk_0.FCLK_CLK_0_BUFG/O
                         net (fo=2984, routed)        0.597     0.597    system_i/clk_wiz_0/inst/clk_in1
    MMCME2_ADV_X1Y0      MMCME2_ADV (Prop_mmcme2_adv_CLKIN1_CLKOUT0)
                                                     -1.150    -0.553 r  system_i/clk_wiz_0/inst/mmcm_adv_inst/CLKOUT0
                         net (fo=1, routed)           0.529    -0.024    system_i/clk_wiz_0/inst/clk_out1_system_clk_wiz_0_0
    BUFGCTRL_X0Y0        BUFG (Prop_bufg_I_O)         0.026     0.002 r  system_i/clk_wiz_0/inst/clkout1_buf/O
                         net (fo=625, routed)         0.553     0.555    system_i/v_axi4s_vid_out_0/inst/COUPLER_INST/generate_async_fifo.FIFO_INST/XPM_FIFO_ASYNC_INST/gnuram_async_fifo.xpm_fifo_base_inst/gen_cdc_pntr.rd_pntr_cdc_dc_inst/src_clk
    SLICE_X43Y83         FDRE                                         r  system_i/v_axi4s_vid_out_0/inst/COUPLER_INST/generate_async_fifo.FIFO_INST/XPM_FIFO_ASYNC_INST/gnuram_async_fifo.xpm_fifo_base_inst/gen_cdc_pntr.rd_pntr_cdc_dc_inst/src_gray_ff_reg[1]/C
  -------------------------------------------------------------------    -------------------
    SLICE_X43Y83         FDRE (Prop_fdre_C_Q)         0.128     0.683 r  system_i/v_axi4s_vid_out_0/inst/COUPLER_INST/generate_async_fifo.FIFO_INST/XPM_FIFO_ASYNC_INST/gnuram_async_fifo.xpm_fifo_base_inst/gen_cdc_pntr.rd_pntr_cdc_dc_inst/src_gray_ff_reg[1]/Q
                         net (fo=1, routed)           0.209     0.892    system_i/v_axi4s_vid_out_0/inst/COUPLER_INST/generate_async_fifo.FIFO_INST/XPM_FIFO_ASYNC_INST/gnuram_async_fifo.xpm_fifo_base_inst/gen_cdc_pntr.rd_pntr_cdc_dc_inst/async_path[1]
    SLICE_X44Y83         FDRE                                         r  system_i/v_axi4s_vid_out_0/inst/COUPLER_INST/generate_async_fifo.FIFO_INST/XPM_FIFO_ASYNC_INST/gnuram_async_fifo.xpm_fifo_base_inst/gen_cdc_pntr.rd_pntr_cdc_dc_inst/dest_graysync_ff_reg[0][1]/D
  -------------------------------------------------------------------    -------------------

                         (clock clk_fpga_0 rise edge)
                                                      0.000     0.000 r  
    PS7_X0Y0             PS7                          0.000     0.000 r  system_i/processing_system7_0/inst/PS7_i/FCLKCLK[0]
                         net (fo=1, routed)           0.337     0.337    system_i/processing_system7_0/inst/FCLK_CLK_unbuffered[0]
    BUFGCTRL_X0Y16       BUFG (Prop_bufg_I_O)         0.029     0.366 r  system_i/processing_system7_0/inst/buffer_fclk_clk_0.FCLK_CLK_0_BUFG/O
                         net (fo=2984, routed)        0.817     1.183    system_i/v_axi4s_vid_out_0/inst/COUPLER_INST/generate_async_fifo.FIFO_INST/XPM_FIFO_ASYNC_INST/gnuram_async_fifo.xpm_fifo_base_inst/gen_cdc_pntr.rd_pntr_cdc_dc_inst/dest_clk
    SLICE_X44Y83         FDRE                                         r  system_i/v_axi4s_vid_out_0/inst/COUPLER_INST/generate_async_fifo.FIFO_INST/XPM_FIFO_ASYNC_INST/gnuram_async_fifo.xpm_fifo_base_inst/gen_cdc_pntr.rd_pntr_cdc_dc_inst/dest_graysync_ff_reg[0][1]/C

Slack:                    inf
  Source:                 system_i/v_axi4s_vid_out_0/inst/COUPLER_INST/generate_async_fifo.FIFO_INST/XPM_FIFO_ASYNC_INST/gnuram_async_fifo.xpm_fifo_base_inst/gen_cdc_pntr.rd_pntr_cdc_inst/src_gray_ff_reg[11]/C
                            (rising edge-triggered cell FDRE clocked by clk_out1_system_clk_wiz_0_0  {rise@0.000ns fall@19.858ns period=39.716ns})
  Destination:            system_i/v_axi4s_vid_out_0/inst/COUPLER_INST/generate_async_fifo.FIFO_INST/XPM_FIFO_ASYNC_INST/gnuram_async_fifo.xpm_fifo_base_inst/gen_cdc_pntr.rd_pntr_cdc_inst/dest_graysync_ff_reg[0][11]/D
                            (rising edge-triggered cell FDRE clocked by clk_fpga_0  {rise@0.000ns fall@5.000ns period=10.000ns})
  Path Group:             (none)
  Path Type:              Hold (Min at Fast Process Corner)
  Data Path Delay:        0.341ns  (logic 0.164ns (48.144%)  route 0.177ns (51.856%))
  Logic Levels:           0  
  Clock Path Skew:        0.629ns (DCD - SCD - CPR)
    Destination Clock Delay (DCD):    1.188ns
    Source Clock Delay      (SCD):    0.559ns
    Clock Pessimism Removal (CPR):    -0.000ns
  Clock Uncertainty:      0.342ns  ((TSJ^2 + TIJ^2 + DJ^2)^1/2) / 2 + PE
    Total System Jitter     (TSJ):    0.071ns
    Total Input Jitter      (TIJ):    0.300ns
    Discrete Jitter          (DJ):    0.228ns
    Phase Error              (PE):    0.150ns
  Timing Exception:       False Path

    Location             Delay type                Incr(ns)  Path(ns)    Netlist Resource(s)
  -------------------------------------------------------------------    -------------------
                         (clock clk_out1_system_clk_wiz_0_0 rise edge)
                                                      0.000     0.000 r  
    BUFGCTRL_X0Y16       BUFG                         0.000     0.000 r  system_i/processing_system7_0/inst/buffer_fclk_clk_0.FCLK_CLK_0_BUFG/O
                         net (fo=2984, routed)        0.597     0.597    system_i/clk_wiz_0/inst/clk_in1
    MMCME2_ADV_X1Y0      MMCME2_ADV (Prop_mmcme2_adv_CLKIN1_CLKOUT0)
                                                     -1.150    -0.553 r  system_i/clk_wiz_0/inst/mmcm_adv_inst/CLKOUT0
                         net (fo=1, routed)           0.529    -0.024    system_i/clk_wiz_0/inst/clk_out1_system_clk_wiz_0_0
    BUFGCTRL_X0Y0        BUFG (Prop_bufg_I_O)         0.026     0.002 r  system_i/clk_wiz_0/inst/clkout1_buf/O
                         net (fo=625, routed)         0.557     0.559    system_i/v_axi4s_vid_out_0/inst/COUPLER_INST/generate_async_fifo.FIFO_INST/XPM_FIFO_ASYNC_INST/gnuram_async_fifo.xpm_fifo_base_inst/gen_cdc_pntr.rd_pntr_cdc_inst/src_clk
    SLICE_X42Y90         FDRE                                         r  system_i/v_axi4s_vid_out_0/inst/COUPLER_INST/generate_async_fifo.FIFO_INST/XPM_FIFO_ASYNC_INST/gnuram_async_fifo.xpm_fifo_base_inst/gen_cdc_pntr.rd_pntr_cdc_inst/src_gray_ff_reg[11]/C
  -------------------------------------------------------------------    -------------------
    SLICE_X42Y90         FDRE (Prop_fdre_C_Q)         0.164     0.723 r  system_i/v_axi4s_vid_out_0/inst/COUPLER_INST/generate_async_fifo.FIFO_INST/XPM_FIFO_ASYNC_INST/gnuram_async_fifo.xpm_fifo_base_inst/gen_cdc_pntr.rd_pntr_cdc_inst/src_gray_ff_reg[11]/Q
                         net (fo=1, routed)           0.177     0.899    system_i/v_axi4s_vid_out_0/inst/COUPLER_INST/generate_async_fifo.FIFO_INST/XPM_FIFO_ASYNC_INST/gnuram_async_fifo.xpm_fifo_base_inst/gen_cdc_pntr.rd_pntr_cdc_inst/async_path[11]
    SLICE_X42Y89         FDRE                                         r  system_i/v_axi4s_vid_out_0/inst/COUPLER_INST/generate_async_fifo.FIFO_INST/XPM_FIFO_ASYNC_INST/gnuram_async_fifo.xpm_fifo_base_inst/gen_cdc_pntr.rd_pntr_cdc_inst/dest_graysync_ff_reg[0][11]/D
  -------------------------------------------------------------------    -------------------

                         (clock clk_fpga_0 rise edge)
                                                      0.000     0.000 r  
    PS7_X0Y0             PS7                          0.000     0.000 r  system_i/processing_system7_0/inst/PS7_i/FCLKCLK[0]
                         net (fo=1, routed)           0.337     0.337    system_i/processing_system7_0/inst/FCLK_CLK_unbuffered[0]
    BUFGCTRL_X0Y16       BUFG (Prop_bufg_I_O)         0.029     0.366 r  system_i/processing_system7_0/inst/buffer_fclk_clk_0.FCLK_CLK_0_BUFG/O
                         net (fo=2984, routed)        0.822     1.188    system_i/v_axi4s_vid_out_0/inst/COUPLER_INST/generate_async_fifo.FIFO_INST/XPM_FIFO_ASYNC_INST/gnuram_async_fifo.xpm_fifo_base_inst/gen_cdc_pntr.rd_pntr_cdc_inst/dest_clk
    SLICE_X42Y89         FDRE                                         r  system_i/v_axi4s_vid_out_0/inst/COUPLER_INST/generate_async_fifo.FIFO_INST/XPM_FIFO_ASYNC_INST/gnuram_async_fifo.xpm_fifo_base_inst/gen_cdc_pntr.rd_pntr_cdc_inst/dest_graysync_ff_reg[0][11]/C

Slack:                    inf
  Source:                 system_i/v_axi4s_vid_out_0/inst/COUPLER_INST/generate_async_fifo.FIFO_INST/XPM_FIFO_ASYNC_INST/gnuram_async_fifo.xpm_fifo_base_inst/gen_cdc_pntr.rd_pntr_cdc_inst/src_gray_ff_reg[7]/C
                            (rising edge-triggered cell FDRE clocked by clk_out1_system_clk_wiz_0_0  {rise@0.000ns fall@19.858ns period=39.716ns})
  Destination:            system_i/v_axi4s_vid_out_0/inst/COUPLER_INST/generate_async_fifo.FIFO_INST/XPM_FIFO_ASYNC_INST/gnuram_async_fifo.xpm_fifo_base_inst/gen_cdc_pntr.rd_pntr_cdc_inst/dest_graysync_ff_reg[0][7]/D
                            (rising edge-triggered cell FDRE clocked by clk_fpga_0  {rise@0.000ns fall@5.000ns period=10.000ns})
  Path Group:             (none)
  Path Type:              Hold (Min at Fast Process Corner)
  Data Path Delay:        0.349ns  (logic 0.148ns (42.420%)  route 0.201ns (57.580%))
  Logic Levels:           0  
  Clock Path Skew:        0.627ns (DCD - SCD - CPR)
    Destination Clock Delay (DCD):    1.187ns
    Source Clock Delay      (SCD):    0.560ns
    Clock Pessimism Removal (CPR):    -0.000ns
  Clock Uncertainty:      0.342ns  ((TSJ^2 + TIJ^2 + DJ^2)^1/2) / 2 + PE
    Total System Jitter     (TSJ):    0.071ns
    Total Input Jitter      (TIJ):    0.300ns
    Discrete Jitter          (DJ):    0.228ns
    Phase Error              (PE):    0.150ns
  Timing Exception:       False Path

    Location             Delay type                Incr(ns)  Path(ns)    Netlist Resource(s)
  -------------------------------------------------------------------    -------------------
                         (clock clk_out1_system_clk_wiz_0_0 rise edge)
                                                      0.000     0.000 r  
    BUFGCTRL_X0Y16       BUFG                         0.000     0.000 r  system_i/processing_system7_0/inst/buffer_fclk_clk_0.FCLK_CLK_0_BUFG/O
                         net (fo=2984, routed)        0.597     0.597    system_i/clk_wiz_0/inst/clk_in1
    MMCME2_ADV_X1Y0      MMCME2_ADV (Prop_mmcme2_adv_CLKIN1_CLKOUT0)
                                                     -1.150    -0.553 r  system_i/clk_wiz_0/inst/mmcm_adv_inst/CLKOUT0
                         net (fo=1, routed)           0.529    -0.024    system_i/clk_wiz_0/inst/clk_out1_system_clk_wiz_0_0
    BUFGCTRL_X0Y0        BUFG (Prop_bufg_I_O)         0.026     0.002 r  system_i/clk_wiz_0/inst/clkout1_buf/O
                         net (fo=625, routed)         0.558     0.560    system_i/v_axi4s_vid_out_0/inst/COUPLER_INST/generate_async_fifo.FIFO_INST/XPM_FIFO_ASYNC_INST/gnuram_async_fifo.xpm_fifo_base_inst/gen_cdc_pntr.rd_pntr_cdc_inst/src_clk
    SLICE_X34Y88         FDRE                                         r  system_i/v_axi4s_vid_out_0/inst/COUPLER_INST/generate_async_fifo.FIFO_INST/XPM_FIFO_ASYNC_INST/gnuram_async_fifo.xpm_fifo_base_inst/gen_cdc_pntr.rd_pntr_cdc_inst/src_gray_ff_reg[7]/C
  -------------------------------------------------------------------    -------------------
    SLICE_X34Y88         FDRE (Prop_fdre_C_Q)         0.148     0.708 r  system_i/v_axi4s_vid_out_0/inst/COUPLER_INST/generate_async_fifo.FIFO_INST/XPM_FIFO_ASYNC_INST/gnuram_async_fifo.xpm_fifo_base_inst/gen_cdc_pntr.rd_pntr_cdc_inst/src_gray_ff_reg[7]/Q
                         net (fo=1, routed)           0.201     0.909    system_i/v_axi4s_vid_out_0/inst/COUPLER_INST/generate_async_fifo.FIFO_INST/XPM_FIFO_ASYNC_INST/gnuram_async_fifo.xpm_fifo_base_inst/gen_cdc_pntr.rd_pntr_cdc_inst/async_path[7]
    SLICE_X34Y87         FDRE                                         r  system_i/v_axi4s_vid_out_0/inst/COUPLER_INST/generate_async_fifo.FIFO_INST/XPM_FIFO_ASYNC_INST/gnuram_async_fifo.xpm_fifo_base_inst/gen_cdc_pntr.rd_pntr_cdc_inst/dest_graysync_ff_reg[0][7]/D
  -------------------------------------------------------------------    -------------------

                         (clock clk_fpga_0 rise edge)
                                                      0.000     0.000 r  
    PS7_X0Y0             PS7                          0.000     0.000 r  system_i/processing_system7_0/inst/PS7_i/FCLKCLK[0]
                         net (fo=1, routed)           0.337     0.337    system_i/processing_system7_0/inst/FCLK_CLK_unbuffered[0]
    BUFGCTRL_X0Y16       BUFG (Prop_bufg_I_O)         0.029     0.366 r  system_i/processing_system7_0/inst/buffer_fclk_clk_0.FCLK_CLK_0_BUFG/O
                         net (fo=2984, routed)        0.821     1.187    system_i/v_axi4s_vid_out_0/inst/COUPLER_INST/generate_async_fifo.FIFO_INST/XPM_FIFO_ASYNC_INST/gnuram_async_fifo.xpm_fifo_base_inst/gen_cdc_pntr.rd_pntr_cdc_inst/dest_clk
    SLICE_X34Y87         FDRE                                         r  system_i/v_axi4s_vid_out_0/inst/COUPLER_INST/generate_async_fifo.FIFO_INST/XPM_FIFO_ASYNC_INST/gnuram_async_fifo.xpm_fifo_base_inst/gen_cdc_pntr.rd_pntr_cdc_inst/dest_graysync_ff_reg[0][7]/C

Slack:                    inf
  Source:                 system_i/v_axi4s_vid_out_0/inst/COUPLER_INST/generate_async_fifo.FIFO_INST/XPM_FIFO_ASYNC_INST/gnuram_async_fifo.xpm_fifo_base_inst/gen_cdc_pntr.rd_pntr_cdc_dc_inst/src_gray_ff_reg[12]/C
                            (rising edge-triggered cell FDRE clocked by clk_out1_system_clk_wiz_0_0  {rise@0.000ns fall@19.858ns period=39.716ns})
  Destination:            system_i/v_axi4s_vid_out_0/inst/COUPLER_INST/generate_async_fifo.FIFO_INST/XPM_FIFO_ASYNC_INST/gnuram_async_fifo.xpm_fifo_base_inst/gen_cdc_pntr.rd_pntr_cdc_dc_inst/dest_graysync_ff_reg[0][12]/D
                            (rising edge-triggered cell FDRE clocked by clk_fpga_0  {rise@0.000ns fall@5.000ns period=10.000ns})
  Path Group:             (none)
  Path Type:              Hold (Min at Fast Process Corner)
  Data Path Delay:        0.352ns  (logic 0.141ns (40.065%)  route 0.211ns (59.935%))
  Logic Levels:           0  
  Clock Path Skew:        0.631ns (DCD - SCD - CPR)
    Destination Clock Delay (DCD):    1.188ns
    Source Clock Delay      (SCD):    0.557ns
    Clock Pessimism Removal (CPR):    -0.000ns
  Clock Uncertainty:      0.342ns  ((TSJ^2 + TIJ^2 + DJ^2)^1/2) / 2 + PE
    Total System Jitter     (TSJ):    0.071ns
    Total Input Jitter      (TIJ):    0.300ns
    Discrete Jitter          (DJ):    0.228ns
    Phase Error              (PE):    0.150ns
  Timing Exception:       False Path

    Location             Delay type                Incr(ns)  Path(ns)    Netlist Resource(s)
  -------------------------------------------------------------------    -------------------
                         (clock clk_out1_system_clk_wiz_0_0 rise edge)
                                                      0.000     0.000 r  
    BUFGCTRL_X0Y16       BUFG                         0.000     0.000 r  system_i/processing_system7_0/inst/buffer_fclk_clk_0.FCLK_CLK_0_BUFG/O
                         net (fo=2984, routed)        0.597     0.597    system_i/clk_wiz_0/inst/clk_in1
    MMCME2_ADV_X1Y0      MMCME2_ADV (Prop_mmcme2_adv_CLKIN1_CLKOUT0)
                                                     -1.150    -0.553 r  system_i/clk_wiz_0/inst/mmcm_adv_inst/CLKOUT0
                         net (fo=1, routed)           0.529    -0.024    system_i/clk_wiz_0/inst/clk_out1_system_clk_wiz_0_0
    BUFGCTRL_X0Y0        BUFG (Prop_bufg_I_O)         0.026     0.002 r  system_i/clk_wiz_0/inst/clkout1_buf/O
                         net (fo=625, routed)         0.555     0.557    system_i/v_axi4s_vid_out_0/inst/COUPLER_INST/generate_async_fifo.FIFO_INST/XPM_FIFO_ASYNC_INST/gnuram_async_fifo.xpm_fifo_base_inst/gen_cdc_pntr.rd_pntr_cdc_dc_inst/src_clk
    SLICE_X43Y87         FDRE                                         r  system_i/v_axi4s_vid_out_0/inst/COUPLER_INST/generate_async_fifo.FIFO_INST/XPM_FIFO_ASYNC_INST/gnuram_async_fifo.xpm_fifo_base_inst/gen_cdc_pntr.rd_pntr_cdc_dc_inst/src_gray_ff_reg[12]/C
  -------------------------------------------------------------------    -------------------
    SLICE_X43Y87         FDRE (Prop_fdre_C_Q)         0.141     0.698 r  system_i/v_axi4s_vid_out_0/inst/COUPLER_INST/generate_async_fifo.FIFO_INST/XPM_FIFO_ASYNC_INST/gnuram_async_fifo.xpm_fifo_base_inst/gen_cdc_pntr.rd_pntr_cdc_dc_inst/src_gray_ff_reg[12]/Q
                         net (fo=1, routed)           0.211     0.909    system_i/v_axi4s_vid_out_0/inst/COUPLER_INST/generate_async_fifo.FIFO_INST/XPM_FIFO_ASYNC_INST/gnuram_async_fifo.xpm_fifo_base_inst/gen_cdc_pntr.rd_pntr_cdc_dc_inst/async_path[12]
    SLICE_X43Y89         FDRE                                         r  system_i/v_axi4s_vid_out_0/inst/COUPLER_INST/generate_async_fifo.FIFO_INST/XPM_FIFO_ASYNC_INST/gnuram_async_fifo.xpm_fifo_base_inst/gen_cdc_pntr.rd_pntr_cdc_dc_inst/dest_graysync_ff_reg[0][12]/D
  -------------------------------------------------------------------    -------------------

                         (clock clk_fpga_0 rise edge)
                                                      0.000     0.000 r  
    PS7_X0Y0             PS7                          0.000     0.000 r  system_i/processing_system7_0/inst/PS7_i/FCLKCLK[0]
                         net (fo=1, routed)           0.337     0.337    system_i/processing_system7_0/inst/FCLK_CLK_unbuffered[0]
    BUFGCTRL_X0Y16       BUFG (Prop_bufg_I_O)         0.029     0.366 r  system_i/processing_system7_0/inst/buffer_fclk_clk_0.FCLK_CLK_0_BUFG/O
                         net (fo=2984, routed)        0.822     1.188    system_i/v_axi4s_vid_out_0/inst/COUPLER_INST/generate_async_fifo.FIFO_INST/XPM_FIFO_ASYNC_INST/gnuram_async_fifo.xpm_fifo_base_inst/gen_cdc_pntr.rd_pntr_cdc_dc_inst/dest_clk
    SLICE_X43Y89         FDRE                                         r  system_i/v_axi4s_vid_out_0/inst/COUPLER_INST/generate_async_fifo.FIFO_INST/XPM_FIFO_ASYNC_INST/gnuram_async_fifo.xpm_fifo_base_inst/gen_cdc_pntr.rd_pntr_cdc_dc_inst/dest_graysync_ff_reg[0][12]/C

Slack:                    inf
  Source:                 system_i/v_axi4s_vid_out_0/inst/COUPLER_INST/generate_async_fifo.FIFO_INST/XPM_FIFO_ASYNC_INST/gnuram_async_fifo.xpm_fifo_base_inst/gen_cdc_pntr.rd_pntr_cdc_dc_inst/src_gray_ff_reg[8]/C
                            (rising edge-triggered cell FDRE clocked by clk_out1_system_clk_wiz_0_0  {rise@0.000ns fall@19.858ns period=39.716ns})
  Destination:            system_i/v_axi4s_vid_out_0/inst/COUPLER_INST/generate_async_fifo.FIFO_INST/XPM_FIFO_ASYNC_INST/gnuram_async_fifo.xpm_fifo_base_inst/gen_cdc_pntr.rd_pntr_cdc_dc_inst/dest_graysync_ff_reg[0][8]/D
                            (rising edge-triggered cell FDRE clocked by clk_fpga_0  {rise@0.000ns fall@5.000ns period=10.000ns})
  Path Group:             (none)
  Path Type:              Hold (Min at Fast Process Corner)
  Data Path Delay:        0.354ns  (logic 0.141ns (39.829%)  route 0.213ns (60.171%))
  Logic Levels:           0  
  Clock Path Skew:        0.630ns (DCD - SCD - CPR)
    Destination Clock Delay (DCD):    1.188ns
    Source Clock Delay      (SCD):    0.558ns
    Clock Pessimism Removal (CPR):    -0.000ns
  Clock Uncertainty:      0.342ns  ((TSJ^2 + TIJ^2 + DJ^2)^1/2) / 2 + PE
    Total System Jitter     (TSJ):    0.071ns
    Total Input Jitter      (TIJ):    0.300ns
    Discrete Jitter          (DJ):    0.228ns
    Phase Error              (PE):    0.150ns
  Timing Exception:       False Path

    Location             Delay type                Incr(ns)  Path(ns)    Netlist Resource(s)
  -------------------------------------------------------------------    -------------------
                         (clock clk_out1_system_clk_wiz_0_0 rise edge)
                                                      0.000     0.000 r  
    BUFGCTRL_X0Y16       BUFG                         0.000     0.000 r  system_i/processing_system7_0/inst/buffer_fclk_clk_0.FCLK_CLK_0_BUFG/O
                         net (fo=2984, routed)        0.597     0.597    system_i/clk_wiz_0/inst/clk_in1
    MMCME2_ADV_X1Y0      MMCME2_ADV (Prop_mmcme2_adv_CLKIN1_CLKOUT0)
                                                     -1.150    -0.553 r  system_i/clk_wiz_0/inst/mmcm_adv_inst/CLKOUT0
                         net (fo=1, routed)           0.529    -0.024    system_i/clk_wiz_0/inst/clk_out1_system_clk_wiz_0_0
    BUFGCTRL_X0Y0        BUFG (Prop_bufg_I_O)         0.026     0.002 r  system_i/clk_wiz_0/inst/clkout1_buf/O
                         net (fo=625, routed)         0.556     0.558    system_i/v_axi4s_vid_out_0/inst/COUPLER_INST/generate_async_fifo.FIFO_INST/XPM_FIFO_ASYNC_INST/gnuram_async_fifo.xpm_fifo_base_inst/gen_cdc_pntr.rd_pntr_cdc_dc_inst/src_clk
    SLICE_X43Y88         FDRE                                         r  system_i/v_axi4s_vid_out_0/inst/COUPLER_INST/generate_async_fifo.FIFO_INST/XPM_FIFO_ASYNC_INST/gnuram_async_fifo.xpm_fifo_base_inst/gen_cdc_pntr.rd_pntr_cdc_dc_inst/src_gray_ff_reg[8]/C
  -------------------------------------------------------------------    -------------------
    SLICE_X43Y88         FDRE (Prop_fdre_C_Q)         0.141     0.699 r  system_i/v_axi4s_vid_out_0/inst/COUPLER_INST/generate_async_fifo.FIFO_INST/XPM_FIFO_ASYNC_INST/gnuram_async_fifo.xpm_fifo_base_inst/gen_cdc_pntr.rd_pntr_cdc_dc_inst/src_gray_ff_reg[8]/Q
                         net (fo=1, routed)           0.213     0.912    system_i/v_axi4s_vid_out_0/inst/COUPLER_INST/generate_async_fifo.FIFO_INST/XPM_FIFO_ASYNC_INST/gnuram_async_fifo.xpm_fifo_base_inst/gen_cdc_pntr.rd_pntr_cdc_dc_inst/async_path[8]
    SLICE_X46Y88         FDRE                                         r  system_i/v_axi4s_vid_out_0/inst/COUPLER_INST/generate_async_fifo.FIFO_INST/XPM_FIFO_ASYNC_INST/gnuram_async_fifo.xpm_fifo_base_inst/gen_cdc_pntr.rd_pntr_cdc_dc_inst/dest_graysync_ff_reg[0][8]/D
  -------------------------------------------------------------------    -------------------

                         (clock clk_fpga_0 rise edge)
                                                      0.000     0.000 r  
    PS7_X0Y0             PS7                          0.000     0.000 r  system_i/processing_system7_0/inst/PS7_i/FCLKCLK[0]
                         net (fo=1, routed)           0.337     0.337    system_i/processing_system7_0/inst/FCLK_CLK_unbuffered[0]
    BUFGCTRL_X0Y16       BUFG (Prop_bufg_I_O)         0.029     0.366 r  system_i/processing_system7_0/inst/buffer_fclk_clk_0.FCLK_CLK_0_BUFG/O
                         net (fo=2984, routed)        0.822     1.188    system_i/v_axi4s_vid_out_0/inst/COUPLER_INST/generate_async_fifo.FIFO_INST/XPM_FIFO_ASYNC_INST/gnuram_async_fifo.xpm_fifo_base_inst/gen_cdc_pntr.rd_pntr_cdc_dc_inst/dest_clk
    SLICE_X46Y88         FDRE                                         r  system_i/v_axi4s_vid_out_0/inst/COUPLER_INST/generate_async_fifo.FIFO_INST/XPM_FIFO_ASYNC_INST/gnuram_async_fifo.xpm_fifo_base_inst/gen_cdc_pntr.rd_pntr_cdc_dc_inst/dest_graysync_ff_reg[0][8]/C





--------------------------------------------------------------------------------------
Path Group:  (none)
From Clock:  
  To Clock:  clk_out1_system_clk_wiz_0_0

Max Delay             3 Endpoints
Min Delay             3 Endpoints
--------------------------------------------------------------------------------------


Max Delay Paths
--------------------------------------------------------------------------------------
Slack:                    inf
  Source:                 system_i/clk_wiz_0/inst/mmcm_adv_inst/LOCKED
                            (internal pin)
  Destination:            system_i/rgb2dvi_0/U0/LockLostReset/SyncAsyncx/oSyncStages_reg[0]/PRE
                            (recovery check against rising-edge clock clk_out1_system_clk_wiz_0_0  {rise@0.000ns fall@19.858ns period=39.716ns})
  Path Group:             (none)
  Path Type:              Recovery (Max at Slow Process Corner)
  Data Path Delay:        4.499ns  (logic 0.124ns (2.756%)  route 4.375ns (97.244%))
  Logic Levels:           1  (LUT1=1)
  Clock Uncertainty:      0.267ns  ((TSJ^2 + DJ^2)^1/2) / 2 + PE
    Total System Jitter     (TSJ):    0.050ns
    Discrete Jitter          (DJ):    0.228ns
    Phase Error              (PE):    0.150ns
  Timing Exception:       False Path

    Location             Delay type                Incr(ns)  Path(ns)    Netlist Resource(s)
  -------------------------------------------------------------------    -------------------
    MMCME2_ADV_X1Y0      MMCME2_ADV                   0.000     0.000 r  system_i/clk_wiz_0/inst/mmcm_adv_inst/LOCKED
                         net (fo=3, routed)           3.847     3.847    system_i/rgb2dvi_0/U0/LockLostReset/aRst_n
    SLICE_X113Y123       LUT1 (Prop_lut1_I0_O)        0.124     3.971 f  system_i/rgb2dvi_0/U0/LockLostReset/aRst_int_inferred_i_1/O
                         net (fo=2, routed)           0.528     4.499    system_i/rgb2dvi_0/U0/LockLostReset/SyncAsyncx/AS[0]
    SLICE_X113Y123       FDPE                                         f  system_i/rgb2dvi_0/U0/LockLostReset/SyncAsyncx/oSyncStages_reg[0]/PRE
  -------------------------------------------------------------------    -------------------

                         (clock clk_out1_system_clk_wiz_0_0 rise edge)
                                                      0.000     0.000 r  
    BUFGCTRL_X0Y16       BUFG                         0.000     0.000 r  system_i/processing_system7_0/inst/buffer_fclk_clk_0.FCLK_CLK_0_BUFG/O
                         net (fo=2984, routed)        1.612     1.612    system_i/clk_wiz_0/inst/clk_in1
    MMCME2_ADV_X1Y0      MMCME2_ADV (Prop_mmcme2_adv_CLKIN1_CLKOUT0)
                                                     -3.425    -1.813 r  system_i/clk_wiz_0/inst/mmcm_adv_inst/CLKOUT0
                         net (fo=1, routed)           1.725    -0.088    system_i/clk_wiz_0/inst/clk_out1_system_clk_wiz_0_0
    BUFGCTRL_X0Y0        BUFG (Prop_bufg_I_O)         0.091     0.003 r  system_i/clk_wiz_0/inst/clkout1_buf/O
                         net (fo=625, routed)         1.848     1.851    system_i/rgb2dvi_0/U0/LockLostReset/SyncAsyncx/PixelClk
    SLICE_X113Y123       FDPE                                         r  system_i/rgb2dvi_0/U0/LockLostReset/SyncAsyncx/oSyncStages_reg[0]/C

Slack:                    inf
  Source:                 system_i/clk_wiz_0/inst/mmcm_adv_inst/LOCKED
                            (internal pin)
  Destination:            system_i/rgb2dvi_0/U0/LockLostReset/SyncAsyncx/oSyncStages_reg[1]/PRE
                            (recovery check against rising-edge clock clk_out1_system_clk_wiz_0_0  {rise@0.000ns fall@19.858ns period=39.716ns})
  Path Group:             (none)
  Path Type:              Recovery (Max at Slow Process Corner)
  Data Path Delay:        4.499ns  (logic 0.124ns (2.756%)  route 4.375ns (97.244%))
  Logic Levels:           1  (LUT1=1)
  Clock Uncertainty:      0.267ns  ((TSJ^2 + DJ^2)^1/2) / 2 + PE
    Total System Jitter     (TSJ):    0.050ns
    Discrete Jitter          (DJ):    0.228ns
    Phase Error              (PE):    0.150ns
  Timing Exception:       False Path

    Location             Delay type                Incr(ns)  Path(ns)    Netlist Resource(s)
  -------------------------------------------------------------------    -------------------
    MMCME2_ADV_X1Y0      MMCME2_ADV                   0.000     0.000 r  system_i/clk_wiz_0/inst/mmcm_adv_inst/LOCKED
                         net (fo=3, routed)           3.847     3.847    system_i/rgb2dvi_0/U0/LockLostReset/aRst_n
    SLICE_X113Y123       LUT1 (Prop_lut1_I0_O)        0.124     3.971 f  system_i/rgb2dvi_0/U0/LockLostReset/aRst_int_inferred_i_1/O
                         net (fo=2, routed)           0.528     4.499    system_i/rgb2dvi_0/U0/LockLostReset/SyncAsyncx/AS[0]
    SLICE_X113Y123       FDPE                                         f  system_i/rgb2dvi_0/U0/LockLostReset/SyncAsyncx/oSyncStages_reg[1]/PRE
  -------------------------------------------------------------------    -------------------

                         (clock clk_out1_system_clk_wiz_0_0 rise edge)
                                                      0.000     0.000 r  
    BUFGCTRL_X0Y16       BUFG                         0.000     0.000 r  system_i/processing_system7_0/inst/buffer_fclk_clk_0.FCLK_CLK_0_BUFG/O
                         net (fo=2984, routed)        1.612     1.612    system_i/clk_wiz_0/inst/clk_in1
    MMCME2_ADV_X1Y0      MMCME2_ADV (Prop_mmcme2_adv_CLKIN1_CLKOUT0)
                                                     -3.425    -1.813 r  system_i/clk_wiz_0/inst/mmcm_adv_inst/CLKOUT0
                         net (fo=1, routed)           1.725    -0.088    system_i/clk_wiz_0/inst/clk_out1_system_clk_wiz_0_0
    BUFGCTRL_X0Y0        BUFG (Prop_bufg_I_O)         0.091     0.003 r  system_i/clk_wiz_0/inst/clkout1_buf/O
                         net (fo=625, routed)         1.848     1.851    system_i/rgb2dvi_0/U0/LockLostReset/SyncAsyncx/PixelClk
    SLICE_X113Y123       FDPE                                         r  system_i/rgb2dvi_0/U0/LockLostReset/SyncAsyncx/oSyncStages_reg[1]/C

Slack:                    inf
  Source:                 system_i/processing_system7_0/inst/PS7_i/FCLKRESETN[0]
                            (internal pin)
  Destination:            system_i/rst_pix/U0/EXT_LPF/ACTIVE_LOW_EXT.ACT_LO_EXT/syncstages_ff_reg[0]/D
                            (rising edge-triggered cell FDRE clocked by clk_out1_system_clk_wiz_0_0  {rise@0.000ns fall@19.858ns period=39.716ns})
  Path Group:             (none)
  Path Type:              Setup (Max at Slow Process Corner)
  Data Path Delay:        2.267ns  (logic 0.124ns (5.470%)  route 2.143ns (94.530%))
  Logic Levels:           1  (LUT1=1)
  Clock Uncertainty:      0.267ns  ((TSJ^2 + DJ^2)^1/2) / 2 + PE
    Total System Jitter     (TSJ):    0.050ns
    Discrete Jitter          (DJ):    0.228ns
    Phase Error              (PE):    0.150ns
  Timing Exception:       False Path

    Location             Delay type                Incr(ns)  Path(ns)    Netlist Resource(s)
  -------------------------------------------------------------------    -------------------
    PS7_X0Y0             PS7                          0.000     0.000 f  system_i/processing_system7_0/inst/PS7_i/FCLKRESETN[0]
                         net (fo=3, routed)           2.143     2.143    system_i/rst_pix/U0/EXT_LPF/ext_reset_in
    SLICE_X66Y101        LUT1 (Prop_lut1_I0_O)        0.124     2.267 r  system_i/rst_pix/U0/EXT_LPF/ACTIVE_LOW_EXT.ACT_LO_EXT_i_1/O
                         net (fo=1, routed)           0.000     2.267    system_i/rst_pix/U0/EXT_LPF/ACTIVE_LOW_EXT.ACT_LO_EXT/src_in
    SLICE_X66Y101        FDRE                                         r  system_i/rst_pix/U0/EXT_LPF/ACTIVE_LOW_EXT.ACT_LO_EXT/syncstages_ff_reg[0]/D
  -------------------------------------------------------------------    -------------------

                         (clock clk_out1_system_clk_wiz_0_0 rise edge)
                                                      0.000     0.000 r  
    BUFGCTRL_X0Y16       BUFG                         0.000     0.000 r  system_i/processing_system7_0/inst/buffer_fclk_clk_0.FCLK_CLK_0_BUFG/O
                         net (fo=2984, routed)        1.612     1.612    system_i/clk_wiz_0/inst/clk_in1
    MMCME2_ADV_X1Y0      MMCME2_ADV (Prop_mmcme2_adv_CLKIN1_CLKOUT0)
                                                     -3.425    -1.813 r  system_i/clk_wiz_0/inst/mmcm_adv_inst/CLKOUT0
                         net (fo=1, routed)           1.725    -0.088    system_i/clk_wiz_0/inst/clk_out1_system_clk_wiz_0_0
    BUFGCTRL_X0Y0        BUFG (Prop_bufg_I_O)         0.091     0.003 r  system_i/clk_wiz_0/inst/clkout1_buf/O
                         net (fo=625, routed)         1.719     1.722    system_i/rst_pix/U0/EXT_LPF/ACTIVE_LOW_EXT.ACT_LO_EXT/dest_clk
    SLICE_X66Y101        FDRE                                         r  system_i/rst_pix/U0/EXT_LPF/ACTIVE_LOW_EXT.ACT_LO_EXT/syncstages_ff_reg[0]/C





Min Delay Paths
--------------------------------------------------------------------------------------
Slack:                    inf
  Source:                 system_i/processing_system7_0/inst/PS7_i/FCLKRESETN[0]
                            (internal pin)
  Destination:            system_i/rst_pix/U0/EXT_LPF/ACTIVE_LOW_EXT.ACT_LO_EXT/syncstages_ff_reg[0]/D
                            (rising edge-triggered cell FDRE clocked by clk_out1_system_clk_wiz_0_0  {rise@0.000ns fall@19.858ns period=39.716ns})
  Path Group:             (none)
  Path Type:              Hold (Min at Fast Process Corner)
  Data Path Delay:        1.007ns  (logic 0.045ns (4.469%)  route 0.962ns (95.531%))
  Logic Levels:           1  (LUT1=1)
  Clock Uncertainty:      0.267ns  ((TSJ^2 + DJ^2)^1/2) / 2 + PE
    Total System Jitter     (TSJ):    0.050ns
    Discrete Jitter          (DJ):    0.228ns
    Phase Error              (PE):    0.150ns
  Timing Exception:       False Path

    Location             Delay type                Incr(ns)  Path(ns)    Netlist Resource(s)
  -------------------------------------------------------------------    -------------------
    PS7_X0Y0             PS7                          0.000     0.000 f  system_i/processing_system7_0/inst/PS7_i/FCLKRESETN[0]
                         net (fo=3, routed)           0.962     0.962    system_i/rst_pix/U0/EXT_LPF/ext_reset_in
    SLICE_X66Y101        LUT1 (Prop_lut1_I0_O)        0.045     1.007 r  system_i/rst_pix/U0/EXT_LPF/ACTIVE_LOW_EXT.ACT_LO_EXT_i_1/O
                         net (fo=1, routed)           0.000     1.007    system_i/rst_pix/U0/EXT_LPF/ACTIVE_LOW_EXT.ACT_LO_EXT/src_in
    SLICE_X66Y101        FDRE                                         r  system_i/rst_pix/U0/EXT_LPF/ACTIVE_LOW_EXT.ACT_LO_EXT/syncstages_ff_reg[0]/D
  -------------------------------------------------------------------    -------------------

                         (clock clk_out1_system_clk_wiz_0_0 rise edge)
                                                      0.000     0.000 r  
    BUFGCTRL_X0Y16       BUFG                         0.000     0.000 r  system_i/processing_system7_0/inst/buffer_fclk_clk_0.FCLK_CLK_0_BUFG/O
                         net (fo=2984, routed)        0.864     0.864    system_i/clk_wiz_0/inst/clk_in1
    MMCME2_ADV_X1Y0      MMCME2_ADV (Prop_mmcme2_adv_CLKIN1_CLKOUT0)
                                                     -1.467    -0.603 r  system_i/clk_wiz_0/inst/mmcm_adv_inst/CLKOUT0
                         net (fo=1, routed)           0.576    -0.027    system_i/clk_wiz_0/inst/clk_out1_system_clk_wiz_0_0
    BUFGCTRL_X0Y0        BUFG (Prop_bufg_I_O)         0.029     0.002 r  system_i/clk_wiz_0/inst/clkout1_buf/O
                         net (fo=625, routed)         0.937     0.939    system_i/rst_pix/U0/EXT_LPF/ACTIVE_LOW_EXT.ACT_LO_EXT/dest_clk
    SLICE_X66Y101        FDRE                                         r  system_i/rst_pix/U0/EXT_LPF/ACTIVE_LOW_EXT.ACT_LO_EXT/syncstages_ff_reg[0]/C

Slack:                    inf
  Source:                 system_i/clk_wiz_0/inst/mmcm_adv_inst/LOCKED
                            (internal pin)
  Destination:            system_i/rgb2dvi_0/U0/LockLostReset/SyncAsyncx/oSyncStages_reg[0]/PRE
                            (removal check against rising-edge clock clk_out1_system_clk_wiz_0_0  {rise@0.000ns fall@19.858ns period=39.716ns})
  Path Group:             (none)
  Path Type:              Removal (Min at Fast Process Corner)
  Data Path Delay:        1.683ns  (logic 0.045ns (2.674%)  route 1.638ns (97.326%))
  Logic Levels:           1  (LUT1=1)
  Clock Uncertainty:      0.267ns  ((TSJ^2 + DJ^2)^1/2) / 2 + PE
    Total System Jitter     (TSJ):    0.050ns
    Discrete Jitter          (DJ):    0.228ns
    Phase Error              (PE):    0.150ns
  Timing Exception:       False Path

    Location             Delay type                Incr(ns)  Path(ns)    Netlist Resource(s)
  -------------------------------------------------------------------    -------------------
    MMCME2_ADV_X1Y0      MMCME2_ADV                   0.000     0.000 r  system_i/clk_wiz_0/inst/mmcm_adv_inst/LOCKED
                         net (fo=3, routed)           1.465     1.465    system_i/rgb2dvi_0/U0/LockLostReset/aRst_n
    SLICE_X113Y123       LUT1 (Prop_lut1_I0_O)        0.045     1.510 f  system_i/rgb2dvi_0/U0/LockLostReset/aRst_int_inferred_i_1/O
                         net (fo=2, routed)           0.173     1.683    system_i/rgb2dvi_0/U0/LockLostReset/SyncAsyncx/AS[0]
    SLICE_X113Y123       FDPE                                         f  system_i/rgb2dvi_0/U0/LockLostReset/SyncAsyncx/oSyncStages_reg[0]/PRE
  -------------------------------------------------------------------    -------------------

                         (clock clk_out1_system_clk_wiz_0_0 rise edge)
                                                      0.000     0.000 r  
    BUFGCTRL_X0Y16       BUFG                         0.000     0.000 r  system_i/processing_system7_0/inst/buffer_fclk_clk_0.FCLK_CLK_0_BUFG/O
                         net (fo=2984, routed)        0.864     0.864    system_i/clk_wiz_0/inst/clk_in1
    MMCME2_ADV_X1Y0      MMCME2_ADV (Prop_mmcme2_adv_CLKIN1_CLKOUT0)
                                                     -1.467    -0.603 r  system_i/clk_wiz_0/inst/mmcm_adv_inst/CLKOUT0
                         net (fo=1, routed)           0.576    -0.027    system_i/clk_wiz_0/inst/clk_out1_system_clk_wiz_0_0
    BUFGCTRL_X0Y0        BUFG (Prop_bufg_I_O)         0.029     0.002 r  system_i/clk_wiz_0/inst/clkout1_buf/O
                         net (fo=625, routed)         0.981     0.983    system_i/rgb2dvi_0/U0/LockLostReset/SyncAsyncx/PixelClk
    SLICE_X113Y123       FDPE                                         r  system_i/rgb2dvi_0/U0/LockLostReset/SyncAsyncx/oSyncStages_reg[0]/C

Slack:                    inf
  Source:                 system_i/clk_wiz_0/inst/mmcm_adv_inst/LOCKED
                            (internal pin)
  Destination:            system_i/rgb2dvi_0/U0/LockLostReset/SyncAsyncx/oSyncStages_reg[1]/PRE
                            (removal check against rising-edge clock clk_out1_system_clk_wiz_0_0  {rise@0.000ns fall@19.858ns period=39.716ns})
  Path Group:             (none)
  Path Type:              Removal (Min at Fast Process Corner)
  Data Path Delay:        1.683ns  (logic 0.045ns (2.674%)  route 1.638ns (97.326%))
  Logic Levels:           1  (LUT1=1)
  Clock Uncertainty:      0.267ns  ((TSJ^2 + DJ^2)^1/2) / 2 + PE
    Total System Jitter     (TSJ):    0.050ns
    Discrete Jitter          (DJ):    0.228ns
    Phase Error              (PE):    0.150ns
  Timing Exception:       False Path

    Location             Delay type                Incr(ns)  Path(ns)    Netlist Resource(s)
  -------------------------------------------------------------------    -------------------
    MMCME2_ADV_X1Y0      MMCME2_ADV                   0.000     0.000 r  system_i/clk_wiz_0/inst/mmcm_adv_inst/LOCKED
                         net (fo=3, routed)           1.465     1.465    system_i/rgb2dvi_0/U0/LockLostReset/aRst_n
    SLICE_X113Y123       LUT1 (Prop_lut1_I0_O)        0.045     1.510 f  system_i/rgb2dvi_0/U0/LockLostReset/aRst_int_inferred_i_1/O
                         net (fo=2, routed)           0.173     1.683    system_i/rgb2dvi_0/U0/LockLostReset/SyncAsyncx/AS[0]
    SLICE_X113Y123       FDPE                                         f  system_i/rgb2dvi_0/U0/LockLostReset/SyncAsyncx/oSyncStages_reg[1]/PRE
  -------------------------------------------------------------------    -------------------

                         (clock clk_out1_system_clk_wiz_0_0 rise edge)
                                                      0.000     0.000 r  
    BUFGCTRL_X0Y16       BUFG                         0.000     0.000 r  system_i/processing_system7_0/inst/buffer_fclk_clk_0.FCLK_CLK_0_BUFG/O
                         net (fo=2984, routed)        0.864     0.864    system_i/clk_wiz_0/inst/clk_in1
    MMCME2_ADV_X1Y0      MMCME2_ADV (Prop_mmcme2_adv_CLKIN1_CLKOUT0)
                                                     -1.467    -0.603 r  system_i/clk_wiz_0/inst/mmcm_adv_inst/CLKOUT0
                         net (fo=1, routed)           0.576    -0.027    system_i/clk_wiz_0/inst/clk_out1_system_clk_wiz_0_0
    BUFGCTRL_X0Y0        BUFG (Prop_bufg_I_O)         0.029     0.002 r  system_i/clk_wiz_0/inst/clkout1_buf/O
                         net (fo=625, routed)         0.981     0.983    system_i/rgb2dvi_0/U0/LockLostReset/SyncAsyncx/PixelClk
    SLICE_X113Y123       FDPE                                         r  system_i/rgb2dvi_0/U0/LockLostReset/SyncAsyncx/oSyncStages_reg[1]/C





--------------------------------------------------------------------------------------
Path Group:  (none)
From Clock:  clk_fpga_0
  To Clock:  clk_out1_system_clk_wiz_0_0

Max Delay             1 Endpoint
Min Delay            26 Endpoints
--------------------------------------------------------------------------------------


Max Delay Paths
--------------------------------------------------------------------------------------
Slack:                    inf
  Source:                 system_i/v_axi4s_vid_out_0/inst/COUPLER_INST/generate_async_fifo.FIFO_INST/XPM_FIFO_ASYNC_INST/gnuram_async_fifo.xpm_fifo_base_inst/xpm_fifo_rst_inst/gen_rst_ic.fifo_wr_rst_ic_reg/C
                            (rising edge-triggered cell FDRE clocked by clk_fpga_0  {rise@0.000ns fall@5.000ns period=10.000ns})
  Destination:            system_i/v_axi4s_vid_out_0/inst/COUPLER_INST/generate_async_fifo.FIFO_INST/XPM_FIFO_ASYNC_INST/gnuram_async_fifo.xpm_fifo_base_inst/xpm_fifo_rst_inst/gen_rst_ic.wrst_rd_inst/syncstages_ff_reg[0]/D
                            (rising edge-triggered cell FDRE clocked by clk_out1_system_clk_wiz_0_0  {rise@0.000ns fall@19.858ns period=39.716ns})
  Path Group:             (none)
  Path Type:              Setup (Max at Slow Process Corner)
  Data Path Delay:        1.000ns  (logic 0.456ns (45.611%)  route 0.544ns (54.389%))
  Logic Levels:           0  
  Clock Path Skew:        -1.461ns (DCD - SCD + CPR)
    Destination Clock Delay (DCD):    1.471ns
    Source Clock Delay      (SCD):    2.932ns
    Clock Pessimism Removal (CPR):    0.000ns
  Clock Uncertainty:      0.342ns  ((TSJ^2 + TIJ^2 + DJ^2)^1/2) / 2 + PE
    Total System Jitter     (TSJ):    0.071ns
    Total Input Jitter      (TIJ):    0.300ns
    Discrete Jitter          (DJ):    0.228ns
    Phase Error              (PE):    0.150ns
  Timing Exception:       False Path

    Location             Delay type                Incr(ns)  Path(ns)    Netlist Resource(s)
  -------------------------------------------------------------------    -------------------
                         (clock clk_fpga_0 rise edge)
                                                      0.000     0.000 r  
    PS7_X0Y0             PS7                          0.000     0.000 r  system_i/processing_system7_0/inst/PS7_i/FCLKCLK[0]
                         net (fo=1, routed)           1.193     1.193    system_i/processing_system7_0/inst/FCLK_CLK_unbuffered[0]
    BUFGCTRL_X0Y16       BUFG (Prop_bufg_I_O)         0.101     1.294 r  system_i/processing_system7_0/inst/buffer_fclk_clk_0.FCLK_CLK_0_BUFG/O
                         net (fo=2984, routed)        1.638     2.932    system_i/v_axi4s_vid_out_0/inst/COUPLER_INST/generate_async_fifo.FIFO_INST/XPM_FIFO_ASYNC_INST/gnuram_async_fifo.xpm_fifo_base_inst/xpm_fifo_rst_inst/wr_clk
    SLICE_X51Y92         FDRE                                         r  system_i/v_axi4s_vid_out_0/inst/COUPLER_INST/generate_async_fifo.FIFO_INST/XPM_FIFO_ASYNC_INST/gnuram_async_fifo.xpm_fifo_base_inst/xpm_fifo_rst_inst/gen_rst_ic.fifo_wr_rst_ic_reg/C
  -------------------------------------------------------------------    -------------------
    SLICE_X51Y92         FDRE (Prop_fdre_C_Q)         0.456     3.388 r  system_i/v_axi4s_vid_out_0/inst/COUPLER_INST/generate_async_fifo.FIFO_INST/XPM_FIFO_ASYNC_INST/gnuram_async_fifo.xpm_fifo_base_inst/xpm_fifo_rst_inst/gen_rst_ic.fifo_wr_rst_ic_reg/Q
                         net (fo=2, routed)           0.544     3.932    system_i/v_axi4s_vid_out_0/inst/COUPLER_INST/generate_async_fifo.FIFO_INST/XPM_FIFO_ASYNC_INST/gnuram_async_fifo.xpm_fifo_base_inst/xpm_fifo_rst_inst/gen_rst_ic.wrst_rd_inst/src_rst
    SLICE_X51Y91         FDRE                                         r  system_i/v_axi4s_vid_out_0/inst/COUPLER_INST/generate_async_fifo.FIFO_INST/XPM_FIFO_ASYNC_INST/gnuram_async_fifo.xpm_fifo_base_inst/xpm_fifo_rst_inst/gen_rst_ic.wrst_rd_inst/syncstages_ff_reg[0]/D
  -------------------------------------------------------------------    -------------------

                         (clock clk_out1_system_clk_wiz_0_0 rise edge)
                                                      0.000     0.000 r  
    BUFGCTRL_X0Y16       BUFG                         0.000     0.000 r  system_i/processing_system7_0/inst/buffer_fclk_clk_0.FCLK_CLK_0_BUFG/O
                         net (fo=2984, routed)        1.612     1.612    system_i/clk_wiz_0/inst/clk_in1
    MMCME2_ADV_X1Y0      MMCME2_ADV (Prop_mmcme2_adv_CLKIN1_CLKOUT0)
                                                     -3.425    -1.813 r  system_i/clk_wiz_0/inst/mmcm_adv_inst/CLKOUT0
                         net (fo=1, routed)           1.725    -0.088    system_i/clk_wiz_0/inst/clk_out1_system_clk_wiz_0_0
    BUFGCTRL_X0Y0        BUFG (Prop_bufg_I_O)         0.091     0.003 r  system_i/clk_wiz_0/inst/clkout1_buf/O
                         net (fo=625, routed)         1.468     1.471    system_i/v_axi4s_vid_out_0/inst/COUPLER_INST/generate_async_fifo.FIFO_INST/XPM_FIFO_ASYNC_INST/gnuram_async_fifo.xpm_fifo_base_inst/xpm_fifo_rst_inst/gen_rst_ic.wrst_rd_inst/dest_clk
    SLICE_X51Y91         FDRE                                         r  system_i/v_axi4s_vid_out_0/inst/COUPLER_INST/generate_async_fifo.FIFO_INST/XPM_FIFO_ASYNC_INST/gnuram_async_fifo.xpm_fifo_base_inst/xpm_fifo_rst_inst/gen_rst_ic.wrst_rd_inst/syncstages_ff_reg[0]/C





Min Delay Paths
--------------------------------------------------------------------------------------
Slack:                    inf
  Source:                 system_i/v_axi4s_vid_out_0/inst/COUPLER_INST/generate_async_fifo.FIFO_INST/XPM_FIFO_ASYNC_INST/gnuram_async_fifo.xpm_fifo_base_inst/gen_cdc_pntr.wr_pntr_cdc_inst/src_gray_ff_reg[7]/C
                            (rising edge-triggered cell FDRE clocked by clk_fpga_0  {rise@0.000ns fall@5.000ns period=10.000ns})
  Destination:            system_i/v_axi4s_vid_out_0/inst/COUPLER_INST/generate_async_fifo.FIFO_INST/XPM_FIFO_ASYNC_INST/gnuram_async_fifo.xpm_fifo_base_inst/gen_cdc_pntr.wr_pntr_cdc_inst/dest_graysync_ff_reg[0][7]/D
                            (rising edge-triggered cell FDRE clocked by clk_out1_system_clk_wiz_0_0  {rise@0.000ns fall@19.858ns period=39.716ns})
  Path Group:             (none)
  Path Type:              Hold (Min at Fast Process Corner)
  Data Path Delay:        0.287ns  (logic 0.128ns (44.603%)  route 0.159ns (55.397%))
  Logic Levels:           0  
  Clock Path Skew:        -0.066ns (DCD - SCD - CPR)
    Destination Clock Delay (DCD):    0.819ns
    Source Clock Delay      (SCD):    0.885ns
    Clock Pessimism Removal (CPR):    -0.000ns
  Clock Uncertainty:      0.342ns  ((TSJ^2 + TIJ^2 + DJ^2)^1/2) / 2 + PE
    Total System Jitter     (TSJ):    0.071ns
    Total Input Jitter      (TIJ):    0.300ns
    Discrete Jitter          (DJ):    0.228ns
    Phase Error              (PE):    0.150ns
  Timing Exception:       False Path

    Location             Delay type                Incr(ns)  Path(ns)    Netlist Resource(s)
  -------------------------------------------------------------------    -------------------
                         (clock clk_fpga_0 rise edge)
                                                      0.000     0.000 r  
    PS7_X0Y0             PS7                          0.000     0.000 r  system_i/processing_system7_0/inst/PS7_i/FCLKCLK[0]
                         net (fo=1, routed)           0.310     0.310    system_i/processing_system7_0/inst/FCLK_CLK_unbuffered[0]
    BUFGCTRL_X0Y16       BUFG (Prop_bufg_I_O)         0.026     0.336 r  system_i/processing_system7_0/inst/buffer_fclk_clk_0.FCLK_CLK_0_BUFG/O
                         net (fo=2984, routed)        0.549     0.885    system_i/v_axi4s_vid_out_0/inst/COUPLER_INST/generate_async_fifo.FIFO_INST/XPM_FIFO_ASYNC_INST/gnuram_async_fifo.xpm_fifo_base_inst/gen_cdc_pntr.wr_pntr_cdc_inst/src_clk
    SLICE_X47Y81         FDRE                                         r  system_i/v_axi4s_vid_out_0/inst/COUPLER_INST/generate_async_fifo.FIFO_INST/XPM_FIFO_ASYNC_INST/gnuram_async_fifo.xpm_fifo_base_inst/gen_cdc_pntr.wr_pntr_cdc_inst/src_gray_ff_reg[7]/C
  -------------------------------------------------------------------    -------------------
    SLICE_X47Y81         FDRE (Prop_fdre_C_Q)         0.128     1.013 r  system_i/v_axi4s_vid_out_0/inst/COUPLER_INST/generate_async_fifo.FIFO_INST/XPM_FIFO_ASYNC_INST/gnuram_async_fifo.xpm_fifo_base_inst/gen_cdc_pntr.wr_pntr_cdc_inst/src_gray_ff_reg[7]/Q
                         net (fo=1, routed)           0.159     1.172    system_i/v_axi4s_vid_out_0/inst/COUPLER_INST/generate_async_fifo.FIFO_INST/XPM_FIFO_ASYNC_INST/gnuram_async_fifo.xpm_fifo_base_inst/gen_cdc_pntr.wr_pntr_cdc_inst/async_path[7]
    SLICE_X43Y81         FDRE                                         r  system_i/v_axi4s_vid_out_0/inst/COUPLER_INST/generate_async_fifo.FIFO_INST/XPM_FIFO_ASYNC_INST/gnuram_async_fifo.xpm_fifo_base_inst/gen_cdc_pntr.wr_pntr_cdc_inst/dest_graysync_ff_reg[0][7]/D
  -------------------------------------------------------------------    -------------------

                         (clock clk_out1_system_clk_wiz_0_0 rise edge)
                                                      0.000     0.000 r  
    BUFGCTRL_X0Y16       BUFG                         0.000     0.000 r  system_i/processing_system7_0/inst/buffer_fclk_clk_0.FCLK_CLK_0_BUFG/O
                         net (fo=2984, routed)        0.864     0.864    system_i/clk_wiz_0/inst/clk_in1
    MMCME2_ADV_X1Y0      MMCME2_ADV (Prop_mmcme2_adv_CLKIN1_CLKOUT0)
                                                     -1.467    -0.603 r  system_i/clk_wiz_0/inst/mmcm_adv_inst/CLKOUT0
                         net (fo=1, routed)           0.576    -0.027    system_i/clk_wiz_0/inst/clk_out1_system_clk_wiz_0_0
    BUFGCTRL_X0Y0        BUFG (Prop_bufg_I_O)         0.029     0.002 r  system_i/clk_wiz_0/inst/clkout1_buf/O
                         net (fo=625, routed)         0.817     0.819    system_i/v_axi4s_vid_out_0/inst/COUPLER_INST/generate_async_fifo.FIFO_INST/XPM_FIFO_ASYNC_INST/gnuram_async_fifo.xpm_fifo_base_inst/gen_cdc_pntr.wr_pntr_cdc_inst/dest_clk
    SLICE_X43Y81         FDRE                                         r  system_i/v_axi4s_vid_out_0/inst/COUPLER_INST/generate_async_fifo.FIFO_INST/XPM_FIFO_ASYNC_INST/gnuram_async_fifo.xpm_fifo_base_inst/gen_cdc_pntr.wr_pntr_cdc_inst/dest_graysync_ff_reg[0][7]/C

Slack:                    inf
  Source:                 system_i/v_axi4s_vid_out_0/inst/COUPLER_INST/generate_async_fifo.FIFO_INST/XPM_FIFO_ASYNC_INST/gnuram_async_fifo.xpm_fifo_base_inst/gen_cdc_pntr.wr_pntr_cdc_dc_inst/src_gray_ff_reg[7]/C
                            (rising edge-triggered cell FDRE clocked by clk_fpga_0  {rise@0.000ns fall@5.000ns period=10.000ns})
  Destination:            system_i/v_axi4s_vid_out_0/inst/COUPLER_INST/generate_async_fifo.FIFO_INST/XPM_FIFO_ASYNC_INST/gnuram_async_fifo.xpm_fifo_base_inst/gen_cdc_pntr.wr_pntr_cdc_dc_inst/dest_graysync_ff_reg[0][7]/D
                            (rising edge-triggered cell FDRE clocked by clk_out1_system_clk_wiz_0_0  {rise@0.000ns fall@19.858ns period=39.716ns})
  Path Group:             (none)
  Path Type:              Hold (Min at Fast Process Corner)
  Data Path Delay:        0.302ns  (logic 0.128ns (42.374%)  route 0.174ns (57.626%))
  Logic Levels:           0  
  Clock Path Skew:        -0.065ns (DCD - SCD - CPR)
    Destination Clock Delay (DCD):    0.823ns
    Source Clock Delay      (SCD):    0.888ns
    Clock Pessimism Removal (CPR):    -0.000ns
  Clock Uncertainty:      0.342ns  ((TSJ^2 + TIJ^2 + DJ^2)^1/2) / 2 + PE
    Total System Jitter     (TSJ):    0.071ns
    Total Input Jitter      (TIJ):    0.300ns
    Discrete Jitter          (DJ):    0.228ns
    Phase Error              (PE):    0.150ns
  Timing Exception:       False Path

    Location             Delay type                Incr(ns)  Path(ns)    Netlist Resource(s)
  -------------------------------------------------------------------    -------------------
                         (clock clk_fpga_0 rise edge)
                                                      0.000     0.000 r  
    PS7_X0Y0             PS7                          0.000     0.000 r  system_i/processing_system7_0/inst/PS7_i/FCLKCLK[0]
                         net (fo=1, routed)           0.310     0.310    system_i/processing_system7_0/inst/FCLK_CLK_unbuffered[0]
    BUFGCTRL_X0Y16       BUFG (Prop_bufg_I_O)         0.026     0.336 r  system_i/processing_system7_0/inst/buffer_fclk_clk_0.FCLK_CLK_0_BUFG/O
                         net (fo=2984, routed)        0.552     0.888    system_i/v_axi4s_vid_out_0/inst/COUPLER_INST/generate_async_fifo.FIFO_INST/XPM_FIFO_ASYNC_INST/gnuram_async_fifo.xpm_fifo_base_inst/gen_cdc_pntr.wr_pntr_cdc_dc_inst/src_clk
    SLICE_X47Y84         FDRE                                         r  system_i/v_axi4s_vid_out_0/inst/COUPLER_INST/generate_async_fifo.FIFO_INST/XPM_FIFO_ASYNC_INST/gnuram_async_fifo.xpm_fifo_base_inst/gen_cdc_pntr.wr_pntr_cdc_dc_inst/src_gray_ff_reg[7]/C
  -------------------------------------------------------------------    -------------------
    SLICE_X47Y84         FDRE (Prop_fdre_C_Q)         0.128     1.016 r  system_i/v_axi4s_vid_out_0/inst/COUPLER_INST/generate_async_fifo.FIFO_INST/XPM_FIFO_ASYNC_INST/gnuram_async_fifo.xpm_fifo_base_inst/gen_cdc_pntr.wr_pntr_cdc_dc_inst/src_gray_ff_reg[7]/Q
                         net (fo=1, routed)           0.174     1.190    system_i/v_axi4s_vid_out_0/inst/COUPLER_INST/generate_async_fifo.FIFO_INST/XPM_FIFO_ASYNC_INST/gnuram_async_fifo.xpm_fifo_base_inst/gen_cdc_pntr.wr_pntr_cdc_dc_inst/async_path[7]
    SLICE_X49Y86         FDRE                                         r  system_i/v_axi4s_vid_out_0/inst/COUPLER_INST/generate_async_fifo.FIFO_INST/XPM_FIFO_ASYNC_INST/gnuram_async_fifo.xpm_fifo_base_inst/gen_cdc_pntr.wr_pntr_cdc_dc_inst/dest_graysync_ff_reg[0][7]/D
  -------------------------------------------------------------------    -------------------

                         (clock clk_out1_system_clk_wiz_0_0 rise edge)
                                                      0.000     0.000 r  
    BUFGCTRL_X0Y16       BUFG                         0.000     0.000 r  system_i/processing_system7_0/inst/buffer_fclk_clk_0.FCLK_CLK_0_BUFG/O
                         net (fo=2984, routed)        0.864     0.864    system_i/clk_wiz_0/inst/clk_in1
    MMCME2_ADV_X1Y0      MMCME2_ADV (Prop_mmcme2_adv_CLKIN1_CLKOUT0)
                                                     -1.467    -0.603 r  system_i/clk_wiz_0/inst/mmcm_adv_inst/CLKOUT0
                         net (fo=1, routed)           0.576    -0.027    system_i/clk_wiz_0/inst/clk_out1_system_clk_wiz_0_0
    BUFGCTRL_X0Y0        BUFG (Prop_bufg_I_O)         0.029     0.002 r  system_i/clk_wiz_0/inst/clkout1_buf/O
                         net (fo=625, routed)         0.821     0.823    system_i/v_axi4s_vid_out_0/inst/COUPLER_INST/generate_async_fifo.FIFO_INST/XPM_FIFO_ASYNC_INST/gnuram_async_fifo.xpm_fifo_base_inst/gen_cdc_pntr.wr_pntr_cdc_dc_inst/dest_clk
    SLICE_X49Y86         FDRE                                         r  system_i/v_axi4s_vid_out_0/inst/COUPLER_INST/generate_async_fifo.FIFO_INST/XPM_FIFO_ASYNC_INST/gnuram_async_fifo.xpm_fifo_base_inst/gen_cdc_pntr.wr_pntr_cdc_dc_inst/dest_graysync_ff_reg[0][7]/C

Slack:                    inf
  Source:                 system_i/v_axi4s_vid_out_0/inst/COUPLER_INST/generate_async_fifo.FIFO_INST/XPM_FIFO_ASYNC_INST/gnuram_async_fifo.xpm_fifo_base_inst/gen_cdc_pntr.wr_pntr_cdc_inst/src_gray_ff_reg[8]/C
                            (rising edge-triggered cell FDRE clocked by clk_fpga_0  {rise@0.000ns fall@5.000ns period=10.000ns})
  Destination:            system_i/v_axi4s_vid_out_0/inst/COUPLER_INST/generate_async_fifo.FIFO_INST/XPM_FIFO_ASYNC_INST/gnuram_async_fifo.xpm_fifo_base_inst/gen_cdc_pntr.wr_pntr_cdc_inst/dest_graysync_ff_reg[0][8]/D
                            (rising edge-triggered cell FDRE clocked by clk_out1_system_clk_wiz_0_0  {rise@0.000ns fall@19.858ns period=39.716ns})
  Path Group:             (none)
  Path Type:              Hold (Min at Fast Process Corner)
  Data Path Delay:        0.309ns  (logic 0.141ns (45.586%)  route 0.168ns (54.414%))
  Logic Levels:           0  
  Clock Path Skew:        -0.065ns (DCD - SCD - CPR)
    Destination Clock Delay (DCD):    0.821ns
    Source Clock Delay      (SCD):    0.886ns
    Clock Pessimism Removal (CPR):    -0.000ns
  Clock Uncertainty:      0.342ns  ((TSJ^2 + TIJ^2 + DJ^2)^1/2) / 2 + PE
    Total System Jitter     (TSJ):    0.071ns
    Total Input Jitter      (TIJ):    0.300ns
    Discrete Jitter          (DJ):    0.228ns
    Phase Error              (PE):    0.150ns
  Timing Exception:       False Path

    Location             Delay type                Incr(ns)  Path(ns)    Netlist Resource(s)
  -------------------------------------------------------------------    -------------------
                         (clock clk_fpga_0 rise edge)
                                                      0.000     0.000 r  
    PS7_X0Y0             PS7                          0.000     0.000 r  system_i/processing_system7_0/inst/PS7_i/FCLKCLK[0]
                         net (fo=1, routed)           0.310     0.310    system_i/processing_system7_0/inst/FCLK_CLK_unbuffered[0]
    BUFGCTRL_X0Y16       BUFG (Prop_bufg_I_O)         0.026     0.336 r  system_i/processing_system7_0/inst/buffer_fclk_clk_0.FCLK_CLK_0_BUFG/O
                         net (fo=2984, routed)        0.550     0.886    system_i/v_axi4s_vid_out_0/inst/COUPLER_INST/generate_async_fifo.FIFO_INST/XPM_FIFO_ASYNC_INST/gnuram_async_fifo.xpm_fifo_base_inst/gen_cdc_pntr.wr_pntr_cdc_inst/src_clk
    SLICE_X41Y82         FDRE                                         r  system_i/v_axi4s_vid_out_0/inst/COUPLER_INST/generate_async_fifo.FIFO_INST/XPM_FIFO_ASYNC_INST/gnuram_async_fifo.xpm_fifo_base_inst/gen_cdc_pntr.wr_pntr_cdc_inst/src_gray_ff_reg[8]/C
  -------------------------------------------------------------------    -------------------
    SLICE_X41Y82         FDRE (Prop_fdre_C_Q)         0.141     1.027 r  system_i/v_axi4s_vid_out_0/inst/COUPLER_INST/generate_async_fifo.FIFO_INST/XPM_FIFO_ASYNC_INST/gnuram_async_fifo.xpm_fifo_base_inst/gen_cdc_pntr.wr_pntr_cdc_inst/src_gray_ff_reg[8]/Q
                         net (fo=1, routed)           0.168     1.195    system_i/v_axi4s_vid_out_0/inst/COUPLER_INST/generate_async_fifo.FIFO_INST/XPM_FIFO_ASYNC_INST/gnuram_async_fifo.xpm_fifo_base_inst/gen_cdc_pntr.wr_pntr_cdc_inst/async_path[8]
    SLICE_X41Y83         FDRE                                         r  system_i/v_axi4s_vid_out_0/inst/COUPLER_INST/generate_async_fifo.FIFO_INST/XPM_FIFO_ASYNC_INST/gnuram_async_fifo.xpm_fifo_base_inst/gen_cdc_pntr.wr_pntr_cdc_inst/dest_graysync_ff_reg[0][8]/D
  -------------------------------------------------------------------    -------------------

                         (clock clk_out1_system_clk_wiz_0_0 rise edge)
                                                      0.000     0.000 r  
    BUFGCTRL_X0Y16       BUFG                         0.000     0.000 r  system_i/processing_system7_0/inst/buffer_fclk_clk_0.FCLK_CLK_0_BUFG/O
                         net (fo=2984, routed)        0.864     0.864    system_i/clk_wiz_0/inst/clk_in1
    MMCME2_ADV_X1Y0      MMCME2_ADV (Prop_mmcme2_adv_CLKIN1_CLKOUT0)
                                                     -1.467    -0.603 r  system_i/clk_wiz_0/inst/mmcm_adv_inst/CLKOUT0
                         net (fo=1, routed)           0.576    -0.027    system_i/clk_wiz_0/inst/clk_out1_system_clk_wiz_0_0
    BUFGCTRL_X0Y0        BUFG (Prop_bufg_I_O)         0.029     0.002 r  system_i/clk_wiz_0/inst/clkout1_buf/O
                         net (fo=625, routed)         0.819     0.821    system_i/v_axi4s_vid_out_0/inst/COUPLER_INST/generate_async_fifo.FIFO_INST/XPM_FIFO_ASYNC_INST/gnuram_async_fifo.xpm_fifo_base_inst/gen_cdc_pntr.wr_pntr_cdc_inst/dest_clk
    SLICE_X41Y83         FDRE                                         r  system_i/v_axi4s_vid_out_0/inst/COUPLER_INST/generate_async_fifo.FIFO_INST/XPM_FIFO_ASYNC_INST/gnuram_async_fifo.xpm_fifo_base_inst/gen_cdc_pntr.wr_pntr_cdc_inst/dest_graysync_ff_reg[0][8]/C

Slack:                    inf
  Source:                 system_i/v_axi4s_vid_out_0/inst/COUPLER_INST/generate_async_fifo.FIFO_INST/XPM_FIFO_ASYNC_INST/gnuram_async_fifo.xpm_fifo_base_inst/gen_cdc_pntr.wr_pntr_cdc_dc_inst/src_gray_ff_reg[0]/C
                            (rising edge-triggered cell FDRE clocked by clk_fpga_0  {rise@0.000ns fall@5.000ns period=10.000ns})
  Destination:            system_i/v_axi4s_vid_out_0/inst/COUPLER_INST/generate_async_fifo.FIFO_INST/XPM_FIFO_ASYNC_INST/gnuram_async_fifo.xpm_fifo_base_inst/gen_cdc_pntr.wr_pntr_cdc_dc_inst/dest_graysync_ff_reg[0][0]/D
                            (rising edge-triggered cell FDRE clocked by clk_out1_system_clk_wiz_0_0  {rise@0.000ns fall@19.858ns period=39.716ns})
  Path Group:             (none)
  Path Type:              Hold (Min at Fast Process Corner)
  Data Path Delay:        0.310ns  (logic 0.141ns (45.434%)  route 0.169ns (54.566%))
  Logic Levels:           0  
  Clock Path Skew:        -0.066ns (DCD - SCD - CPR)
    Destination Clock Delay (DCD):    0.821ns
    Source Clock Delay      (SCD):    0.887ns
    Clock Pessimism Removal (CPR):    -0.000ns
  Clock Uncertainty:      0.342ns  ((TSJ^2 + TIJ^2 + DJ^2)^1/2) / 2 + PE
    Total System Jitter     (TSJ):    0.071ns
    Total Input Jitter      (TIJ):    0.300ns
    Discrete Jitter          (DJ):    0.228ns
    Phase Error              (PE):    0.150ns
  Timing Exception:       False Path

    Location             Delay type                Incr(ns)  Path(ns)    Netlist Resource(s)
  -------------------------------------------------------------------    -------------------
                         (clock clk_fpga_0 rise edge)
                                                      0.000     0.000 r  
    PS7_X0Y0             PS7                          0.000     0.000 r  system_i/processing_system7_0/inst/PS7_i/FCLKCLK[0]
                         net (fo=1, routed)           0.310     0.310    system_i/processing_system7_0/inst/FCLK_CLK_unbuffered[0]
    BUFGCTRL_X0Y16       BUFG (Prop_bufg_I_O)         0.026     0.336 r  system_i/processing_system7_0/inst/buffer_fclk_clk_0.FCLK_CLK_0_BUFG/O
                         net (fo=2984, routed)        0.551     0.887    system_i/v_axi4s_vid_out_0/inst/COUPLER_INST/generate_async_fifo.FIFO_INST/XPM_FIFO_ASYNC_INST/gnuram_async_fifo.xpm_fifo_base_inst/gen_cdc_pntr.wr_pntr_cdc_dc_inst/src_clk
    SLICE_X39Y83         FDRE                                         r  system_i/v_axi4s_vid_out_0/inst/COUPLER_INST/generate_async_fifo.FIFO_INST/XPM_FIFO_ASYNC_INST/gnuram_async_fifo.xpm_fifo_base_inst/gen_cdc_pntr.wr_pntr_cdc_dc_inst/src_gray_ff_reg[0]/C
  -------------------------------------------------------------------    -------------------
    SLICE_X39Y83         FDRE (Prop_fdre_C_Q)         0.141     1.028 r  system_i/v_axi4s_vid_out_0/inst/COUPLER_INST/generate_async_fifo.FIFO_INST/XPM_FIFO_ASYNC_INST/gnuram_async_fifo.xpm_fifo_base_inst/gen_cdc_pntr.wr_pntr_cdc_dc_inst/src_gray_ff_reg[0]/Q
                         net (fo=1, routed)           0.169     1.197    system_i/v_axi4s_vid_out_0/inst/COUPLER_INST/generate_async_fifo.FIFO_INST/XPM_FIFO_ASYNC_INST/gnuram_async_fifo.xpm_fifo_base_inst/gen_cdc_pntr.wr_pntr_cdc_dc_inst/async_path[0]
    SLICE_X40Y83         FDRE                                         r  system_i/v_axi4s_vid_out_0/inst/COUPLER_INST/generate_async_fifo.FIFO_INST/XPM_FIFO_ASYNC_INST/gnuram_async_fifo.xpm_fifo_base_inst/gen_cdc_pntr.wr_pntr_cdc_dc_inst/dest_graysync_ff_reg[0][0]/D
  -------------------------------------------------------------------    -------------------

                         (clock clk_out1_system_clk_wiz_0_0 rise edge)
                                                      0.000     0.000 r  
    BUFGCTRL_X0Y16       BUFG                         0.000     0.000 r  system_i/processing_system7_0/inst/buffer_fclk_clk_0.FCLK_CLK_0_BUFG/O
                         net (fo=2984, routed)        0.864     0.864    system_i/clk_wiz_0/inst/clk_in1
    MMCME2_ADV_X1Y0      MMCME2_ADV (Prop_mmcme2_adv_CLKIN1_CLKOUT0)
                                                     -1.467    -0.603 r  system_i/clk_wiz_0/inst/mmcm_adv_inst/CLKOUT0
                         net (fo=1, routed)           0.576    -0.027    system_i/clk_wiz_0/inst/clk_out1_system_clk_wiz_0_0
    BUFGCTRL_X0Y0        BUFG (Prop_bufg_I_O)         0.029     0.002 r  system_i/clk_wiz_0/inst/clkout1_buf/O
                         net (fo=625, routed)         0.819     0.821    system_i/v_axi4s_vid_out_0/inst/COUPLER_INST/generate_async_fifo.FIFO_INST/XPM_FIFO_ASYNC_INST/gnuram_async_fifo.xpm_fifo_base_inst/gen_cdc_pntr.wr_pntr_cdc_dc_inst/dest_clk
    SLICE_X40Y83         FDRE                                         r  system_i/v_axi4s_vid_out_0/inst/COUPLER_INST/generate_async_fifo.FIFO_INST/XPM_FIFO_ASYNC_INST/gnuram_async_fifo.xpm_fifo_base_inst/gen_cdc_pntr.wr_pntr_cdc_dc_inst/dest_graysync_ff_reg[0][0]/C

Slack:                    inf
  Source:                 system_i/v_axi4s_vid_out_0/inst/COUPLER_INST/generate_async_fifo.FIFO_INST/XPM_FIFO_ASYNC_INST/gnuram_async_fifo.xpm_fifo_base_inst/gen_cdc_pntr.wr_pntr_cdc_dc_inst/src_gray_ff_reg[5]/C
                            (rising edge-triggered cell FDRE clocked by clk_fpga_0  {rise@0.000ns fall@5.000ns period=10.000ns})
  Destination:            system_i/v_axi4s_vid_out_0/inst/COUPLER_INST/generate_async_fifo.FIFO_INST/XPM_FIFO_ASYNC_INST/gnuram_async_fifo.xpm_fifo_base_inst/gen_cdc_pntr.wr_pntr_cdc_dc_inst/dest_graysync_ff_reg[0][5]/D
                            (rising edge-triggered cell FDRE clocked by clk_out1_system_clk_wiz_0_0  {rise@0.000ns fall@19.858ns period=39.716ns})
  Path Group:             (none)
  Path Type:              Hold (Min at Fast Process Corner)
  Data Path Delay:        0.310ns  (logic 0.128ns (41.357%)  route 0.182ns (58.643%))
  Logic Levels:           0  
  Clock Path Skew:        -0.067ns (DCD - SCD - CPR)
    Destination Clock Delay (DCD):    0.821ns
    Source Clock Delay      (SCD):    0.888ns
    Clock Pessimism Removal (CPR):    -0.000ns
  Clock Uncertainty:      0.342ns  ((TSJ^2 + TIJ^2 + DJ^2)^1/2) / 2 + PE
    Total System Jitter     (TSJ):    0.071ns
    Total Input Jitter      (TIJ):    0.300ns
    Discrete Jitter          (DJ):    0.228ns
    Phase Error              (PE):    0.150ns
  Timing Exception:       False Path

    Location             Delay type                Incr(ns)  Path(ns)    Netlist Resource(s)
  -------------------------------------------------------------------    -------------------
                         (clock clk_fpga_0 rise edge)
                                                      0.000     0.000 r  
    PS7_X0Y0             PS7                          0.000     0.000 r  system_i/processing_system7_0/inst/PS7_i/FCLKCLK[0]
                         net (fo=1, routed)           0.310     0.310    system_i/processing_system7_0/inst/FCLK_CLK_unbuffered[0]
    BUFGCTRL_X0Y16       BUFG (Prop_bufg_I_O)         0.026     0.336 r  system_i/processing_system7_0/inst/buffer_fclk_clk_0.FCLK_CLK_0_BUFG/O
                         net (fo=2984, routed)        0.552     0.888    system_i/v_axi4s_vid_out_0/inst/COUPLER_INST/generate_async_fifo.FIFO_INST/XPM_FIFO_ASYNC_INST/gnuram_async_fifo.xpm_fifo_base_inst/gen_cdc_pntr.wr_pntr_cdc_dc_inst/src_clk
    SLICE_X47Y84         FDRE                                         r  system_i/v_axi4s_vid_out_0/inst/COUPLER_INST/generate_async_fifo.FIFO_INST/XPM_FIFO_ASYNC_INST/gnuram_async_fifo.xpm_fifo_base_inst/gen_cdc_pntr.wr_pntr_cdc_dc_inst/src_gray_ff_reg[5]/C
  -------------------------------------------------------------------    -------------------
    SLICE_X47Y84         FDRE (Prop_fdre_C_Q)         0.128     1.016 r  system_i/v_axi4s_vid_out_0/inst/COUPLER_INST/generate_async_fifo.FIFO_INST/XPM_FIFO_ASYNC_INST/gnuram_async_fifo.xpm_fifo_base_inst/gen_cdc_pntr.wr_pntr_cdc_dc_inst/src_gray_ff_reg[5]/Q
                         net (fo=1, routed)           0.182     1.197    system_i/v_axi4s_vid_out_0/inst/COUPLER_INST/generate_async_fifo.FIFO_INST/XPM_FIFO_ASYNC_INST/gnuram_async_fifo.xpm_fifo_base_inst/gen_cdc_pntr.wr_pntr_cdc_dc_inst/async_path[5]
    SLICE_X46Y83         FDRE                                         r  system_i/v_axi4s_vid_out_0/inst/COUPLER_INST/generate_async_fifo.FIFO_INST/XPM_FIFO_ASYNC_INST/gnuram_async_fifo.xpm_fifo_base_inst/gen_cdc_pntr.wr_pntr_cdc_dc_inst/dest_graysync_ff_reg[0][5]/D
  -------------------------------------------------------------------    -------------------

                         (clock clk_out1_system_clk_wiz_0_0 rise edge)
                                                      0.000     0.000 r  
    BUFGCTRL_X0Y16       BUFG                         0.000     0.000 r  system_i/processing_system7_0/inst/buffer_fclk_clk_0.FCLK_CLK_0_BUFG/O
                         net (fo=2984, routed)        0.864     0.864    system_i/clk_wiz_0/inst/clk_in1
    MMCME2_ADV_X1Y0      MMCME2_ADV (Prop_mmcme2_adv_CLKIN1_CLKOUT0)
                                                     -1.467    -0.603 r  system_i/clk_wiz_0/inst/mmcm_adv_inst/CLKOUT0
                         net (fo=1, routed)           0.576    -0.027    system_i/clk_wiz_0/inst/clk_out1_system_clk_wiz_0_0
    BUFGCTRL_X0Y0        BUFG (Prop_bufg_I_O)         0.029     0.002 r  system_i/clk_wiz_0/inst/clkout1_buf/O
                         net (fo=625, routed)         0.819     0.821    system_i/v_axi4s_vid_out_0/inst/COUPLER_INST/generate_async_fifo.FIFO_INST/XPM_FIFO_ASYNC_INST/gnuram_async_fifo.xpm_fifo_base_inst/gen_cdc_pntr.wr_pntr_cdc_dc_inst/dest_clk
    SLICE_X46Y83         FDRE                                         r  system_i/v_axi4s_vid_out_0/inst/COUPLER_INST/generate_async_fifo.FIFO_INST/XPM_FIFO_ASYNC_INST/gnuram_async_fifo.xpm_fifo_base_inst/gen_cdc_pntr.wr_pntr_cdc_dc_inst/dest_graysync_ff_reg[0][5]/C

Slack:                    inf
  Source:                 system_i/v_axi4s_vid_out_0/inst/COUPLER_INST/generate_async_fifo.FIFO_INST/XPM_FIFO_ASYNC_INST/gnuram_async_fifo.xpm_fifo_base_inst/gen_cdc_pntr.wr_pntr_cdc_dc_inst/src_gray_ff_reg[3]/C
                            (rising edge-triggered cell FDRE clocked by clk_fpga_0  {rise@0.000ns fall@5.000ns period=10.000ns})
  Destination:            system_i/v_axi4s_vid_out_0/inst/COUPLER_INST/generate_async_fifo.FIFO_INST/XPM_FIFO_ASYNC_INST/gnuram_async_fifo.xpm_fifo_base_inst/gen_cdc_pntr.wr_pntr_cdc_dc_inst/dest_graysync_ff_reg[0][3]/D
                            (rising edge-triggered cell FDRE clocked by clk_out1_system_clk_wiz_0_0  {rise@0.000ns fall@19.858ns period=39.716ns})
  Path Group:             (none)
  Path Type:              Hold (Min at Fast Process Corner)
  Data Path Delay:        0.313ns  (logic 0.128ns (40.952%)  route 0.185ns (59.048%))
  Logic Levels:           0  
  Clock Path Skew:        -0.066ns (DCD - SCD - CPR)
    Destination Clock Delay (DCD):    0.820ns
    Source Clock Delay      (SCD):    0.886ns
    Clock Pessimism Removal (CPR):    -0.000ns
  Clock Uncertainty:      0.342ns  ((TSJ^2 + TIJ^2 + DJ^2)^1/2) / 2 + PE
    Total System Jitter     (TSJ):    0.071ns
    Total Input Jitter      (TIJ):    0.300ns
    Discrete Jitter          (DJ):    0.228ns
    Phase Error              (PE):    0.150ns
  Timing Exception:       False Path

    Location             Delay type                Incr(ns)  Path(ns)    Netlist Resource(s)
  -------------------------------------------------------------------    -------------------
                         (clock clk_fpga_0 rise edge)
                                                      0.000     0.000 r  
    PS7_X0Y0             PS7                          0.000     0.000 r  system_i/processing_system7_0/inst/PS7_i/FCLKCLK[0]
                         net (fo=1, routed)           0.310     0.310    system_i/processing_system7_0/inst/FCLK_CLK_unbuffered[0]
    BUFGCTRL_X0Y16       BUFG (Prop_bufg_I_O)         0.026     0.336 r  system_i/processing_system7_0/inst/buffer_fclk_clk_0.FCLK_CLK_0_BUFG/O
                         net (fo=2984, routed)        0.550     0.886    system_i/v_axi4s_vid_out_0/inst/COUPLER_INST/generate_async_fifo.FIFO_INST/XPM_FIFO_ASYNC_INST/gnuram_async_fifo.xpm_fifo_base_inst/gen_cdc_pntr.wr_pntr_cdc_dc_inst/src_clk
    SLICE_X41Y82         FDRE                                         r  system_i/v_axi4s_vid_out_0/inst/COUPLER_INST/generate_async_fifo.FIFO_INST/XPM_FIFO_ASYNC_INST/gnuram_async_fifo.xpm_fifo_base_inst/gen_cdc_pntr.wr_pntr_cdc_dc_inst/src_gray_ff_reg[3]/C
  -------------------------------------------------------------------    -------------------
    SLICE_X41Y82         FDRE (Prop_fdre_C_Q)         0.128     1.014 r  system_i/v_axi4s_vid_out_0/inst/COUPLER_INST/generate_async_fifo.FIFO_INST/XPM_FIFO_ASYNC_INST/gnuram_async_fifo.xpm_fifo_base_inst/gen_cdc_pntr.wr_pntr_cdc_dc_inst/src_gray_ff_reg[3]/Q
                         net (fo=1, routed)           0.185     1.198    system_i/v_axi4s_vid_out_0/inst/COUPLER_INST/generate_async_fifo.FIFO_INST/XPM_FIFO_ASYNC_INST/gnuram_async_fifo.xpm_fifo_base_inst/gen_cdc_pntr.wr_pntr_cdc_dc_inst/async_path[3]
    SLICE_X48Y82         FDRE                                         r  system_i/v_axi4s_vid_out_0/inst/COUPLER_INST/generate_async_fifo.FIFO_INST/XPM_FIFO_ASYNC_INST/gnuram_async_fifo.xpm_fifo_base_inst/gen_cdc_pntr.wr_pntr_cdc_dc_inst/dest_graysync_ff_reg[0][3]/D
  -------------------------------------------------------------------    -------------------

                         (clock clk_out1_system_clk_wiz_0_0 rise edge)
                                                      0.000     0.000 r  
    BUFGCTRL_X0Y16       BUFG                         0.000     0.000 r  system_i/processing_system7_0/inst/buffer_fclk_clk_0.FCLK_CLK_0_BUFG/O
                         net (fo=2984, routed)        0.864     0.864    system_i/clk_wiz_0/inst/clk_in1
    MMCME2_ADV_X1Y0      MMCME2_ADV (Prop_mmcme2_adv_CLKIN1_CLKOUT0)
                                                     -1.467    -0.603 r  system_i/clk_wiz_0/inst/mmcm_adv_inst/CLKOUT0
                         net (fo=1, routed)           0.576    -0.027    system_i/clk_wiz_0/inst/clk_out1_system_clk_wiz_0_0
    BUFGCTRL_X0Y0        BUFG (Prop_bufg_I_O)         0.029     0.002 r  system_i/clk_wiz_0/inst/clkout1_buf/O
                         net (fo=625, routed)         0.818     0.820    system_i/v_axi4s_vid_out_0/inst/COUPLER_INST/generate_async_fifo.FIFO_INST/XPM_FIFO_ASYNC_INST/gnuram_async_fifo.xpm_fifo_base_inst/gen_cdc_pntr.wr_pntr_cdc_dc_inst/dest_clk
    SLICE_X48Y82         FDRE                                         r  system_i/v_axi4s_vid_out_0/inst/COUPLER_INST/generate_async_fifo.FIFO_INST/XPM_FIFO_ASYNC_INST/gnuram_async_fifo.xpm_fifo_base_inst/gen_cdc_pntr.wr_pntr_cdc_dc_inst/dest_graysync_ff_reg[0][3]/C

Slack:                    inf
  Source:                 system_i/v_axi4s_vid_out_0/inst/COUPLER_INST/generate_async_fifo.FIFO_INST/XPM_FIFO_ASYNC_INST/gnuram_async_fifo.xpm_fifo_base_inst/gen_cdc_pntr.wr_pntr_cdc_inst/src_gray_ff_reg[10]/C
                            (rising edge-triggered cell FDRE clocked by clk_fpga_0  {rise@0.000ns fall@5.000ns period=10.000ns})
  Destination:            system_i/v_axi4s_vid_out_0/inst/COUPLER_INST/generate_async_fifo.FIFO_INST/XPM_FIFO_ASYNC_INST/gnuram_async_fifo.xpm_fifo_base_inst/gen_cdc_pntr.wr_pntr_cdc_inst/dest_graysync_ff_reg[0][10]/D
                            (rising edge-triggered cell FDRE clocked by clk_out1_system_clk_wiz_0_0  {rise@0.000ns fall@19.858ns period=39.716ns})
  Path Group:             (none)
  Path Type:              Hold (Min at Fast Process Corner)
  Data Path Delay:        0.313ns  (logic 0.141ns (45.092%)  route 0.172ns (54.907%))
  Logic Levels:           0  
  Clock Path Skew:        -0.066ns (DCD - SCD - CPR)
    Destination Clock Delay (DCD):    0.820ns
    Source Clock Delay      (SCD):    0.886ns
    Clock Pessimism Removal (CPR):    -0.000ns
  Clock Uncertainty:      0.342ns  ((TSJ^2 + TIJ^2 + DJ^2)^1/2) / 2 + PE
    Total System Jitter     (TSJ):    0.071ns
    Total Input Jitter      (TIJ):    0.300ns
    Discrete Jitter          (DJ):    0.228ns
    Phase Error              (PE):    0.150ns
  Timing Exception:       False Path

    Location             Delay type                Incr(ns)  Path(ns)    Netlist Resource(s)
  -------------------------------------------------------------------    -------------------
                         (clock clk_fpga_0 rise edge)
                                                      0.000     0.000 r  
    PS7_X0Y0             PS7                          0.000     0.000 r  system_i/processing_system7_0/inst/PS7_i/FCLKCLK[0]
                         net (fo=1, routed)           0.310     0.310    system_i/processing_system7_0/inst/FCLK_CLK_unbuffered[0]
    BUFGCTRL_X0Y16       BUFG (Prop_bufg_I_O)         0.026     0.336 r  system_i/processing_system7_0/inst/buffer_fclk_clk_0.FCLK_CLK_0_BUFG/O
                         net (fo=2984, routed)        0.550     0.886    system_i/v_axi4s_vid_out_0/inst/COUPLER_INST/generate_async_fifo.FIFO_INST/XPM_FIFO_ASYNC_INST/gnuram_async_fifo.xpm_fifo_base_inst/gen_cdc_pntr.wr_pntr_cdc_inst/src_clk
    SLICE_X41Y82         FDRE                                         r  system_i/v_axi4s_vid_out_0/inst/COUPLER_INST/generate_async_fifo.FIFO_INST/XPM_FIFO_ASYNC_INST/gnuram_async_fifo.xpm_fifo_base_inst/gen_cdc_pntr.wr_pntr_cdc_inst/src_gray_ff_reg[10]/C
  -------------------------------------------------------------------    -------------------
    SLICE_X41Y82         FDRE (Prop_fdre_C_Q)         0.141     1.027 r  system_i/v_axi4s_vid_out_0/inst/COUPLER_INST/generate_async_fifo.FIFO_INST/XPM_FIFO_ASYNC_INST/gnuram_async_fifo.xpm_fifo_base_inst/gen_cdc_pntr.wr_pntr_cdc_inst/src_gray_ff_reg[10]/Q
                         net (fo=1, routed)           0.172     1.198    system_i/v_axi4s_vid_out_0/inst/COUPLER_INST/generate_async_fifo.FIFO_INST/XPM_FIFO_ASYNC_INST/gnuram_async_fifo.xpm_fifo_base_inst/gen_cdc_pntr.wr_pntr_cdc_inst/async_path[10]
    SLICE_X43Y82         FDRE                                         r  system_i/v_axi4s_vid_out_0/inst/COUPLER_INST/generate_async_fifo.FIFO_INST/XPM_FIFO_ASYNC_INST/gnuram_async_fifo.xpm_fifo_base_inst/gen_cdc_pntr.wr_pntr_cdc_inst/dest_graysync_ff_reg[0][10]/D
  -------------------------------------------------------------------    -------------------

                         (clock clk_out1_system_clk_wiz_0_0 rise edge)
                                                      0.000     0.000 r  
    BUFGCTRL_X0Y16       BUFG                         0.000     0.000 r  system_i/processing_system7_0/inst/buffer_fclk_clk_0.FCLK_CLK_0_BUFG/O
                         net (fo=2984, routed)        0.864     0.864    system_i/clk_wiz_0/inst/clk_in1
    MMCME2_ADV_X1Y0      MMCME2_ADV (Prop_mmcme2_adv_CLKIN1_CLKOUT0)
                                                     -1.467    -0.603 r  system_i/clk_wiz_0/inst/mmcm_adv_inst/CLKOUT0
                         net (fo=1, routed)           0.576    -0.027    system_i/clk_wiz_0/inst/clk_out1_system_clk_wiz_0_0
    BUFGCTRL_X0Y0        BUFG (Prop_bufg_I_O)         0.029     0.002 r  system_i/clk_wiz_0/inst/clkout1_buf/O
                         net (fo=625, routed)         0.818     0.820    system_i/v_axi4s_vid_out_0/inst/COUPLER_INST/generate_async_fifo.FIFO_INST/XPM_FIFO_ASYNC_INST/gnuram_async_fifo.xpm_fifo_base_inst/gen_cdc_pntr.wr_pntr_cdc_inst/dest_clk
    SLICE_X43Y82         FDRE                                         r  system_i/v_axi4s_vid_out_0/inst/COUPLER_INST/generate_async_fifo.FIFO_INST/XPM_FIFO_ASYNC_INST/gnuram_async_fifo.xpm_fifo_base_inst/gen_cdc_pntr.wr_pntr_cdc_inst/dest_graysync_ff_reg[0][10]/C

Slack:                    inf
  Source:                 system_i/v_axi4s_vid_out_0/inst/COUPLER_INST/generate_async_fifo.FIFO_INST/XPM_FIFO_ASYNC_INST/gnuram_async_fifo.xpm_fifo_base_inst/gen_cdc_pntr.wr_pntr_cdc_dc_inst/src_gray_ff_reg[4]/C
                            (rising edge-triggered cell FDRE clocked by clk_fpga_0  {rise@0.000ns fall@5.000ns period=10.000ns})
  Destination:            system_i/v_axi4s_vid_out_0/inst/COUPLER_INST/generate_async_fifo.FIFO_INST/XPM_FIFO_ASYNC_INST/gnuram_async_fifo.xpm_fifo_base_inst/gen_cdc_pntr.wr_pntr_cdc_dc_inst/dest_graysync_ff_reg[0][4]/D
                            (rising edge-triggered cell FDRE clocked by clk_out1_system_clk_wiz_0_0  {rise@0.000ns fall@19.858ns period=39.716ns})
  Path Group:             (none)
  Path Type:              Hold (Min at Fast Process Corner)
  Data Path Delay:        0.312ns  (logic 0.141ns (45.131%)  route 0.171ns (54.869%))
  Logic Levels:           0  
  Clock Path Skew:        -0.066ns (DCD - SCD - CPR)
    Destination Clock Delay (DCD):    0.822ns
    Source Clock Delay      (SCD):    0.888ns
    Clock Pessimism Removal (CPR):    -0.000ns
  Clock Uncertainty:      0.342ns  ((TSJ^2 + TIJ^2 + DJ^2)^1/2) / 2 + PE
    Total System Jitter     (TSJ):    0.071ns
    Total Input Jitter      (TIJ):    0.300ns
    Discrete Jitter          (DJ):    0.228ns
    Phase Error              (PE):    0.150ns
  Timing Exception:       False Path

    Location             Delay type                Incr(ns)  Path(ns)    Netlist Resource(s)
  -------------------------------------------------------------------    -------------------
                         (clock clk_fpga_0 rise edge)
                                                      0.000     0.000 r  
    PS7_X0Y0             PS7                          0.000     0.000 r  system_i/processing_system7_0/inst/PS7_i/FCLKCLK[0]
                         net (fo=1, routed)           0.310     0.310    system_i/processing_system7_0/inst/FCLK_CLK_unbuffered[0]
    BUFGCTRL_X0Y16       BUFG (Prop_bufg_I_O)         0.026     0.336 r  system_i/processing_system7_0/inst/buffer_fclk_clk_0.FCLK_CLK_0_BUFG/O
                         net (fo=2984, routed)        0.552     0.888    system_i/v_axi4s_vid_out_0/inst/COUPLER_INST/generate_async_fifo.FIFO_INST/XPM_FIFO_ASYNC_INST/gnuram_async_fifo.xpm_fifo_base_inst/gen_cdc_pntr.wr_pntr_cdc_dc_inst/src_clk
    SLICE_X47Y84         FDRE                                         r  system_i/v_axi4s_vid_out_0/inst/COUPLER_INST/generate_async_fifo.FIFO_INST/XPM_FIFO_ASYNC_INST/gnuram_async_fifo.xpm_fifo_base_inst/gen_cdc_pntr.wr_pntr_cdc_dc_inst/src_gray_ff_reg[4]/C
  -------------------------------------------------------------------    -------------------
    SLICE_X47Y84         FDRE (Prop_fdre_C_Q)         0.141     1.029 r  system_i/v_axi4s_vid_out_0/inst/COUPLER_INST/generate_async_fifo.FIFO_INST/XPM_FIFO_ASYNC_INST/gnuram_async_fifo.xpm_fifo_base_inst/gen_cdc_pntr.wr_pntr_cdc_dc_inst/src_gray_ff_reg[4]/Q
                         net (fo=1, routed)           0.171     1.200    system_i/v_axi4s_vid_out_0/inst/COUPLER_INST/generate_async_fifo.FIFO_INST/XPM_FIFO_ASYNC_INST/gnuram_async_fifo.xpm_fifo_base_inst/gen_cdc_pntr.wr_pntr_cdc_dc_inst/async_path[4]
    SLICE_X48Y84         FDRE                                         r  system_i/v_axi4s_vid_out_0/inst/COUPLER_INST/generate_async_fifo.FIFO_INST/XPM_FIFO_ASYNC_INST/gnuram_async_fifo.xpm_fifo_base_inst/gen_cdc_pntr.wr_pntr_cdc_dc_inst/dest_graysync_ff_reg[0][4]/D
  -------------------------------------------------------------------    -------------------

                         (clock clk_out1_system_clk_wiz_0_0 rise edge)
                                                      0.000     0.000 r  
    BUFGCTRL_X0Y16       BUFG                         0.000     0.000 r  system_i/processing_system7_0/inst/buffer_fclk_clk_0.FCLK_CLK_0_BUFG/O
                         net (fo=2984, routed)        0.864     0.864    system_i/clk_wiz_0/inst/clk_in1
    MMCME2_ADV_X1Y0      MMCME2_ADV (Prop_mmcme2_adv_CLKIN1_CLKOUT0)
                                                     -1.467    -0.603 r  system_i/clk_wiz_0/inst/mmcm_adv_inst/CLKOUT0
                         net (fo=1, routed)           0.576    -0.027    system_i/clk_wiz_0/inst/clk_out1_system_clk_wiz_0_0
    BUFGCTRL_X0Y0        BUFG (Prop_bufg_I_O)         0.029     0.002 r  system_i/clk_wiz_0/inst/clkout1_buf/O
                         net (fo=625, routed)         0.820     0.822    system_i/v_axi4s_vid_out_0/inst/COUPLER_INST/generate_async_fifo.FIFO_INST/XPM_FIFO_ASYNC_INST/gnuram_async_fifo.xpm_fifo_base_inst/gen_cdc_pntr.wr_pntr_cdc_dc_inst/dest_clk
    SLICE_X48Y84         FDRE                                         r  system_i/v_axi4s_vid_out_0/inst/COUPLER_INST/generate_async_fifo.FIFO_INST/XPM_FIFO_ASYNC_INST/gnuram_async_fifo.xpm_fifo_base_inst/gen_cdc_pntr.wr_pntr_cdc_dc_inst/dest_graysync_ff_reg[0][4]/C

Slack:                    inf
  Source:                 system_i/v_axi4s_vid_out_0/inst/COUPLER_INST/generate_async_fifo.FIFO_INST/XPM_FIFO_ASYNC_INST/gnuram_async_fifo.xpm_fifo_base_inst/xpm_fifo_rst_inst/gen_rst_ic.fifo_wr_rst_ic_reg/C
                            (rising edge-triggered cell FDRE clocked by clk_fpga_0  {rise@0.000ns fall@5.000ns period=10.000ns})
  Destination:            system_i/v_axi4s_vid_out_0/inst/COUPLER_INST/generate_async_fifo.FIFO_INST/XPM_FIFO_ASYNC_INST/gnuram_async_fifo.xpm_fifo_base_inst/xpm_fifo_rst_inst/gen_rst_ic.wrst_rd_inst/syncstages_ff_reg[0]/D
                            (rising edge-triggered cell FDRE clocked by clk_out1_system_clk_wiz_0_0  {rise@0.000ns fall@19.858ns period=39.716ns})
  Path Group:             (none)
  Path Type:              Hold (Min at Fast Process Corner)
  Data Path Delay:        0.324ns  (logic 0.141ns (43.552%)  route 0.183ns (56.448%))
  Logic Levels:           0  
  Clock Path Skew:        -0.064ns (DCD - SCD - CPR)
    Destination Clock Delay (DCD):    0.823ns
    Source Clock Delay      (SCD):    0.887ns
    Clock Pessimism Removal (CPR):    -0.000ns
  Clock Uncertainty:      0.342ns  ((TSJ^2 + TIJ^2 + DJ^2)^1/2) / 2 + PE
    Total System Jitter     (TSJ):    0.071ns
    Total Input Jitter      (TIJ):    0.300ns
    Discrete Jitter          (DJ):    0.228ns
    Phase Error              (PE):    0.150ns
  Timing Exception:       False Path

    Location             Delay type                Incr(ns)  Path(ns)    Netlist Resource(s)
  -------------------------------------------------------------------    -------------------
                         (clock clk_fpga_0 rise edge)
                                                      0.000     0.000 r  
    PS7_X0Y0             PS7                          0.000     0.000 r  system_i/processing_system7_0/inst/PS7_i/FCLKCLK[0]
                         net (fo=1, routed)           0.310     0.310    system_i/processing_system7_0/inst/FCLK_CLK_unbuffered[0]
    BUFGCTRL_X0Y16       BUFG (Prop_bufg_I_O)         0.026     0.336 r  system_i/processing_system7_0/inst/buffer_fclk_clk_0.FCLK_CLK_0_BUFG/O
                         net (fo=2984, routed)        0.551     0.887    system_i/v_axi4s_vid_out_0/inst/COUPLER_INST/generate_async_fifo.FIFO_INST/XPM_FIFO_ASYNC_INST/gnuram_async_fifo.xpm_fifo_base_inst/xpm_fifo_rst_inst/wr_clk
    SLICE_X51Y92         FDRE                                         r  system_i/v_axi4s_vid_out_0/inst/COUPLER_INST/generate_async_fifo.FIFO_INST/XPM_FIFO_ASYNC_INST/gnuram_async_fifo.xpm_fifo_base_inst/xpm_fifo_rst_inst/gen_rst_ic.fifo_wr_rst_ic_reg/C
  -------------------------------------------------------------------    -------------------
    SLICE_X51Y92         FDRE (Prop_fdre_C_Q)         0.141     1.028 r  system_i/v_axi4s_vid_out_0/inst/COUPLER_INST/generate_async_fifo.FIFO_INST/XPM_FIFO_ASYNC_INST/gnuram_async_fifo.xpm_fifo_base_inst/xpm_fifo_rst_inst/gen_rst_ic.fifo_wr_rst_ic_reg/Q
                         net (fo=2, routed)           0.183     1.210    system_i/v_axi4s_vid_out_0/inst/COUPLER_INST/generate_async_fifo.FIFO_INST/XPM_FIFO_ASYNC_INST/gnuram_async_fifo.xpm_fifo_base_inst/xpm_fifo_rst_inst/gen_rst_ic.wrst_rd_inst/src_rst
    SLICE_X51Y91         FDRE                                         r  system_i/v_axi4s_vid_out_0/inst/COUPLER_INST/generate_async_fifo.FIFO_INST/XPM_FIFO_ASYNC_INST/gnuram_async_fifo.xpm_fifo_base_inst/xpm_fifo_rst_inst/gen_rst_ic.wrst_rd_inst/syncstages_ff_reg[0]/D
  -------------------------------------------------------------------    -------------------

                         (clock clk_out1_system_clk_wiz_0_0 rise edge)
                                                      0.000     0.000 r  
    BUFGCTRL_X0Y16       BUFG                         0.000     0.000 r  system_i/processing_system7_0/inst/buffer_fclk_clk_0.FCLK_CLK_0_BUFG/O
                         net (fo=2984, routed)        0.864     0.864    system_i/clk_wiz_0/inst/clk_in1
    MMCME2_ADV_X1Y0      MMCME2_ADV (Prop_mmcme2_adv_CLKIN1_CLKOUT0)
                                                     -1.467    -0.603 r  system_i/clk_wiz_0/inst/mmcm_adv_inst/CLKOUT0
                         net (fo=1, routed)           0.576    -0.027    system_i/clk_wiz_0/inst/clk_out1_system_clk_wiz_0_0
    BUFGCTRL_X0Y0        BUFG (Prop_bufg_I_O)         0.029     0.002 r  system_i/clk_wiz_0/inst/clkout1_buf/O
                         net (fo=625, routed)         0.821     0.823    system_i/v_axi4s_vid_out_0/inst/COUPLER_INST/generate_async_fifo.FIFO_INST/XPM_FIFO_ASYNC_INST/gnuram_async_fifo.xpm_fifo_base_inst/xpm_fifo_rst_inst/gen_rst_ic.wrst_rd_inst/dest_clk
    SLICE_X51Y91         FDRE                                         r  system_i/v_axi4s_vid_out_0/inst/COUPLER_INST/generate_async_fifo.FIFO_INST/XPM_FIFO_ASYNC_INST/gnuram_async_fifo.xpm_fifo_base_inst/xpm_fifo_rst_inst/gen_rst_ic.wrst_rd_inst/syncstages_ff_reg[0]/C

Slack:                    inf
  Source:                 system_i/v_axi4s_vid_out_0/inst/COUPLER_INST/generate_async_fifo.FIFO_INST/XPM_FIFO_ASYNC_INST/gnuram_async_fifo.xpm_fifo_base_inst/gen_cdc_pntr.wr_pntr_cdc_inst/src_gray_ff_reg[6]/C
                            (rising edge-triggered cell FDRE clocked by clk_fpga_0  {rise@0.000ns fall@5.000ns period=10.000ns})
  Destination:            system_i/v_axi4s_vid_out_0/inst/COUPLER_INST/generate_async_fifo.FIFO_INST/XPM_FIFO_ASYNC_INST/gnuram_async_fifo.xpm_fifo_base_inst/gen_cdc_pntr.wr_pntr_cdc_inst/dest_graysync_ff_reg[0][6]/D
                            (rising edge-triggered cell FDRE clocked by clk_out1_system_clk_wiz_0_0  {rise@0.000ns fall@19.858ns period=39.716ns})
  Path Group:             (none)
  Path Type:              Hold (Min at Fast Process Corner)
  Data Path Delay:        0.336ns  (logic 0.141ns (41.943%)  route 0.195ns (58.057%))
  Logic Levels:           0  
  Clock Path Skew:        -0.065ns (DCD - SCD - CPR)
    Destination Clock Delay (DCD):    0.820ns
    Source Clock Delay      (SCD):    0.885ns
    Clock Pessimism Removal (CPR):    -0.000ns
  Clock Uncertainty:      0.342ns  ((TSJ^2 + TIJ^2 + DJ^2)^1/2) / 2 + PE
    Total System Jitter     (TSJ):    0.071ns
    Total Input Jitter      (TIJ):    0.300ns
    Discrete Jitter          (DJ):    0.228ns
    Phase Error              (PE):    0.150ns
  Timing Exception:       False Path

    Location             Delay type                Incr(ns)  Path(ns)    Netlist Resource(s)
  -------------------------------------------------------------------    -------------------
                         (clock clk_fpga_0 rise edge)
                                                      0.000     0.000 r  
    PS7_X0Y0             PS7                          0.000     0.000 r  system_i/processing_system7_0/inst/PS7_i/FCLKCLK[0]
                         net (fo=1, routed)           0.310     0.310    system_i/processing_system7_0/inst/FCLK_CLK_unbuffered[0]
    BUFGCTRL_X0Y16       BUFG (Prop_bufg_I_O)         0.026     0.336 r  system_i/processing_system7_0/inst/buffer_fclk_clk_0.FCLK_CLK_0_BUFG/O
                         net (fo=2984, routed)        0.549     0.885    system_i/v_axi4s_vid_out_0/inst/COUPLER_INST/generate_async_fifo.FIFO_INST/XPM_FIFO_ASYNC_INST/gnuram_async_fifo.xpm_fifo_base_inst/gen_cdc_pntr.wr_pntr_cdc_inst/src_clk
    SLICE_X47Y81         FDRE                                         r  system_i/v_axi4s_vid_out_0/inst/COUPLER_INST/generate_async_fifo.FIFO_INST/XPM_FIFO_ASYNC_INST/gnuram_async_fifo.xpm_fifo_base_inst/gen_cdc_pntr.wr_pntr_cdc_inst/src_gray_ff_reg[6]/C
  -------------------------------------------------------------------    -------------------
    SLICE_X47Y81         FDRE (Prop_fdre_C_Q)         0.141     1.026 r  system_i/v_axi4s_vid_out_0/inst/COUPLER_INST/generate_async_fifo.FIFO_INST/XPM_FIFO_ASYNC_INST/gnuram_async_fifo.xpm_fifo_base_inst/gen_cdc_pntr.wr_pntr_cdc_inst/src_gray_ff_reg[6]/Q
                         net (fo=1, routed)           0.195     1.221    system_i/v_axi4s_vid_out_0/inst/COUPLER_INST/generate_async_fifo.FIFO_INST/XPM_FIFO_ASYNC_INST/gnuram_async_fifo.xpm_fifo_base_inst/gen_cdc_pntr.wr_pntr_cdc_inst/async_path[6]
    SLICE_X47Y82         FDRE                                         r  system_i/v_axi4s_vid_out_0/inst/COUPLER_INST/generate_async_fifo.FIFO_INST/XPM_FIFO_ASYNC_INST/gnuram_async_fifo.xpm_fifo_base_inst/gen_cdc_pntr.wr_pntr_cdc_inst/dest_graysync_ff_reg[0][6]/D
  -------------------------------------------------------------------    -------------------

                         (clock clk_out1_system_clk_wiz_0_0 rise edge)
                                                      0.000     0.000 r  
    BUFGCTRL_X0Y16       BUFG                         0.000     0.000 r  system_i/processing_system7_0/inst/buffer_fclk_clk_0.FCLK_CLK_0_BUFG/O
                         net (fo=2984, routed)        0.864     0.864    system_i/clk_wiz_0/inst/clk_in1
    MMCME2_ADV_X1Y0      MMCME2_ADV (Prop_mmcme2_adv_CLKIN1_CLKOUT0)
                                                     -1.467    -0.603 r  system_i/clk_wiz_0/inst/mmcm_adv_inst/CLKOUT0
                         net (fo=1, routed)           0.576    -0.027    system_i/clk_wiz_0/inst/clk_out1_system_clk_wiz_0_0
    BUFGCTRL_X0Y0        BUFG (Prop_bufg_I_O)         0.029     0.002 r  system_i/clk_wiz_0/inst/clkout1_buf/O
                         net (fo=625, routed)         0.818     0.820    system_i/v_axi4s_vid_out_0/inst/COUPLER_INST/generate_async_fifo.FIFO_INST/XPM_FIFO_ASYNC_INST/gnuram_async_fifo.xpm_fifo_base_inst/gen_cdc_pntr.wr_pntr_cdc_inst/dest_clk
    SLICE_X47Y82         FDRE                                         r  system_i/v_axi4s_vid_out_0/inst/COUPLER_INST/generate_async_fifo.FIFO_INST/XPM_FIFO_ASYNC_INST/gnuram_async_fifo.xpm_fifo_base_inst/gen_cdc_pntr.wr_pntr_cdc_inst/dest_graysync_ff_reg[0][6]/C





--------------------------------------------------------------------------------------
Path Group:  (none)
From Clock:  clk_out2_system_clk_wiz_0_0
  To Clock:  

Max Delay             8 Endpoints
Min Delay             8 Endpoints
--------------------------------------------------------------------------------------


Max Delay Paths
--------------------------------------------------------------------------------------
Slack:                    inf
  Source:                 system_i/rgb2dvi_0/U0/DataEncoders[1].DataSerializer/SerializerMaster/CLK
                            (rising edge-triggered cell OSERDESE2 clocked by clk_out2_system_clk_wiz_0_0  {rise@0.000ns fall@3.972ns period=7.943ns})
  Destination:            hdmi_out_data_n[1]
                            (output port)
  Path Group:             (none)
  Path Type:              Max at Slow Process Corner
  Data Path Delay:        2.329ns  (logic 2.328ns (99.957%)  route 0.001ns (0.043%))
  Logic Levels:           1  (OBUFDS=1)
  Clock Uncertainty:      0.234ns  ((TSJ^2 + DJ^2)^1/2) / 2 + PE
    Total System Jitter     (TSJ):    0.050ns
    Discrete Jitter          (DJ):    0.160ns
    Phase Error              (PE):    0.150ns

    Location             Delay type                Incr(ns)  Path(ns)    Netlist Resource(s)
  -------------------------------------------------------------------    -------------------
                         (clock clk_out2_system_clk_wiz_0_0 rise edge)
                                                      0.000     0.000 r  
    BUFGCTRL_X0Y16       BUFG                         0.000     0.000 r  system_i/processing_system7_0/inst/buffer_fclk_clk_0.FCLK_CLK_0_BUFG/O
                         net (fo=2984, routed)        1.806     1.806    system_i/clk_wiz_0/inst/clk_in1
    MMCME2_ADV_X1Y0      MMCME2_ADV (Prop_mmcme2_adv_CLKIN1_CLKOUT1)
                                                     -3.793    -1.987 r  system_i/clk_wiz_0/inst/mmcm_adv_inst/CLKOUT1
                         net (fo=1, routed)           1.889    -0.098    system_i/clk_wiz_0/inst/clk_out2_system_clk_wiz_0_0
    BUFGCTRL_X0Y1        BUFG (Prop_bufg_I_O)         0.101     0.003 r  system_i/clk_wiz_0/inst/clkout2_buf/O
                         net (fo=8, routed)           2.083     2.086    system_i/rgb2dvi_0/U0/DataEncoders[1].DataSerializer/SerialClk
    OLOGIC_X1Y148        OSERDESE2                                    r  system_i/rgb2dvi_0/U0/DataEncoders[1].DataSerializer/SerializerMaster/CLK
  -------------------------------------------------------------------    -------------------
    OLOGIC_X1Y148        OSERDESE2 (Prop_oserdese2_CLK_OQ)
                                                      0.472     2.558 r  system_i/rgb2dvi_0/U0/DataEncoders[1].DataSerializer/SerializerMaster/OQ
                         net (fo=1, routed)           0.001     2.559    system_i/rgb2dvi_0/U0/DataEncoders[1].DataSerializer/sDataOut
    C20                  OBUFDS (Prop_obufds_I_OB)    1.856     4.415 r  system_i/rgb2dvi_0/U0/DataEncoders[1].DataSerializer/OutputBuffer/OB
                         net (fo=0)                   0.000     4.415    hdmi_out_data_n[1]
    B20                                                               r  hdmi_out_data_n[1] (OUT)
  -------------------------------------------------------------------    -------------------

Slack:                    inf
  Source:                 system_i/rgb2dvi_0/U0/DataEncoders[1].DataSerializer/SerializerMaster/CLK
                            (rising edge-triggered cell OSERDESE2 clocked by clk_out2_system_clk_wiz_0_0  {rise@0.000ns fall@3.972ns period=7.943ns})
  Destination:            hdmi_out_data_p[1]
                            (output port)
  Path Group:             (none)
  Path Type:              Max at Slow Process Corner
  Data Path Delay:        2.328ns  (logic 2.327ns (99.957%)  route 0.001ns (0.043%))
  Logic Levels:           1  (OBUFDS=1)
  Clock Uncertainty:      0.234ns  ((TSJ^2 + DJ^2)^1/2) / 2 + PE
    Total System Jitter     (TSJ):    0.050ns
    Discrete Jitter          (DJ):    0.160ns
    Phase Error              (PE):    0.150ns

    Location             Delay type                Incr(ns)  Path(ns)    Netlist Resource(s)
  -------------------------------------------------------------------    -------------------
                         (clock clk_out2_system_clk_wiz_0_0 rise edge)
                                                      0.000     0.000 r  
    BUFGCTRL_X0Y16       BUFG                         0.000     0.000 r  system_i/processing_system7_0/inst/buffer_fclk_clk_0.FCLK_CLK_0_BUFG/O
                         net (fo=2984, routed)        1.806     1.806    system_i/clk_wiz_0/inst/clk_in1
    MMCME2_ADV_X1Y0      MMCME2_ADV (Prop_mmcme2_adv_CLKIN1_CLKOUT1)
                                                     -3.793    -1.987 r  system_i/clk_wiz_0/inst/mmcm_adv_inst/CLKOUT1
                         net (fo=1, routed)           1.889    -0.098    system_i/clk_wiz_0/inst/clk_out2_system_clk_wiz_0_0
    BUFGCTRL_X0Y1        BUFG (Prop_bufg_I_O)         0.101     0.003 r  system_i/clk_wiz_0/inst/clkout2_buf/O
                         net (fo=8, routed)           2.083     2.086    system_i/rgb2dvi_0/U0/DataEncoders[1].DataSerializer/SerialClk
    OLOGIC_X1Y148        OSERDESE2                                    r  system_i/rgb2dvi_0/U0/DataEncoders[1].DataSerializer/SerializerMaster/CLK
  -------------------------------------------------------------------    -------------------
    OLOGIC_X1Y148        OSERDESE2 (Prop_oserdese2_CLK_OQ)
                                                      0.472     2.558 r  system_i/rgb2dvi_0/U0/DataEncoders[1].DataSerializer/SerializerMaster/OQ
                         net (fo=1, routed)           0.001     2.559    system_i/rgb2dvi_0/U0/DataEncoders[1].DataSerializer/sDataOut
    C20                  OBUFDS (Prop_obufds_I_O)     1.855     4.414 r  system_i/rgb2dvi_0/U0/DataEncoders[1].DataSerializer/OutputBuffer/O
                         net (fo=0)                   0.000     4.414    hdmi_out_data_p[1]
    C20                                                               r  hdmi_out_data_p[1] (OUT)
  -------------------------------------------------------------------    -------------------

Slack:                    inf
  Source:                 system_i/rgb2dvi_0/U0/DataEncoders[2].DataSerializer/SerializerMaster/CLK
                            (rising edge-triggered cell OSERDESE2 clocked by clk_out2_system_clk_wiz_0_0  {rise@0.000ns fall@3.972ns period=7.943ns})
  Destination:            hdmi_out_data_n[2]
                            (output port)
  Path Group:             (none)
  Path Type:              Max at Slow Process Corner
  Data Path Delay:        2.326ns  (logic 2.325ns (99.957%)  route 0.001ns (0.043%))
  Logic Levels:           1  (OBUFDS=1)
  Clock Uncertainty:      0.234ns  ((TSJ^2 + DJ^2)^1/2) / 2 + PE
    Total System Jitter     (TSJ):    0.050ns
    Discrete Jitter          (DJ):    0.160ns
    Phase Error              (PE):    0.150ns

    Location             Delay type                Incr(ns)  Path(ns)    Netlist Resource(s)
  -------------------------------------------------------------------    -------------------
                         (clock clk_out2_system_clk_wiz_0_0 rise edge)
                                                      0.000     0.000 r  
    BUFGCTRL_X0Y16       BUFG                         0.000     0.000 r  system_i/processing_system7_0/inst/buffer_fclk_clk_0.FCLK_CLK_0_BUFG/O
                         net (fo=2984, routed)        1.806     1.806    system_i/clk_wiz_0/inst/clk_in1
    MMCME2_ADV_X1Y0      MMCME2_ADV (Prop_mmcme2_adv_CLKIN1_CLKOUT1)
                                                     -3.793    -1.987 r  system_i/clk_wiz_0/inst/mmcm_adv_inst/CLKOUT1
                         net (fo=1, routed)           1.889    -0.098    system_i/clk_wiz_0/inst/clk_out2_system_clk_wiz_0_0
    BUFGCTRL_X0Y1        BUFG (Prop_bufg_I_O)         0.101     0.003 r  system_i/clk_wiz_0/inst/clkout2_buf/O
                         net (fo=8, routed)           2.082     2.085    system_i/rgb2dvi_0/U0/DataEncoders[2].DataSerializer/SerialClk
    OLOGIC_X1Y146        OSERDESE2                                    r  system_i/rgb2dvi_0/U0/DataEncoders[2].DataSerializer/SerializerMaster/CLK
  -------------------------------------------------------------------    -------------------
    OLOGIC_X1Y146        OSERDESE2 (Prop_oserdese2_CLK_OQ)
                                                      0.472     2.557 r  system_i/rgb2dvi_0/U0/DataEncoders[2].DataSerializer/SerializerMaster/OQ
                         net (fo=1, routed)           0.001     2.558    system_i/rgb2dvi_0/U0/DataEncoders[2].DataSerializer/sDataOut
    B19                  OBUFDS (Prop_obufds_I_OB)    1.853     4.411 r  system_i/rgb2dvi_0/U0/DataEncoders[2].DataSerializer/OutputBuffer/OB
                         net (fo=0)                   0.000     4.411    hdmi_out_data_n[2]
    A20                                                               r  hdmi_out_data_n[2] (OUT)
  -------------------------------------------------------------------    -------------------

Slack:                    inf
  Source:                 system_i/rgb2dvi_0/U0/DataEncoders[2].DataSerializer/SerializerMaster/CLK
                            (rising edge-triggered cell OSERDESE2 clocked by clk_out2_system_clk_wiz_0_0  {rise@0.000ns fall@3.972ns period=7.943ns})
  Destination:            hdmi_out_data_p[2]
                            (output port)
  Path Group:             (none)
  Path Type:              Max at Slow Process Corner
  Data Path Delay:        2.325ns  (logic 2.324ns (99.957%)  route 0.001ns (0.043%))
  Logic Levels:           1  (OBUFDS=1)
  Clock Uncertainty:      0.234ns  ((TSJ^2 + DJ^2)^1/2) / 2 + PE
    Total System Jitter     (TSJ):    0.050ns
    Discrete Jitter          (DJ):    0.160ns
    Phase Error              (PE):    0.150ns

    Location             Delay type                Incr(ns)  Path(ns)    Netlist Resource(s)
  -------------------------------------------------------------------    -------------------
                         (clock clk_out2_system_clk_wiz_0_0 rise edge)
                                                      0.000     0.000 r  
    BUFGCTRL_X0Y16       BUFG                         0.000     0.000 r  system_i/processing_system7_0/inst/buffer_fclk_clk_0.FCLK_CLK_0_BUFG/O
                         net (fo=2984, routed)        1.806     1.806    system_i/clk_wiz_0/inst/clk_in1
    MMCME2_ADV_X1Y0      MMCME2_ADV (Prop_mmcme2_adv_CLKIN1_CLKOUT1)
                                                     -3.793    -1.987 r  system_i/clk_wiz_0/inst/mmcm_adv_inst/CLKOUT1
                         net (fo=1, routed)           1.889    -0.098    system_i/clk_wiz_0/inst/clk_out2_system_clk_wiz_0_0
    BUFGCTRL_X0Y1        BUFG (Prop_bufg_I_O)         0.101     0.003 r  system_i/clk_wiz_0/inst/clkout2_buf/O
                         net (fo=8, routed)           2.082     2.085    system_i/rgb2dvi_0/U0/DataEncoders[2].DataSerializer/SerialClk
    OLOGIC_X1Y146        OSERDESE2                                    r  system_i/rgb2dvi_0/U0/DataEncoders[2].DataSerializer/SerializerMaster/CLK
  -------------------------------------------------------------------    -------------------
    OLOGIC_X1Y146        OSERDESE2 (Prop_oserdese2_CLK_OQ)
                                                      0.472     2.557 r  system_i/rgb2dvi_0/U0/DataEncoders[2].DataSerializer/SerializerMaster/OQ
                         net (fo=1, routed)           0.001     2.558    system_i/rgb2dvi_0/U0/DataEncoders[2].DataSerializer/sDataOut
    B19                  OBUFDS (Prop_obufds_I_O)     1.852     4.410 r  system_i/rgb2dvi_0/U0/DataEncoders[2].DataSerializer/OutputBuffer/O
                         net (fo=0)                   0.000     4.410    hdmi_out_data_p[2]
    B19                                                               r  hdmi_out_data_p[2] (OUT)
  -------------------------------------------------------------------    -------------------

Slack:                    inf
  Source:                 system_i/rgb2dvi_0/U0/DataEncoders[0].DataSerializer/SerializerMaster/CLK
                            (rising edge-triggered cell OSERDESE2 clocked by clk_out2_system_clk_wiz_0_0  {rise@0.000ns fall@3.972ns period=7.943ns})
  Destination:            hdmi_out_data_n[0]
                            (output port)
  Path Group:             (none)
  Path Type:              Max at Slow Process Corner
  Data Path Delay:        2.320ns  (logic 2.319ns (99.957%)  route 0.001ns (0.043%))
  Logic Levels:           1  (OBUFDS=1)
  Clock Uncertainty:      0.234ns  ((TSJ^2 + DJ^2)^1/2) / 2 + PE
    Total System Jitter     (TSJ):    0.050ns
    Discrete Jitter          (DJ):    0.160ns
    Phase Error              (PE):    0.150ns

    Location             Delay type                Incr(ns)  Path(ns)    Netlist Resource(s)
  -------------------------------------------------------------------    -------------------
                         (clock clk_out2_system_clk_wiz_0_0 rise edge)
                                                      0.000     0.000 r  
    BUFGCTRL_X0Y16       BUFG                         0.000     0.000 r  system_i/processing_system7_0/inst/buffer_fclk_clk_0.FCLK_CLK_0_BUFG/O
                         net (fo=2984, routed)        1.806     1.806    system_i/clk_wiz_0/inst/clk_in1
    MMCME2_ADV_X1Y0      MMCME2_ADV (Prop_mmcme2_adv_CLKIN1_CLKOUT1)
                                                     -3.793    -1.987 r  system_i/clk_wiz_0/inst/mmcm_adv_inst/CLKOUT1
                         net (fo=1, routed)           1.889    -0.098    system_i/clk_wiz_0/inst/clk_out2_system_clk_wiz_0_0
    BUFGCTRL_X0Y1        BUFG (Prop_bufg_I_O)         0.101     0.003 r  system_i/clk_wiz_0/inst/clkout2_buf/O
                         net (fo=8, routed)           2.080     2.083    system_i/rgb2dvi_0/U0/DataEncoders[0].DataSerializer/SerialClk
    OLOGIC_X1Y142        OSERDESE2                                    r  system_i/rgb2dvi_0/U0/DataEncoders[0].DataSerializer/SerializerMaster/CLK
  -------------------------------------------------------------------    -------------------
    OLOGIC_X1Y142        OSERDESE2 (Prop_oserdese2_CLK_OQ)
                                                      0.472     2.555 r  system_i/rgb2dvi_0/U0/DataEncoders[0].DataSerializer/SerializerMaster/OQ
                         net (fo=1, routed)           0.001     2.556    system_i/rgb2dvi_0/U0/DataEncoders[0].DataSerializer/sDataOut
    D19                  OBUFDS (Prop_obufds_I_OB)    1.847     4.404 r  system_i/rgb2dvi_0/U0/DataEncoders[0].DataSerializer/OutputBuffer/OB
                         net (fo=0)                   0.000     4.404    hdmi_out_data_n[0]
    D20                                                               r  hdmi_out_data_n[0] (OUT)
  -------------------------------------------------------------------    -------------------

Slack:                    inf
  Source:                 system_i/rgb2dvi_0/U0/DataEncoders[0].DataSerializer/SerializerMaster/CLK
                            (rising edge-triggered cell OSERDESE2 clocked by clk_out2_system_clk_wiz_0_0  {rise@0.000ns fall@3.972ns period=7.943ns})
  Destination:            hdmi_out_data_p[0]
                            (output port)
  Path Group:             (none)
  Path Type:              Max at Slow Process Corner
  Data Path Delay:        2.319ns  (logic 2.318ns (99.957%)  route 0.001ns (0.043%))
  Logic Levels:           1  (OBUFDS=1)
  Clock Uncertainty:      0.234ns  ((TSJ^2 + DJ^2)^1/2) / 2 + PE
    Total System Jitter     (TSJ):    0.050ns
    Discrete Jitter          (DJ):    0.160ns
    Phase Error              (PE):    0.150ns

    Location             Delay type                Incr(ns)  Path(ns)    Netlist Resource(s)
  -------------------------------------------------------------------    -------------------
                         (clock clk_out2_system_clk_wiz_0_0 rise edge)
                                                      0.000     0.000 r  
    BUFGCTRL_X0Y16       BUFG                         0.000     0.000 r  system_i/processing_system7_0/inst/buffer_fclk_clk_0.FCLK_CLK_0_BUFG/O
                         net (fo=2984, routed)        1.806     1.806    system_i/clk_wiz_0/inst/clk_in1
    MMCME2_ADV_X1Y0      MMCME2_ADV (Prop_mmcme2_adv_CLKIN1_CLKOUT1)
                                                     -3.793    -1.987 r  system_i/clk_wiz_0/inst/mmcm_adv_inst/CLKOUT1
                         net (fo=1, routed)           1.889    -0.098    system_i/clk_wiz_0/inst/clk_out2_system_clk_wiz_0_0
    BUFGCTRL_X0Y1        BUFG (Prop_bufg_I_O)         0.101     0.003 r  system_i/clk_wiz_0/inst/clkout2_buf/O
                         net (fo=8, routed)           2.080     2.083    system_i/rgb2dvi_0/U0/DataEncoders[0].DataSerializer/SerialClk
    OLOGIC_X1Y142        OSERDESE2                                    r  system_i/rgb2dvi_0/U0/DataEncoders[0].DataSerializer/SerializerMaster/CLK
  -------------------------------------------------------------------    -------------------
    OLOGIC_X1Y142        OSERDESE2 (Prop_oserdese2_CLK_OQ)
                                                      0.472     2.555 r  system_i/rgb2dvi_0/U0/DataEncoders[0].DataSerializer/SerializerMaster/OQ
                         net (fo=1, routed)           0.001     2.556    system_i/rgb2dvi_0/U0/DataEncoders[0].DataSerializer/sDataOut
    D19                  OBUFDS (Prop_obufds_I_O)     1.846     4.403 r  system_i/rgb2dvi_0/U0/DataEncoders[0].DataSerializer/OutputBuffer/O
                         net (fo=0)                   0.000     4.403    hdmi_out_data_p[0]
    D19                                                               r  hdmi_out_data_p[0] (OUT)
  -------------------------------------------------------------------    -------------------

Slack:                    inf
  Source:                 system_i/rgb2dvi_0/U0/ClockSerializer/SerializerMaster/CLK
                            (rising edge-triggered cell OSERDESE2 clocked by clk_out2_system_clk_wiz_0_0  {rise@0.000ns fall@3.972ns period=7.943ns})
  Destination:            hdmi_out_clk_n
                            (output port)
  Path Group:             (none)
  Path Type:              Max at Slow Process Corner
  Data Path Delay:        2.307ns  (logic 2.306ns (99.957%)  route 0.001ns (0.043%))
  Logic Levels:           1  (OBUFDS=1)
  Clock Uncertainty:      0.234ns  ((TSJ^2 + DJ^2)^1/2) / 2 + PE
    Total System Jitter     (TSJ):    0.050ns
    Discrete Jitter          (DJ):    0.160ns
    Phase Error              (PE):    0.150ns

    Location             Delay type                Incr(ns)  Path(ns)    Netlist Resource(s)
  -------------------------------------------------------------------    -------------------
                         (clock clk_out2_system_clk_wiz_0_0 rise edge)
                                                      0.000     0.000 r  
    BUFGCTRL_X0Y16       BUFG                         0.000     0.000 r  system_i/processing_system7_0/inst/buffer_fclk_clk_0.FCLK_CLK_0_BUFG/O
                         net (fo=2984, routed)        1.806     1.806    system_i/clk_wiz_0/inst/clk_in1
    MMCME2_ADV_X1Y0      MMCME2_ADV (Prop_mmcme2_adv_CLKIN1_CLKOUT1)
                                                     -3.793    -1.987 r  system_i/clk_wiz_0/inst/mmcm_adv_inst/CLKOUT1
                         net (fo=1, routed)           1.889    -0.098    system_i/clk_wiz_0/inst/clk_out2_system_clk_wiz_0_0
    BUFGCTRL_X0Y1        BUFG (Prop_bufg_I_O)         0.101     0.003 r  system_i/clk_wiz_0/inst/clkout2_buf/O
                         net (fo=8, routed)           2.064     2.067    system_i/rgb2dvi_0/U0/ClockSerializer/SerialClk
    OLOGIC_X1Y124        OSERDESE2                                    r  system_i/rgb2dvi_0/U0/ClockSerializer/SerializerMaster/CLK
  -------------------------------------------------------------------    -------------------
    OLOGIC_X1Y124        OSERDESE2 (Prop_oserdese2_CLK_OQ)
                                                      0.472     2.539 r  system_i/rgb2dvi_0/U0/ClockSerializer/SerializerMaster/OQ
                         net (fo=1, routed)           0.001     2.540    system_i/rgb2dvi_0/U0/ClockSerializer/sDataOut
    H16                  OBUFDS (Prop_obufds_I_OB)    1.834     4.375 r  system_i/rgb2dvi_0/U0/ClockSerializer/OutputBuffer/OB
                         net (fo=0)                   0.000     4.375    hdmi_out_clk_n
    H17                                                               r  hdmi_out_clk_n (OUT)
  -------------------------------------------------------------------    -------------------

Slack:                    inf
  Source:                 system_i/rgb2dvi_0/U0/ClockSerializer/SerializerMaster/CLK
                            (rising edge-triggered cell OSERDESE2 clocked by clk_out2_system_clk_wiz_0_0  {rise@0.000ns fall@3.972ns period=7.943ns})
  Destination:            hdmi_out_clk_p
                            (output port)
  Path Group:             (none)
  Path Type:              Max at Slow Process Corner
  Data Path Delay:        2.306ns  (logic 2.305ns (99.957%)  route 0.001ns (0.043%))
  Logic Levels:           1  (OBUFDS=1)
  Clock Uncertainty:      0.234ns  ((TSJ^2 + DJ^2)^1/2) / 2 + PE
    Total System Jitter     (TSJ):    0.050ns
    Discrete Jitter          (DJ):    0.160ns
    Phase Error              (PE):    0.150ns

    Location             Delay type                Incr(ns)  Path(ns)    Netlist Resource(s)
  -------------------------------------------------------------------    -------------------
                         (clock clk_out2_system_clk_wiz_0_0 rise edge)
                                                      0.000     0.000 r  
    BUFGCTRL_X0Y16       BUFG                         0.000     0.000 r  system_i/processing_system7_0/inst/buffer_fclk_clk_0.FCLK_CLK_0_BUFG/O
                         net (fo=2984, routed)        1.806     1.806    system_i/clk_wiz_0/inst/clk_in1
    MMCME2_ADV_X1Y0      MMCME2_ADV (Prop_mmcme2_adv_CLKIN1_CLKOUT1)
                                                     -3.793    -1.987 r  system_i/clk_wiz_0/inst/mmcm_adv_inst/CLKOUT1
                         net (fo=1, routed)           1.889    -0.098    system_i/clk_wiz_0/inst/clk_out2_system_clk_wiz_0_0
    BUFGCTRL_X0Y1        BUFG (Prop_bufg_I_O)         0.101     0.003 r  system_i/clk_wiz_0/inst/clkout2_buf/O
                         net (fo=8, routed)           2.064     2.067    system_i/rgb2dvi_0/U0/ClockSerializer/SerialClk
    OLOGIC_X1Y124        OSERDESE2                                    r  system_i/rgb2dvi_0/U0/ClockSerializer/SerializerMaster/CLK
  -------------------------------------------------------------------    -------------------
    OLOGIC_X1Y124        OSERDESE2 (Prop_oserdese2_CLK_OQ)
                                                      0.472     2.539 r  system_i/rgb2dvi_0/U0/ClockSerializer/SerializerMaster/OQ
                         net (fo=1, routed)           0.001     2.540    system_i/rgb2dvi_0/U0/ClockSerializer/sDataOut
    H16                  OBUFDS (Prop_obufds_I_O)     1.833     4.374 r  system_i/rgb2dvi_0/U0/ClockSerializer/OutputBuffer/O
                         net (fo=0)                   0.000     4.374    hdmi_out_clk_p
    H16                                                               r  hdmi_out_clk_p (OUT)
  -------------------------------------------------------------------    -------------------





Min Delay Paths
--------------------------------------------------------------------------------------
Slack:                    inf
  Source:                 system_i/rgb2dvi_0/U0/ClockSerializer/SerializerMaster/CLK
                            (rising edge-triggered cell OSERDESE2 clocked by clk_out2_system_clk_wiz_0_0  {rise@0.000ns fall@3.972ns period=7.943ns})
  Destination:            hdmi_out_clk_p
                            (output port)
  Path Group:             (none)
  Path Type:              Min at Fast Process Corner
  Data Path Delay:        0.961ns  (logic 0.960ns (99.896%)  route 0.001ns (0.104%))
  Logic Levels:           1  (OBUFDS=1)
  Clock Uncertainty:      0.234ns  ((TSJ^2 + DJ^2)^1/2) / 2 + PE
    Total System Jitter     (TSJ):    0.050ns
    Discrete Jitter          (DJ):    0.160ns
    Phase Error              (PE):    0.150ns

    Location             Delay type                Incr(ns)  Path(ns)    Netlist Resource(s)
  -------------------------------------------------------------------    -------------------
                         (clock clk_out2_system_clk_wiz_0_0 rise edge)
                                                      0.000     0.000 r  
    BUFGCTRL_X0Y16       BUFG                         0.000     0.000 r  system_i/processing_system7_0/inst/buffer_fclk_clk_0.FCLK_CLK_0_BUFG/O
                         net (fo=2984, routed)        0.597     0.597    system_i/clk_wiz_0/inst/clk_in1
    MMCME2_ADV_X1Y0      MMCME2_ADV (Prop_mmcme2_adv_CLKIN1_CLKOUT1)
                                                     -1.150    -0.553 r  system_i/clk_wiz_0/inst/mmcm_adv_inst/CLKOUT1
                         net (fo=1, routed)           0.529    -0.024    system_i/clk_wiz_0/inst/clk_out2_system_clk_wiz_0_0
    BUFGCTRL_X0Y1        BUFG (Prop_bufg_I_O)         0.026     0.002 r  system_i/clk_wiz_0/inst/clkout2_buf/O
                         net (fo=8, routed)           0.704     0.706    system_i/rgb2dvi_0/U0/ClockSerializer/SerialClk
    OLOGIC_X1Y124        OSERDESE2                                    r  system_i/rgb2dvi_0/U0/ClockSerializer/SerializerMaster/CLK
  -------------------------------------------------------------------    -------------------
    OLOGIC_X1Y124        OSERDESE2 (Prop_oserdese2_CLK_OQ)
                                                      0.177     0.883 r  system_i/rgb2dvi_0/U0/ClockSerializer/SerializerMaster/OQ
                         net (fo=1, routed)           0.001     0.884    system_i/rgb2dvi_0/U0/ClockSerializer/sDataOut
    H16                  OBUFDS (Prop_obufds_I_O)     0.783     1.667 r  system_i/rgb2dvi_0/U0/ClockSerializer/OutputBuffer/O
                         net (fo=0)                   0.000     1.667    hdmi_out_clk_p
    H16                                                               r  hdmi_out_clk_p (OUT)
  -------------------------------------------------------------------    -------------------

Slack:                    inf
  Source:                 system_i/rgb2dvi_0/U0/ClockSerializer/SerializerMaster/CLK
                            (rising edge-triggered cell OSERDESE2 clocked by clk_out2_system_clk_wiz_0_0  {rise@0.000ns fall@3.972ns period=7.943ns})
  Destination:            hdmi_out_clk_n
                            (output port)
  Path Group:             (none)
  Path Type:              Min at Fast Process Corner
  Data Path Delay:        0.962ns  (logic 0.961ns (99.896%)  route 0.001ns (0.104%))
  Logic Levels:           1  (OBUFDS=1)
  Clock Uncertainty:      0.234ns  ((TSJ^2 + DJ^2)^1/2) / 2 + PE
    Total System Jitter     (TSJ):    0.050ns
    Discrete Jitter          (DJ):    0.160ns
    Phase Error              (PE):    0.150ns

    Location             Delay type                Incr(ns)  Path(ns)    Netlist Resource(s)
  -------------------------------------------------------------------    -------------------
                         (clock clk_out2_system_clk_wiz_0_0 rise edge)
                                                      0.000     0.000 r  
    BUFGCTRL_X0Y16       BUFG                         0.000     0.000 r  system_i/processing_system7_0/inst/buffer_fclk_clk_0.FCLK_CLK_0_BUFG/O
                         net (fo=2984, routed)        0.597     0.597    system_i/clk_wiz_0/inst/clk_in1
    MMCME2_ADV_X1Y0      MMCME2_ADV (Prop_mmcme2_adv_CLKIN1_CLKOUT1)
                                                     -1.150    -0.553 r  system_i/clk_wiz_0/inst/mmcm_adv_inst/CLKOUT1
                         net (fo=1, routed)           0.529    -0.024    system_i/clk_wiz_0/inst/clk_out2_system_clk_wiz_0_0
    BUFGCTRL_X0Y1        BUFG (Prop_bufg_I_O)         0.026     0.002 r  system_i/clk_wiz_0/inst/clkout2_buf/O
                         net (fo=8, routed)           0.704     0.706    system_i/rgb2dvi_0/U0/ClockSerializer/SerialClk
    OLOGIC_X1Y124        OSERDESE2                                    r  system_i/rgb2dvi_0/U0/ClockSerializer/SerializerMaster/CLK
  -------------------------------------------------------------------    -------------------
    OLOGIC_X1Y124        OSERDESE2 (Prop_oserdese2_CLK_OQ)
                                                      0.177     0.883 r  system_i/rgb2dvi_0/U0/ClockSerializer/SerializerMaster/OQ
                         net (fo=1, routed)           0.001     0.884    system_i/rgb2dvi_0/U0/ClockSerializer/sDataOut
    H16                  OBUFDS (Prop_obufds_I_OB)    0.784     1.668 r  system_i/rgb2dvi_0/U0/ClockSerializer/OutputBuffer/OB
                         net (fo=0)                   0.000     1.668    hdmi_out_clk_n
    H17                                                               r  hdmi_out_clk_n (OUT)
  -------------------------------------------------------------------    -------------------

Slack:                    inf
  Source:                 system_i/rgb2dvi_0/U0/DataEncoders[0].DataSerializer/SerializerMaster/CLK
                            (rising edge-triggered cell OSERDESE2 clocked by clk_out2_system_clk_wiz_0_0  {rise@0.000ns fall@3.972ns period=7.943ns})
  Destination:            hdmi_out_data_p[0]
                            (output port)
  Path Group:             (none)
  Path Type:              Min at Fast Process Corner
  Data Path Delay:        0.973ns  (logic 0.972ns (99.897%)  route 0.001ns (0.103%))
  Logic Levels:           1  (OBUFDS=1)
  Clock Uncertainty:      0.234ns  ((TSJ^2 + DJ^2)^1/2) / 2 + PE
    Total System Jitter     (TSJ):    0.050ns
    Discrete Jitter          (DJ):    0.160ns
    Phase Error              (PE):    0.150ns

    Location             Delay type                Incr(ns)  Path(ns)    Netlist Resource(s)
  -------------------------------------------------------------------    -------------------
                         (clock clk_out2_system_clk_wiz_0_0 rise edge)
                                                      0.000     0.000 r  
    BUFGCTRL_X0Y16       BUFG                         0.000     0.000 r  system_i/processing_system7_0/inst/buffer_fclk_clk_0.FCLK_CLK_0_BUFG/O
                         net (fo=2984, routed)        0.597     0.597    system_i/clk_wiz_0/inst/clk_in1
    MMCME2_ADV_X1Y0      MMCME2_ADV (Prop_mmcme2_adv_CLKIN1_CLKOUT1)
                                                     -1.150    -0.553 r  system_i/clk_wiz_0/inst/mmcm_adv_inst/CLKOUT1
                         net (fo=1, routed)           0.529    -0.024    system_i/clk_wiz_0/inst/clk_out2_system_clk_wiz_0_0
    BUFGCTRL_X0Y1        BUFG (Prop_bufg_I_O)         0.026     0.002 r  system_i/clk_wiz_0/inst/clkout2_buf/O
                         net (fo=8, routed)           0.711     0.713    system_i/rgb2dvi_0/U0/DataEncoders[0].DataSerializer/SerialClk
    OLOGIC_X1Y142        OSERDESE2                                    r  system_i/rgb2dvi_0/U0/DataEncoders[0].DataSerializer/SerializerMaster/CLK
  -------------------------------------------------------------------    -------------------
    OLOGIC_X1Y142        OSERDESE2 (Prop_oserdese2_CLK_OQ)
                                                      0.177     0.890 r  system_i/rgb2dvi_0/U0/DataEncoders[0].DataSerializer/SerializerMaster/OQ
                         net (fo=1, routed)           0.001     0.891    system_i/rgb2dvi_0/U0/DataEncoders[0].DataSerializer/sDataOut
    D19                  OBUFDS (Prop_obufds_I_O)     0.795     1.686 r  system_i/rgb2dvi_0/U0/DataEncoders[0].DataSerializer/OutputBuffer/O
                         net (fo=0)                   0.000     1.686    hdmi_out_data_p[0]
    D19                                                               r  hdmi_out_data_p[0] (OUT)
  -------------------------------------------------------------------    -------------------

Slack:                    inf
  Source:                 system_i/rgb2dvi_0/U0/DataEncoders[0].DataSerializer/SerializerMaster/CLK
                            (rising edge-triggered cell OSERDESE2 clocked by clk_out2_system_clk_wiz_0_0  {rise@0.000ns fall@3.972ns period=7.943ns})
  Destination:            hdmi_out_data_n[0]
                            (output port)
  Path Group:             (none)
  Path Type:              Min at Fast Process Corner
  Data Path Delay:        0.974ns  (logic 0.973ns (99.897%)  route 0.001ns (0.103%))
  Logic Levels:           1  (OBUFDS=1)
  Clock Uncertainty:      0.234ns  ((TSJ^2 + DJ^2)^1/2) / 2 + PE
    Total System Jitter     (TSJ):    0.050ns
    Discrete Jitter          (DJ):    0.160ns
    Phase Error              (PE):    0.150ns

    Location             Delay type                Incr(ns)  Path(ns)    Netlist Resource(s)
  -------------------------------------------------------------------    -------------------
                         (clock clk_out2_system_clk_wiz_0_0 rise edge)
                                                      0.000     0.000 r  
    BUFGCTRL_X0Y16       BUFG                         0.000     0.000 r  system_i/processing_system7_0/inst/buffer_fclk_clk_0.FCLK_CLK_0_BUFG/O
                         net (fo=2984, routed)        0.597     0.597    system_i/clk_wiz_0/inst/clk_in1
    MMCME2_ADV_X1Y0      MMCME2_ADV (Prop_mmcme2_adv_CLKIN1_CLKOUT1)
                                                     -1.150    -0.553 r  system_i/clk_wiz_0/inst/mmcm_adv_inst/CLKOUT1
                         net (fo=1, routed)           0.529    -0.024    system_i/clk_wiz_0/inst/clk_out2_system_clk_wiz_0_0
    BUFGCTRL_X0Y1        BUFG (Prop_bufg_I_O)         0.026     0.002 r  system_i/clk_wiz_0/inst/clkout2_buf/O
                         net (fo=8, routed)           0.711     0.713    system_i/rgb2dvi_0/U0/DataEncoders[0].DataSerializer/SerialClk
    OLOGIC_X1Y142        OSERDESE2                                    r  system_i/rgb2dvi_0/U0/DataEncoders[0].DataSerializer/SerializerMaster/CLK
  -------------------------------------------------------------------    -------------------
    OLOGIC_X1Y142        OSERDESE2 (Prop_oserdese2_CLK_OQ)
                                                      0.177     0.890 r  system_i/rgb2dvi_0/U0/DataEncoders[0].DataSerializer/SerializerMaster/OQ
                         net (fo=1, routed)           0.001     0.891    system_i/rgb2dvi_0/U0/DataEncoders[0].DataSerializer/sDataOut
    D19                  OBUFDS (Prop_obufds_I_OB)    0.796     1.687 r  system_i/rgb2dvi_0/U0/DataEncoders[0].DataSerializer/OutputBuffer/OB
                         net (fo=0)                   0.000     1.687    hdmi_out_data_n[0]
    D20                                                               r  hdmi_out_data_n[0] (OUT)
  -------------------------------------------------------------------    -------------------

Slack:                    inf
  Source:                 system_i/rgb2dvi_0/U0/DataEncoders[2].DataSerializer/SerializerMaster/CLK
                            (rising edge-triggered cell OSERDESE2 clocked by clk_out2_system_clk_wiz_0_0  {rise@0.000ns fall@3.972ns period=7.943ns})
  Destination:            hdmi_out_data_p[2]
                            (output port)
  Path Group:             (none)
  Path Type:              Min at Fast Process Corner
  Data Path Delay:        0.979ns  (logic 0.978ns (99.898%)  route 0.001ns (0.102%))
  Logic Levels:           1  (OBUFDS=1)
  Clock Uncertainty:      0.234ns  ((TSJ^2 + DJ^2)^1/2) / 2 + PE
    Total System Jitter     (TSJ):    0.050ns
    Discrete Jitter          (DJ):    0.160ns
    Phase Error              (PE):    0.150ns

    Location             Delay type                Incr(ns)  Path(ns)    Netlist Resource(s)
  -------------------------------------------------------------------    -------------------
                         (clock clk_out2_system_clk_wiz_0_0 rise edge)
                                                      0.000     0.000 r  
    BUFGCTRL_X0Y16       BUFG                         0.000     0.000 r  system_i/processing_system7_0/inst/buffer_fclk_clk_0.FCLK_CLK_0_BUFG/O
                         net (fo=2984, routed)        0.597     0.597    system_i/clk_wiz_0/inst/clk_in1
    MMCME2_ADV_X1Y0      MMCME2_ADV (Prop_mmcme2_adv_CLKIN1_CLKOUT1)
                                                     -1.150    -0.553 r  system_i/clk_wiz_0/inst/mmcm_adv_inst/CLKOUT1
                         net (fo=1, routed)           0.529    -0.024    system_i/clk_wiz_0/inst/clk_out2_system_clk_wiz_0_0
    BUFGCTRL_X0Y1        BUFG (Prop_bufg_I_O)         0.026     0.002 r  system_i/clk_wiz_0/inst/clkout2_buf/O
                         net (fo=8, routed)           0.712     0.714    system_i/rgb2dvi_0/U0/DataEncoders[2].DataSerializer/SerialClk
    OLOGIC_X1Y146        OSERDESE2                                    r  system_i/rgb2dvi_0/U0/DataEncoders[2].DataSerializer/SerializerMaster/CLK
  -------------------------------------------------------------------    -------------------
    OLOGIC_X1Y146        OSERDESE2 (Prop_oserdese2_CLK_OQ)
                                                      0.177     0.891 r  system_i/rgb2dvi_0/U0/DataEncoders[2].DataSerializer/SerializerMaster/OQ
                         net (fo=1, routed)           0.001     0.892    system_i/rgb2dvi_0/U0/DataEncoders[2].DataSerializer/sDataOut
    B19                  OBUFDS (Prop_obufds_I_O)     0.801     1.693 r  system_i/rgb2dvi_0/U0/DataEncoders[2].DataSerializer/OutputBuffer/O
                         net (fo=0)                   0.000     1.693    hdmi_out_data_p[2]
    B19                                                               r  hdmi_out_data_p[2] (OUT)
  -------------------------------------------------------------------    -------------------

Slack:                    inf
  Source:                 system_i/rgb2dvi_0/U0/DataEncoders[2].DataSerializer/SerializerMaster/CLK
                            (rising edge-triggered cell OSERDESE2 clocked by clk_out2_system_clk_wiz_0_0  {rise@0.000ns fall@3.972ns period=7.943ns})
  Destination:            hdmi_out_data_n[2]
                            (output port)
  Path Group:             (none)
  Path Type:              Min at Fast Process Corner
  Data Path Delay:        0.980ns  (logic 0.979ns (99.898%)  route 0.001ns (0.102%))
  Logic Levels:           1  (OBUFDS=1)
  Clock Uncertainty:      0.234ns  ((TSJ^2 + DJ^2)^1/2) / 2 + PE
    Total System Jitter     (TSJ):    0.050ns
    Discrete Jitter          (DJ):    0.160ns
    Phase Error              (PE):    0.150ns

    Location             Delay type                Incr(ns)  Path(ns)    Netlist Resource(s)
  -------------------------------------------------------------------    -------------------
                         (clock clk_out2_system_clk_wiz_0_0 rise edge)
                                                      0.000     0.000 r  
    BUFGCTRL_X0Y16       BUFG                         0.000     0.000 r  system_i/processing_system7_0/inst/buffer_fclk_clk_0.FCLK_CLK_0_BUFG/O
                         net (fo=2984, routed)        0.597     0.597    system_i/clk_wiz_0/inst/clk_in1
    MMCME2_ADV_X1Y0      MMCME2_ADV (Prop_mmcme2_adv_CLKIN1_CLKOUT1)
                                                     -1.150    -0.553 r  system_i/clk_wiz_0/inst/mmcm_adv_inst/CLKOUT1
                         net (fo=1, routed)           0.529    -0.024    system_i/clk_wiz_0/inst/clk_out2_system_clk_wiz_0_0
    BUFGCTRL_X0Y1        BUFG (Prop_bufg_I_O)         0.026     0.002 r  system_i/clk_wiz_0/inst/clkout2_buf/O
                         net (fo=8, routed)           0.712     0.714    system_i/rgb2dvi_0/U0/DataEncoders[2].DataSerializer/SerialClk
    OLOGIC_X1Y146        OSERDESE2                                    r  system_i/rgb2dvi_0/U0/DataEncoders[2].DataSerializer/SerializerMaster/CLK
  -------------------------------------------------------------------    -------------------
    OLOGIC_X1Y146        OSERDESE2 (Prop_oserdese2_CLK_OQ)
                                                      0.177     0.891 r  system_i/rgb2dvi_0/U0/DataEncoders[2].DataSerializer/SerializerMaster/OQ
                         net (fo=1, routed)           0.001     0.892    system_i/rgb2dvi_0/U0/DataEncoders[2].DataSerializer/sDataOut
    B19                  OBUFDS (Prop_obufds_I_OB)    0.802     1.694 r  system_i/rgb2dvi_0/U0/DataEncoders[2].DataSerializer/OutputBuffer/OB
                         net (fo=0)                   0.000     1.694    hdmi_out_data_n[2]
    A20                                                               r  hdmi_out_data_n[2] (OUT)
  -------------------------------------------------------------------    -------------------

Slack:                    inf
  Source:                 system_i/rgb2dvi_0/U0/DataEncoders[1].DataSerializer/SerializerMaster/CLK
                            (rising edge-triggered cell OSERDESE2 clocked by clk_out2_system_clk_wiz_0_0  {rise@0.000ns fall@3.972ns period=7.943ns})
  Destination:            hdmi_out_data_p[1]
                            (output port)
  Path Group:             (none)
  Path Type:              Min at Fast Process Corner
  Data Path Delay:        0.982ns  (logic 0.981ns (99.898%)  route 0.001ns (0.102%))
  Logic Levels:           1  (OBUFDS=1)
  Clock Uncertainty:      0.234ns  ((TSJ^2 + DJ^2)^1/2) / 2 + PE
    Total System Jitter     (TSJ):    0.050ns
    Discrete Jitter          (DJ):    0.160ns
    Phase Error              (PE):    0.150ns

    Location             Delay type                Incr(ns)  Path(ns)    Netlist Resource(s)
  -------------------------------------------------------------------    -------------------
                         (clock clk_out2_system_clk_wiz_0_0 rise edge)
                                                      0.000     0.000 r  
    BUFGCTRL_X0Y16       BUFG                         0.000     0.000 r  system_i/processing_system7_0/inst/buffer_fclk_clk_0.FCLK_CLK_0_BUFG/O
                         net (fo=2984, routed)        0.597     0.597    system_i/clk_wiz_0/inst/clk_in1
    MMCME2_ADV_X1Y0      MMCME2_ADV (Prop_mmcme2_adv_CLKIN1_CLKOUT1)
                                                     -1.150    -0.553 r  system_i/clk_wiz_0/inst/mmcm_adv_inst/CLKOUT1
                         net (fo=1, routed)           0.529    -0.024    system_i/clk_wiz_0/inst/clk_out2_system_clk_wiz_0_0
    BUFGCTRL_X0Y1        BUFG (Prop_bufg_I_O)         0.026     0.002 r  system_i/clk_wiz_0/inst/clkout2_buf/O
                         net (fo=8, routed)           0.713     0.715    system_i/rgb2dvi_0/U0/DataEncoders[1].DataSerializer/SerialClk
    OLOGIC_X1Y148        OSERDESE2                                    r  system_i/rgb2dvi_0/U0/DataEncoders[1].DataSerializer/SerializerMaster/CLK
  -------------------------------------------------------------------    -------------------
    OLOGIC_X1Y148        OSERDESE2 (Prop_oserdese2_CLK_OQ)
                                                      0.177     0.892 r  system_i/rgb2dvi_0/U0/DataEncoders[1].DataSerializer/SerializerMaster/OQ
                         net (fo=1, routed)           0.001     0.893    system_i/rgb2dvi_0/U0/DataEncoders[1].DataSerializer/sDataOut
    C20                  OBUFDS (Prop_obufds_I_O)     0.804     1.697 r  system_i/rgb2dvi_0/U0/DataEncoders[1].DataSerializer/OutputBuffer/O
                         net (fo=0)                   0.000     1.697    hdmi_out_data_p[1]
    C20                                                               r  hdmi_out_data_p[1] (OUT)
  -------------------------------------------------------------------    -------------------

Slack:                    inf
  Source:                 system_i/rgb2dvi_0/U0/DataEncoders[1].DataSerializer/SerializerMaster/CLK
                            (rising edge-triggered cell OSERDESE2 clocked by clk_out2_system_clk_wiz_0_0  {rise@0.000ns fall@3.972ns period=7.943ns})
  Destination:            hdmi_out_data_n[1]
                            (output port)
  Path Group:             (none)
  Path Type:              Min at Fast Process Corner
  Data Path Delay:        0.983ns  (logic 0.982ns (99.898%)  route 0.001ns (0.102%))
  Logic Levels:           1  (OBUFDS=1)
  Clock Uncertainty:      0.234ns  ((TSJ^2 + DJ^2)^1/2) / 2 + PE
    Total System Jitter     (TSJ):    0.050ns
    Discrete Jitter          (DJ):    0.160ns
    Phase Error              (PE):    0.150ns

    Location             Delay type                Incr(ns)  Path(ns)    Netlist Resource(s)
  -------------------------------------------------------------------    -------------------
                         (clock clk_out2_system_clk_wiz_0_0 rise edge)
                                                      0.000     0.000 r  
    BUFGCTRL_X0Y16       BUFG                         0.000     0.000 r  system_i/processing_system7_0/inst/buffer_fclk_clk_0.FCLK_CLK_0_BUFG/O
                         net (fo=2984, routed)        0.597     0.597    system_i/clk_wiz_0/inst/clk_in1
    MMCME2_ADV_X1Y0      MMCME2_ADV (Prop_mmcme2_adv_CLKIN1_CLKOUT1)
                                                     -1.150    -0.553 r  system_i/clk_wiz_0/inst/mmcm_adv_inst/CLKOUT1
                         net (fo=1, routed)           0.529    -0.024    system_i/clk_wiz_0/inst/clk_out2_system_clk_wiz_0_0
    BUFGCTRL_X0Y1        BUFG (Prop_bufg_I_O)         0.026     0.002 r  system_i/clk_wiz_0/inst/clkout2_buf/O
                         net (fo=8, routed)           0.713     0.715    system_i/rgb2dvi_0/U0/DataEncoders[1].DataSerializer/SerialClk
    OLOGIC_X1Y148        OSERDESE2                                    r  system_i/rgb2dvi_0/U0/DataEncoders[1].DataSerializer/SerializerMaster/CLK
  -------------------------------------------------------------------    -------------------
    OLOGIC_X1Y148        OSERDESE2 (Prop_oserdese2_CLK_OQ)
                                                      0.177     0.892 r  system_i/rgb2dvi_0/U0/DataEncoders[1].DataSerializer/SerializerMaster/OQ
                         net (fo=1, routed)           0.001     0.893    system_i/rgb2dvi_0/U0/DataEncoders[1].DataSerializer/sDataOut
    C20                  OBUFDS (Prop_obufds_I_OB)    0.805     1.698 r  system_i/rgb2dvi_0/U0/DataEncoders[1].DataSerializer/OutputBuffer/OB
                         net (fo=0)                   0.000     1.698    hdmi_out_data_n[1]
    B20                                                               r  hdmi_out_data_n[1] (OUT)
  -------------------------------------------------------------------    -------------------





--------------------------------------------------------------------------------------
Path Group:  (none)
From Clock:  
  To Clock:  clk_fpga_0

Max Delay             1 Endpoint
Min Delay             1 Endpoint
--------------------------------------------------------------------------------------


Max Delay Paths
--------------------------------------------------------------------------------------
Slack:                    inf
  Source:                 system_i/clk_wiz_0/inst/mmcm_adv_inst/LOCKED
                            (internal pin)
  Destination:            system_i/rst_100M/U0/EXT_LPF/lpf_int_reg/D
                            (rising edge-triggered cell FDRE clocked by clk_fpga_0  {rise@0.000ns fall@5.000ns period=10.000ns})
  Path Group:             (none)
  Path Type:              Setup (Max at Slow Process Corner)
  Data Path Delay:        4.773ns  (logic 0.124ns (2.598%)  route 4.649ns (97.402%))
  Logic Levels:           1  (LUT4=1)
  Clock Uncertainty:      0.152ns  ((TSJ^2 + TIJ^2)^1/2 + DJ) / 2 + PE
    Total System Jitter     (TSJ):    0.050ns
    Total Input Jitter      (TIJ):    0.300ns
    Discrete Jitter          (DJ):    0.000ns
    Phase Error              (PE):    0.000ns

    Location             Delay type                Incr(ns)  Path(ns)    Netlist Resource(s)
  -------------------------------------------------------------------    -------------------
    MMCME2_ADV_X1Y0      MMCME2_ADV                   0.000     0.000 f  system_i/clk_wiz_0/inst/mmcm_adv_inst/LOCKED
                         net (fo=3, routed)           4.649     4.649    system_i/rst_100M/U0/EXT_LPF/dcm_locked
    SLICE_X46Y105        LUT4 (Prop_lut4_I0_O)        0.124     4.773 r  system_i/rst_100M/U0/EXT_LPF/lpf_int0/O
                         net (fo=1, routed)           0.000     4.773    system_i/rst_100M/U0/EXT_LPF/lpf_int0__0
    SLICE_X46Y105        FDRE                                         r  system_i/rst_100M/U0/EXT_LPF/lpf_int_reg/D
  -------------------------------------------------------------------    -------------------

                         (clock clk_fpga_0 rise edge)
                                                      0.000     0.000 r  
    PS7_X0Y0             PS7                          0.000     0.000 r  system_i/processing_system7_0/inst/PS7_i/FCLKCLK[0]
                         net (fo=1, routed)           1.088     1.088    system_i/processing_system7_0/inst/FCLK_CLK_unbuffered[0]
    BUFGCTRL_X0Y16       BUFG (Prop_bufg_I_O)         0.091     1.179 r  system_i/processing_system7_0/inst/buffer_fclk_clk_0.FCLK_CLK_0_BUFG/O
                         net (fo=2984, routed)        1.652     2.831    system_i/rst_100M/U0/EXT_LPF/slowest_sync_clk
    SLICE_X46Y105        FDRE                                         r  system_i/rst_100M/U0/EXT_LPF/lpf_int_reg/C





Min Delay Paths
--------------------------------------------------------------------------------------
Slack:                    inf
  Source:                 system_i/clk_wiz_0/inst/mmcm_adv_inst/LOCKED
                            (internal pin)
  Destination:            system_i/rst_100M/U0/EXT_LPF/lpf_int_reg/D
                            (rising edge-triggered cell FDRE clocked by clk_fpga_0  {rise@0.000ns fall@5.000ns period=10.000ns})
  Path Group:             (none)
  Path Type:              Hold (Min at Fast Process Corner)
  Data Path Delay:        1.984ns  (logic 0.045ns (2.268%)  route 1.939ns (97.732%))
  Logic Levels:           1  (LUT4=1)
  Clock Uncertainty:      0.152ns  ((TSJ^2 + TIJ^2)^1/2 + DJ) / 2 + PE
    Total System Jitter     (TSJ):    0.050ns
    Total Input Jitter      (TIJ):    0.300ns
    Discrete Jitter          (DJ):    0.000ns
    Phase Error              (PE):    0.000ns

    Location             Delay type                Incr(ns)  Path(ns)    Netlist Resource(s)
  -------------------------------------------------------------------    -------------------
    MMCME2_ADV_X1Y0      MMCME2_ADV                   0.000     0.000 f  system_i/clk_wiz_0/inst/mmcm_adv_inst/LOCKED
                         net (fo=3, routed)           1.939     1.939    system_i/rst_100M/U0/EXT_LPF/dcm_locked
    SLICE_X46Y105        LUT4 (Prop_lut4_I0_O)        0.045     1.984 r  system_i/rst_100M/U0/EXT_LPF/lpf_int0/O
                         net (fo=1, routed)           0.000     1.984    system_i/rst_100M/U0/EXT_LPF/lpf_int0__0
    SLICE_X46Y105        FDRE                                         r  system_i/rst_100M/U0/EXT_LPF/lpf_int_reg/D
  -------------------------------------------------------------------    -------------------

                         (clock clk_fpga_0 rise edge)
                                                      0.000     0.000 r  
    PS7_X0Y0             PS7                          0.000     0.000 r  system_i/processing_system7_0/inst/PS7_i/FCLKCLK[0]
                         net (fo=1, routed)           0.337     0.337    system_i/processing_system7_0/inst/FCLK_CLK_unbuffered[0]
    BUFGCTRL_X0Y16       BUFG (Prop_bufg_I_O)         0.029     0.366 r  system_i/processing_system7_0/inst/buffer_fclk_clk_0.FCLK_CLK_0_BUFG/O
                         net (fo=2984, routed)        0.910     1.276    system_i/rst_100M/U0/EXT_LPF/slowest_sync_clk
    SLICE_X46Y105        FDRE                                         r  system_i/rst_100M/U0/EXT_LPF/lpf_int_reg/C





--------------------------------------------------------------------------------------
Path Group:  (none)
From Clock:  
  To Clock:  clk_out1_system_clk_wiz_0_0

Max Delay             1 Endpoint
Min Delay             1 Endpoint
--------------------------------------------------------------------------------------


Max Delay Paths
--------------------------------------------------------------------------------------
Slack:                    inf
  Source:                 system_i/clk_wiz_0/inst/mmcm_adv_inst/LOCKED
                            (internal pin)
  Destination:            system_i/rst_pix/U0/EXT_LPF/lpf_int_reg/D
                            (rising edge-triggered cell FDRE clocked by clk_out1_system_clk_wiz_0_0  {rise@0.000ns fall@19.858ns period=39.716ns})
  Path Group:             (none)
  Path Type:              Setup (Max at Slow Process Corner)
  Data Path Delay:        3.838ns  (logic 0.124ns (3.231%)  route 3.714ns (96.769%))
  Logic Levels:           1  (LUT4=1)
  Clock Uncertainty:      0.267ns  ((TSJ^2 + DJ^2)^1/2) / 2 + PE
    Total System Jitter     (TSJ):    0.050ns
    Discrete Jitter          (DJ):    0.228ns
    Phase Error              (PE):    0.150ns

    Location             Delay type                Incr(ns)  Path(ns)    Netlist Resource(s)
  -------------------------------------------------------------------    -------------------
    MMCME2_ADV_X1Y0      MMCME2_ADV                   0.000     0.000 f  system_i/clk_wiz_0/inst/mmcm_adv_inst/LOCKED
                         net (fo=3, routed)           3.714     3.714    system_i/rst_pix/U0/EXT_LPF/dcm_locked
    SLICE_X66Y103        LUT4 (Prop_lut4_I0_O)        0.124     3.838 r  system_i/rst_pix/U0/EXT_LPF/lpf_int0/O
                         net (fo=1, routed)           0.000     3.838    system_i/rst_pix/U0/EXT_LPF/lpf_int0__0
    SLICE_X66Y103        FDRE                                         r  system_i/rst_pix/U0/EXT_LPF/lpf_int_reg/D
  -------------------------------------------------------------------    -------------------

                         (clock clk_out1_system_clk_wiz_0_0 rise edge)
                                                      0.000     0.000 r  
    BUFGCTRL_X0Y16       BUFG                         0.000     0.000 r  system_i/processing_system7_0/inst/buffer_fclk_clk_0.FCLK_CLK_0_BUFG/O
                         net (fo=2984, routed)        1.612     1.612    system_i/clk_wiz_0/inst/clk_in1
    MMCME2_ADV_X1Y0      MMCME2_ADV (Prop_mmcme2_adv_CLKIN1_CLKOUT0)
                                                     -3.425    -1.813 r  system_i/clk_wiz_0/inst/mmcm_adv_inst/CLKOUT0
                         net (fo=1, routed)           1.725    -0.088    system_i/clk_wiz_0/inst/clk_out1_system_clk_wiz_0_0
    BUFGCTRL_X0Y0        BUFG (Prop_bufg_I_O)         0.091     0.003 r  system_i/clk_wiz_0/inst/clkout1_buf/O
                         net (fo=625, routed)         1.718     1.721    system_i/rst_pix/U0/EXT_LPF/slowest_sync_clk
    SLICE_X66Y103        FDRE                                         r  system_i/rst_pix/U0/EXT_LPF/lpf_int_reg/C





Min Delay Paths
--------------------------------------------------------------------------------------
Slack:                    inf
  Source:                 system_i/clk_wiz_0/inst/mmcm_adv_inst/LOCKED
                            (internal pin)
  Destination:            system_i/rst_pix/U0/EXT_LPF/lpf_int_reg/D
                            (rising edge-triggered cell FDRE clocked by clk_out1_system_clk_wiz_0_0  {rise@0.000ns fall@19.858ns period=39.716ns})
  Path Group:             (none)
  Path Type:              Hold (Min at Fast Process Corner)
  Data Path Delay:        1.590ns  (logic 0.045ns (2.831%)  route 1.545ns (97.169%))
  Logic Levels:           1  (LUT4=1)
  Clock Uncertainty:      0.267ns  ((TSJ^2 + DJ^2)^1/2) / 2 + PE
    Total System Jitter     (TSJ):    0.050ns
    Discrete Jitter          (DJ):    0.228ns
    Phase Error              (PE):    0.150ns

    Location             Delay type                Incr(ns)  Path(ns)    Netlist Resource(s)
  -------------------------------------------------------------------    -------------------
    MMCME2_ADV_X1Y0      MMCME2_ADV                   0.000     0.000 f  system_i/clk_wiz_0/inst/mmcm_adv_inst/LOCKED
                         net (fo=3, routed)           1.545     1.545    system_i/rst_pix/U0/EXT_LPF/dcm_locked
    SLICE_X66Y103        LUT4 (Prop_lut4_I0_O)        0.045     1.590 r  system_i/rst_pix/U0/EXT_LPF/lpf_int0/O
                         net (fo=1, routed)           0.000     1.590    system_i/rst_pix/U0/EXT_LPF/lpf_int0__0
    SLICE_X66Y103        FDRE                                         r  system_i/rst_pix/U0/EXT_LPF/lpf_int_reg/D
  -------------------------------------------------------------------    -------------------

                         (clock clk_out1_system_clk_wiz_0_0 rise edge)
                                                      0.000     0.000 r  
    BUFGCTRL_X0Y16       BUFG                         0.000     0.000 r  system_i/processing_system7_0/inst/buffer_fclk_clk_0.FCLK_CLK_0_BUFG/O
                         net (fo=2984, routed)        0.864     0.864    system_i/clk_wiz_0/inst/clk_in1
    MMCME2_ADV_X1Y0      MMCME2_ADV (Prop_mmcme2_adv_CLKIN1_CLKOUT0)
                                                     -1.467    -0.603 r  system_i/clk_wiz_0/inst/mmcm_adv_inst/CLKOUT0
                         net (fo=1, routed)           0.576    -0.027    system_i/clk_wiz_0/inst/clk_out1_system_clk_wiz_0_0
    BUFGCTRL_X0Y0        BUFG (Prop_bufg_I_O)         0.029     0.002 r  system_i/clk_wiz_0/inst/clkout1_buf/O
                         net (fo=625, routed)         0.936     0.938    system_i/rst_pix/U0/EXT_LPF/slowest_sync_clk
    SLICE_X66Y103        FDRE                                         r  system_i/rst_pix/U0/EXT_LPF/lpf_int_reg/C





